[108月2026 21:10:03.593] [main/INFO] [cpw.mods.modlauncher.Launcher/MODLAUNCHER]: ModLauncher running: args [--username, kamishiro121, --version, 齿轮星都, --gameDir, E:\MC_PCL2\.minecraft\versions\齿轮星都, --assetsDir, E:\MC_PCL2\.minecraft\assets, --assetIndex, 17, --uuid, 95ef0c5286b940d686a40b56ef6a3594, --accessToken, ❄❄❄❄❄❄❄❄, --clientId, ${clientid}, --xuid, ${auth_xuid}, --userType, msa, --versionType, PCL, --width, 854, --height, 480, --fml.neoForgeVersion, 21.1.248, --fml.fmlVersion, 4.0.43, --fml.mcVersion, 1.21.1, --fml.neoFormVersion, 20240808.144430, --launchTarget, forgeclient]
[108月2026 21:10:03.596] [main/INFO] [cpw.mods.modlauncher.Launcher/MODLAUNCHER]: JVM identified as Microsoft OpenJDK 64-Bit Server VM 21.0.7+6-LTS
[108月2026 21:10:03.597] [main/INFO] [cpw.mods.modlauncher.Launcher/MODLAUNCHER]: ModLauncher 11.0.5+main.901c6ea8 starting: java version 21.0.7 by Microsoft; OS Windows 11 arch amd64 version 10.0
[108月2026 21:10:04.055] [main/INFO] [Sodium-GraphicsAdapterProbe/]: Searching for graphics cards...
[108月2026 21:10:04.165] [main/INFO] [Sodium-GraphicsAdapterProbe/]: Found graphics adapter: AdapterInfo{vendor=NVIDIA, description='NVIDIA GeForce RTX 3060', adapterType=0x0000031B, openglIcdFilePath='C:\Windows\System32\DriverStore\FileRepository\nv_dispig.inf_amd64_0afec3f2050014a0\nvoglv64.dll', openglIcdVersion=32.0.15.6094}
[108月2026 21:10:04.169] [main/WARN] [Sodium-Workarounds/]: Sodium has applied one or more workarounds to prevent crashes or other issues on your system: [NVIDIA_THREADED_OPTIMIZATIONS_BROKEN]
[108月2026 21:10:04.169] [main/WARN] [Sodium-Workarounds/]: This is not necessarily an issue, but it may result in certain features or optimizations being disabled. You can sometimes fix these issues by upgrading your graphics driver.
[108月2026 21:10:04.169] [main/INFO] [Sodium-NvidiaWorkarounds/]: Modifying process environment to apply workarounds for the NVIDIA graphics driver...
[108月2026 21:10:04.170] [main/INFO] [net.neoforged.fml.loading.ImmediateWindowHandler/]: Loading ImmediateWindowProvider fmlearlywindow
[108月2026 21:10:04.215] [main/INFO] [EARLYDISPLAY/]: Trying GL version 4.6
[108月2026 21:10:04.356] [main/INFO] [EARLYDISPLAY/]: Requested GL version 4.6 got version 4.6
[108月2026 21:10:04.436] [main/INFO] [mixin/]: SpongePowered MIXIN Subsystem Version=0.8.7 Source=union:/E:/MC_PCL2/.minecraft/libraries/net/fabricmc/sponge-mixin/0.15.2+mixin.0.8.7/sponge-mixin-0.15.2+mixin.0.8.7.jar%23175!/ Service=ModLauncher Env=CLIENT
[108月2026 21:10:04.579] [pool-2-thread-1/INFO] [EARLYDISPLAY/]: GL info: NVIDIA GeForce RTX 3060/PCIe/SSE2 GL version 4.6.0 NVIDIA 560.94, NVIDIA Corporation
[108月2026 21:10:05.716] [main/INFO] [net.neoforged.fml.loading.moddiscovery.ModDiscoverer/SCAN]: Found mod file "client-1.21.1-20240808.144430-srg.jar" [locator: production client provider +net.neoforged:neoforge:21.1.248:client]
[108月2026 21:10:05.738] [main/INFO] [net.neoforged.fml.loading.moddiscovery.ModDiscoverer/SCAN]: Found mod file "neoforge-21.1.248-universal.jar" [locator: PathBasedLocator[name=neoforge, paths=[E:\MC_PCL2\.minecraft\libraries\net\neoforged\neoforge\21.1.248\neoforge-21.1.248-universal.jar]], reader: mod manifest]
[108月2026 21:10:05.756] [main/INFO] [net.neoforged.fml.loading.moddiscovery.ModDiscoverer/SCAN]: Found mod file "net.caffeinemc.sodium-neoforge-0.8.12-beta.2+mc1.21.1-mod.jar" [locator: net.caffeinemc.mods.sodium.service.SodiumServiceModLocator@46039a21, reader: mod manifest]
[108月2026 21:10:05.763] [main/INFO] [net.neoforged.fml.loading.moddiscovery.ModDiscoverer/SCAN]: Found mod file "fabric-rendering-data-attachment-v1-0.3.48+73761d2e19.jar" [locator: net.caffeinemc.mods.sodium.service.SodiumServiceModLocator@46039a21, reader: mod manifest]
[108月2026 21:10:05.765] [main/INFO] [net.neoforged.fml.loading.moddiscovery.ModDiscoverer/SCAN]: Found mod file "fabric-renderer-api-v1-3.4.1+9125b6dc19.jar" [locator: net.caffeinemc.mods.sodium.service.SodiumServiceModLocator@46039a21, reader: mod manifest]
[108月2026 21:10:05.766] [main/INFO] [net.neoforged.fml.loading.moddiscovery.ModDiscoverer/SCAN]: Found mod file "fabric-block-view-api-v2-1.0.10+9afaaf8c19.jar" [locator: net.caffeinemc.mods.sodium.service.SodiumServiceModLocator@46039a21, reader: mod manifest]
[108月2026 21:10:05.768] [main/INFO] [net.neoforged.fml.loading.moddiscovery.ModDiscoverer/SCAN]: Found mod file "fabric-api-base-0.4.42+d1308ded19.jar" [locator: net.caffeinemc.mods.sodium.service.SodiumServiceModLocator@46039a21, reader: mod manifest]
[108月2026 21:10:05.775] [main/INFO] [net.neoforged.fml.loading.moddiscovery.ModDiscoverer/SCAN]: Found mod file "[AI改进] AI-Improvements-1.21-0.5.3.jar" [locator: {mods folder locator at E:\MC_PCL2\.minecraft\versions\齿轮星都\mods}, reader: mod manifest]
[108月2026 21:10:05.777] [main/INFO] [net.neoforged.fml.loading.moddiscovery.ModDiscoverer/SCAN]: Found mod file "[FTB 任务] ftb-quests-neoforge-2101.1.29.jar" [locator: {mods folder locator at E:\MC_PCL2\.minecraft\versions\齿轮星都\mods}, reader: mod manifest]
[108月2026 21:10:05.780] [main/INFO] [net.neoforged.fml.loading.moddiscovery.ModDiscoverer/SCAN]: Found mod file "[FTB 团队] ftb-teams-neoforge-2101.1.10.jar" [locator: {mods folder locator at E:\MC_PCL2\.minecraft\versions\齿轮星都\mods}, reader: mod manifest]
[108月2026 21:10:05.783] [main/INFO] [net.neoforged.fml.loading.moddiscovery.ModDiscoverer/SCAN]: Found mod file "[ftbe] ftb-essentials-neoforge-2101.1.10.jar" [locator: {mods folder locator at E:\MC_PCL2\.minecraft\versions\齿轮星都\mods}, reader: mod manifest]
[108月2026 21:10:05.787] [main/INFO] [net.neoforged.fml.loading.moddiscovery.ModDiscoverer/SCAN]: Found mod file "[ftb区块] ftb-chunks-neoforge-2101.1.21.jar" [locator: {mods folder locator at E:\MC_PCL2\.minecraft\versions\齿轮星都\mods}, reader: mod manifest]
[108月2026 21:10:05.790] [main/INFO] [net.neoforged.fml.loading.moddiscovery.ModDiscoverer/SCAN]: Found mod file "[ftb库] ftb-library-neoforge-2101.1.34.jar" [locator: {mods folder locator at E:\MC_PCL2\.minecraft\versions\齿轮星都\mods}, reader: mod manifest]
[108月2026 21:10:05.790] [main/INFO] [net.neoforged.fml.loading.moddiscovery.ModDiscoverer/SCAN]: Found mod file "[JEI物品管理器] jei-1.21.1-neoforge-19.43.0.392.jar" [locator: {mods folder locator at E:\MC_PCL2\.minecraft\versions\齿轮星都\mods}, reader: mod manifest]
[108月2026 21:10:05.790] [main/INFO] [net.neoforged.fml.loading.moddiscovery.ModDiscoverer/SCAN]: Found mod file "[kjs魔改] kubejs-neoforge-2101.7.2-build.368.jar" [locator: {mods folder locator at E:\MC_PCL2\.minecraft\versions\齿轮星都\mods}, reader: mod manifest]
[108月2026 21:10:05.799] [main/INFO] [net.neoforged.fml.loading.moddiscovery.ModDiscoverer/SCAN]: Found mod file "[UI整合] OverflowingBars-v21.1.1-1.21.1-NeoForge.jar" [locator: {mods folder locator at E:\MC_PCL2\.minecraft\versions\齿轮星都\mods}, reader: mod manifest]
[108月2026 21:10:05.802] [main/INFO] [net.neoforged.fml.loading.moddiscovery.ModDiscoverer/SCAN]: Found mod file "[Xaero的世界地图] xaeroworldmap-neoforge-1.21.1-1.41.2.jar" [locator: {mods folder locator at E:\MC_PCL2\.minecraft\versions\齿轮星都\mods}, reader: mod manifest]
[108月2026 21:10:05.805] [main/INFO] [net.neoforged.fml.loading.moddiscovery.ModDiscoverer/SCAN]: Found mod file "[Xaero的小地图] xaerominimap-neoforge-1.21.1-26.1.0.jar" [locator: {mods folder locator at E:\MC_PCL2\.minecraft\versions\齿轮星都\mods}, reader: mod manifest]
[108月2026 21:10:05.807] [main/INFO] [net.neoforged.fml.loading.moddiscovery.ModDiscoverer/SCAN]: Found mod file "[世界地形改造] lithosphere-1.8.1.jar" [locator: {mods folder locator at E:\MC_PCL2\.minecraft\versions\齿轮星都\mods}, reader: mod manifest]
[108月2026 21:10:05.811] [main/INFO] [net.neoforged.fml.loading.moddiscovery.ModDiscoverer/SCAN]: Found mod file "[光影] iris-neoforge-1.8.14-beta.1+mc1.21.1.jar" [locator: {mods folder locator at E:\MC_PCL2\.minecraft\versions\齿轮星都\mods}, reader: mod manifest]
[108月2026 21:10:05.812] [main/INFO] [net.neoforged.fml.loading.moddiscovery.ModDiscoverer/SCAN]: Found mod file "[内存泄漏检测] alltheleaks-1.1.11+1.21.1-neoforge.jar" [locator: {mods folder locator at E:\MC_PCL2\.minecraft\versions\齿轮星都\mods}, reader: mod manifest]
[108月2026 21:10:05.817] [main/INFO] [net.neoforged.fml.loading.moddiscovery.ModDiscoverer/SCAN]: Found mod file "[农夫乐事] FarmersDelight-1.21.1-1.3.2.jar" [locator: {mods folder locator at E:\MC_PCL2\.minecraft\versions\齿轮星都\mods}, reader: mod manifest]
[108月2026 21:10:05.819] [main/INFO] [net.neoforged.fml.loading.moddiscovery.ModDiscoverer/SCAN]: Found mod file "[动态 FPS] dynamic-fps-3.11.4+minecraft-1.21.0-neoforge.jar" [locator: {mods folder locator at E:\MC_PCL2\.minecraft\versions\齿轮星都\mods}, reader: mod manifest]
[108月2026 21:10:05.821] [main/INFO] [net.neoforged.fml.loading.moddiscovery.ModDiscoverer/SCAN]: Found mod file "[区块加载优化] c2me-neoforge-mc1.21.1-0.4.0-alpha.0.116.jar" [locator: {mods folder locator at E:\MC_PCL2\.minecraft\versions\齿轮星都\mods}, reader: mod manifest]
[108月2026 21:10:05.824] [main/INFO] [net.neoforged.fml.loading.moddiscovery.ModDiscoverer/SCAN]: Found mod file "[口渴] ThirstWasTaken-1.21.1-2.1.5.jar" [locator: {mods folder locator at E:\MC_PCL2\.minecraft\versions\齿轮星都\mods}, reader: mod manifest]
[108月2026 21:10:05.827] [main/INFO] [net.neoforged.fml.loading.moddiscovery.ModDiscoverer/SCAN]: Found mod file "[可视化性能检测] observable-5.4.4.jar" [locator: {mods folder locator at E:\MC_PCL2\.minecraft\versions\齿轮星都\mods}, reader: mod manifest]
[108月2026 21:10:05.830] [main/INFO] [net.neoforged.fml.loading.moddiscovery.ModDiscoverer/SCAN]: Found mod file "[吃不停] AlwaysEat-neoforge-1.0.0.jar" [locator: {mods folder locator at E:\MC_PCL2\.minecraft\versions\齿轮星都\mods}, reader: mod manifest]
[108月2026 21:10:05.833] [main/INFO] [net.neoforged.fml.loading.moddiscovery.ModDiscoverer/SCAN]: Found mod file "[城镇交流] towntalk-1.2.0.jar" [locator: {mods folder locator at E:\MC_PCL2\.minecraft\versions\齿轮星都\mods}, reader: mod manifest]
[108月2026 21:10:05.836] [main/INFO] [net.neoforged.fml.loading.moddiscovery.ModDiscoverer/SCAN]: Found mod file "[多态合成] polymorph-neoforge-1.1.0+1.21.1.jar" [locator: {mods folder locator at E:\MC_PCL2\.minecraft\versions\齿轮星都\mods}, reader: mod manifest]
[108月2026 21:10:05.838] [main/INFO] [net.neoforged.fml.loading.moddiscovery.ModDiscoverer/SCAN]: Found mod file "[女仆摇曲柄] MaidUseHandCrank_1.6.2-neoforge_21.1.219-1.21.1.jar" [locator: {mods folder locator at E:\MC_PCL2\.minecraft\versions\齿轮星都\mods}, reader: mod manifest]
[108月2026 21:10:05.840] [main/INFO] [net.neoforged.fml.loading.moddiscovery.ModDiscoverer/SCAN]: Found mod file "[女仆施法] winefoxs_spellbooks-1.21.1-1.0.1.jar" [locator: {mods folder locator at E:\MC_PCL2\.minecraft\versions\齿轮星都\mods}, reader: mod manifest]
[108月2026 21:10:05.843] [main/INFO] [net.neoforged.fml.loading.moddiscovery.ModDiscoverer/SCAN]: Found mod file "[实体渲染机制优化] entityculling-neoforge-1.10.5-mc1.21.1.jar" [locator: {mods folder locator at E:\MC_PCL2\.minecraft\versions\齿轮星都\mods}, reader: mod manifest]
[108月2026 21:10:05.846] [main/INFO] [net.neoforged.fml.loading.moddiscovery.ModDiscoverer/SCAN]: Found mod file "[属性修复] attributefix-neoforge-1.21.1-21.1.3.jar" [locator: {mods folder locator at E:\MC_PCL2\.minecraft\versions\齿轮星都\mods}, reader: mod manifest]
[108月2026 21:10:05.848] [main/INFO] [net.neoforged.fml.loading.moddiscovery.ModDiscoverer/SCAN]: Found mod file "[履带] tracks-neoforge-1.21.1-1.0.1.jar" [locator: {mods folder locator at E:\MC_PCL2\.minecraft\versions\齿轮星都\mods}, reader: mod manifest]
[108月2026 21:10:05.850] [main/INFO] [net.neoforged.fml.loading.moddiscovery.ModDiscoverer/SCAN]: Found mod file "[帕秋莉手册] Patchouli-1.21.1-93-NEOFORGE.jar" [locator: {mods folder locator at E:\MC_PCL2\.minecraft\versions\齿轮星都\mods}, reader: mod manifest]
[108月2026 21:10:05.853] [main/INFO] [net.neoforged.fml.loading.moddiscovery.ModDiscoverer/SCAN]: Found mod file "[建筑师切割机] domum-ornamentum-1.0.234-snapshot-main.jar" [locator: {mods folder locator at E:\MC_PCL2\.minecraft\versions\齿轮星都\mods}, reader: mod manifest]
[108月2026 21:10:05.855] [main/INFO] [net.neoforged.fml.loading.moddiscovery.ModDiscoverer/SCAN]: Found mod file "[建筑手杖-耕云钓月版] constructionwand-kots-1.21.1-2.16.9.jar" [locator: {mods folder locator at E:\MC_PCL2\.minecraft\versions\齿轮星都\mods}, reader: mod manifest]
[108月2026 21:10:05.858] [main/INFO] [net.neoforged.fml.loading.moddiscovery.ModDiscoverer/SCAN]: Found mod file "[快速树叶腐烂] fastleafdecay-35.jar" [locator: {mods folder locator at E:\MC_PCL2\.minecraft\versions\齿轮星都\mods}, reader: mod manifest]
[108月2026 21:10:05.858] [main/INFO] [net.neoforged.fml.loading.moddiscovery.ModDiscoverer/SCAN]: Found mod file "[快速配方查找] fastrecipesearch-1.21.1-26.2-neoforge.jar" [locator: {mods folder locator at E:\MC_PCL2\.minecraft\versions\齿轮星都\mods}, reader: mod manifest]
[108月2026 21:10:05.864] [main/INFO] [net.neoforged.fml.loading.moddiscovery.ModDiscoverer/SCAN]: Found mod file "[拾光定影] exposure-neoforge-1.21.1-1.9.18.jar" [locator: {mods folder locator at E:\MC_PCL2\.minecraft\versions\齿轮星都\mods}, reader: mod manifest]
[108月2026 21:10:05.866] [main/INFO] [net.neoforged.fml.loading.moddiscovery.ModDiscoverer/SCAN]: Found mod file "[收获] reap-neoforge-1.21.1-1.1.2.jar" [locator: {mods folder locator at E:\MC_PCL2\.minecraft\versions\齿轮星都\mods}, reader: mod manifest]
[108月2026 21:10:05.870] [main/INFO] [net.neoforged.fml.loading.moddiscovery.ModDiscoverer/SCAN]: Found mod file "[是！史蒂夫模型] ysm-2.6.5-neoforge+mc1.21.1-release.jar" [locator: {mods folder locator at E:\MC_PCL2\.minecraft\versions\齿轮星都\mods}, reader: mod manifest]
[108月2026 21:10:05.874] [main/INFO] [net.neoforged.fml.loading.moddiscovery.ModDiscoverer/SCAN]: Found mod file "[机械动力] create-1.21.1-6.0.10.jar" [locator: {mods folder locator at E:\MC_PCL2\.minecraft\versions\齿轮星都\mods}, reader: mod manifest]
[108月2026 21:10:05.877] [main/INFO] [net.neoforged.fml.loading.moddiscovery.ModDiscoverer/SCAN]: Found mod file "[机械动力航空学：工具枪] create_aeronautics_toolgun-0.2.2.jar" [locator: {mods folder locator at E:\MC_PCL2\.minecraft\versions\齿轮星都\mods}, reader: mod manifest]
[108月2026 21:10:05.877] [main/INFO] [net.neoforged.fml.loading.moddiscovery.ModDiscoverer/SCAN]: Found mod file "[机械动力：中央厨房] create-central-kitchen-2.5.0.jar" [locator: {mods folder locator at E:\MC_PCL2\.minecraft\versions\齿轮星都\mods}, reader: mod manifest]
[108月2026 21:10:05.882] [main/INFO] [net.neoforged.fml.loading.moddiscovery.ModDiscoverer/SCAN]: Found mod file "[机械动力：伪装方块+] copycats-3.0.4+mc.1.21.1-neoforge.jar" [locator: {mods folder locator at E:\MC_PCL2\.minecraft\versions\齿轮星都\mods}, reader: mod manifest]
[108月2026 21:10:05.885] [main/INFO] [net.neoforged.fml.loading.moddiscovery.ModDiscoverer/SCAN]: Found mod file "[机械动力：创意传动] create_connected-1.3.2-mc1.21.1.jar" [locator: {mods folder locator at E:\MC_PCL2\.minecraft\versions\齿轮星都\mods}, reader: mod manifest]
[108月2026 21:10:05.885] [main/INFO] [net.neoforged.fml.loading.moddiscovery.ModDiscoverer/SCAN]: Found mod file "[机械动力：北极星] Northstar-0.6.4+1.21.1.jar" [locator: {mods folder locator at E:\MC_PCL2\.minecraft\versions\齿轮星都\mods}, reader: mod manifest]
[108月2026 21:10:05.891] [main/INFO] [net.neoforged.fml.loading.moddiscovery.ModDiscoverer/SCAN]: Found mod file "[机械动力：无人机物流] create_mobile_packages-1.21.1-0.7.7.jar" [locator: {mods folder locator at E:\MC_PCL2\.minecraft\versions\齿轮星都\mods}, reader: mod manifest]
[108月2026 21:10:05.900] [main/INFO] [net.neoforged.fml.loading.moddiscovery.ModDiscoverer/SCAN]: Found mod file "[机械动力：汽鸣铁道] railways-0.3.0-beta.2+neoforge-mc1.21.1.jar" [locator: {mods folder locator at E:\MC_PCL2\.minecraft\versions\齿轮星都\mods}, reader: mod manifest]
[108月2026 21:10:05.902] [main/INFO] [net.neoforged.fml.loading.moddiscovery.ModDiscoverer/SCAN]: Found mod file "[机械动力：流体] createliquidfuel-2.1.1-1.21.1.jar" [locator: {mods folder locator at E:\MC_PCL2\.minecraft\versions\齿轮星都\mods}, reader: mod manifest]
[108月2026 21:10:05.905] [main/INFO] [net.neoforged.fml.loading.moddiscovery.ModDiscoverer/SCAN]: Found mod file "[机械动力：流光溢彩] createprism-1.2.2.jar" [locator: {mods folder locator at E:\MC_PCL2\.minecraft\versions\齿轮星都\mods}, reader: mod manifest]
[108月2026 21:10:05.908] [main/INFO] [net.neoforged.fml.loading.moddiscovery.ModDiscoverer/SCAN]: Found mod file "[机械动力：火炮] createbigcannons-5.11.7+mc.1.21.1.jar" [locator: {mods folder locator at E:\MC_PCL2\.minecraft\versions\齿轮星都\mods}, reader: mod manifest]
[108月2026 21:10:05.910] [main/INFO] [net.neoforged.fml.loading.moddiscovery.ModDiscoverer/SCAN]: Found mod file "[机械动力：航空学] create-aeronautics-bundled-1.21.1-1.3.0.jar" [locator: {mods folder locator at E:\MC_PCL2\.minecraft\versions\齿轮星都\mods}, reader: mod manifest]
[108月2026 21:10:05.913] [main/INFO] [net.neoforged.fml.loading.moddiscovery.ModDiscoverer/SCAN]: Found mod file "[机械动力：集成农业] create-integrated-farming-1.2.6.jar" [locator: {mods folder locator at E:\MC_PCL2\.minecraft\versions\齿轮星都\mods}, reader: mod manifest]
[108月2026 21:10:05.915] [main/INFO] [net.neoforged.fml.loading.moddiscovery.ModDiscoverer/SCAN]: Found mod file "[机械动力：雷达] create_radar-0.4.4-10+mc1.21.1.jar" [locator: {mods folder locator at E:\MC_PCL2\.minecraft\versions\齿轮星都\mods}, reader: mod manifest]
[108月2026 21:10:05.917] [main/INFO] [net.neoforged.fml.loading.moddiscovery.ModDiscoverer/SCAN]: Found mod file "[机械动力：龙+] CreateDragonsPlus-1.11.2b.jar" [locator: {mods folder locator at E:\MC_PCL2\.minecraft\versions\齿轮星都\mods}, reader: mod manifest]
[108月2026 21:10:05.926] [main/INFO] [net.neoforged.fml.loading.moddiscovery.ModDiscoverer/SCAN]: Found mod file "[模拟殖民地] minecolonies-1.1.1285-1.21.1.jar" [locator: {mods folder locator at E:\MC_PCL2\.minecraft\versions\齿轮星都\mods}, reader: mod manifest]
[108月2026 21:10:05.928] [main/INFO] [net.neoforged.fml.loading.moddiscovery.ModDiscoverer/SCAN]: Found mod file "[模组秘典] modonomicon-1.21.1-neoforge-1.120.4.jar" [locator: {mods folder locator at E:\MC_PCL2\.minecraft\versions\齿轮星都\mods}, reader: mod manifest]
[108月2026 21:10:05.930] [main/INFO] [net.neoforged.fml.loading.moddiscovery.ModDiscoverer/SCAN]: Found mod file "[殖民地优化] colonypathingedition-1.21.1-1.0.5-ALPHA-12.jar" [locator: {mods folder locator at E:\MC_PCL2\.minecraft\versions\齿轮星都\mods}, reader: mod manifest]
[108月2026 21:10:05.933] [main/INFO] [net.neoforged.fml.loading.moddiscovery.ModDiscoverer/SCAN]: Found mod file "[殖民地配置] MineColonies_Tweaks-1.21.1-3.29.jar" [locator: {mods folder locator at E:\MC_PCL2\.minecraft\versions\齿轮星都\mods}, reader: mod manifest]
[108月2026 21:10:05.936] [main/INFO] [net.neoforged.fml.loading.moddiscovery.ModDiscoverer/SCAN]: Found mod file "[殖民地附加] MineColonies_Compatibility-1.21.1-3.42.jar" [locator: {mods folder locator at E:\MC_PCL2\.minecraft\versions\齿轮星都\mods}, reader: mod manifest]
[108月2026 21:10:05.939] [main/INFO] [net.neoforged.fml.loading.moddiscovery.ModDiscoverer/SCAN]: Found mod file "[氪] krypton_fnp-neoforge-1.21.1-0.2.28.1-1.21.1.jar" [locator: {mods folder locator at E:\MC_PCL2\.minecraft\versions\齿轮星都\mods}, reader: mod manifest]
[108月2026 21:10:05.942] [main/INFO] [net.neoforged.fml.loading.moddiscovery.ModDiscoverer/SCAN]: Found mod file "[沉浸画框] immersive_paintings-neoforge-1.21.1-0.7.8.jar" [locator: {mods folder locator at E:\MC_PCL2\.minecraft\versions\齿轮星都\mods}, reader: mod manifest]
[108月2026 21:10:05.944] [main/INFO] [net.neoforged.fml.loading.moddiscovery.ModDiscoverer/SCAN]: Found mod file "[火炬大师] torchmaster-neoforge-1.21.1-21.1.9.jar" [locator: {mods folder locator at E:\MC_PCL2\.minecraft\versions\齿轮星都\mods}, reader: mod manifest]
[108月2026 21:10:05.949] [main/INFO] [net.neoforged.fml.loading.moddiscovery.ModDiscoverer/SCAN]: Found mod file "[烟火凡人心] flavor_immersed_daily-2026.7.5-neoforge-1.21.1.jar" [locator: {mods folder locator at E:\MC_PCL2\.minecraft\versions\齿轮星都\mods}, reader: mod manifest]
[108月2026 21:10:05.951] [main/INFO] [net.neoforged.fml.loading.moddiscovery.ModDiscoverer/SCAN]: Found mod file "[烟花苦力怕] CreeperFirework-neoforge-2.2.0.jar" [locator: {mods folder locator at E:\MC_PCL2\.minecraft\versions\齿轮星都\mods}, reader: mod manifest]
[108月2026 21:10:05.961] [main/INFO] [net.neoforged.fml.loading.moddiscovery.ModDiscoverer/SCAN]: Found mod file "[物品栏整理] clientsort-neoforge-2.2.2+1.21.1.jar" [locator: {mods folder locator at E:\MC_PCL2\.minecraft\versions\齿轮星都\mods}, reader: mod manifest]
[108月2026 21:10:05.963] [main/INFO] [net.neoforged.fml.loading.moddiscovery.ModDiscoverer/SCAN]: Found mod file "[犀牛] rhino-2101.2.8-build.91.jar" [locator: {mods folder locator at E:\MC_PCL2\.minecraft\versions\齿轮星都\mods}, reader: mod manifest]
[108月2026 21:10:05.966] [main/INFO] [net.neoforged.fml.loading.moddiscovery.ModDiscoverer/SCAN]: Found mod file "[玉 🔍] Jade-1.21.1-NeoForge-15.10.5.jar" [locator: {mods folder locator at E:\MC_PCL2\.minecraft\versions\齿轮星都\mods}, reader: mod manifest]
[108月2026 21:10:05.969] [main/INFO] [net.neoforged.fml.loading.moddiscovery.ModDiscoverer/SCAN]: Found mod file "[现代化修复] modernfix-neoforge-5.27.20+mc1.21.1.jar" [locator: {mods folder locator at E:\MC_PCL2\.minecraft\versions\齿轮星都\mods}, reader: mod manifest]
[108月2026 21:10:05.971] [main/INFO] [net.neoforged.fml.loading.moddiscovery.ModDiscoverer/SCAN]: Found mod file "[生活调味料：胡萝卜版] solcarrot-1.21.1-1.16.6.jar" [locator: {mods folder locator at E:\MC_PCL2\.minecraft\versions\齿轮星都\mods}, reader: mod manifest]
[108月2026 21:10:05.974] [main/INFO] [net.neoforged.fml.loading.moddiscovery.ModDiscoverer/SCAN]: Found mod file "[神秘学] occultism-1.21.1-neoforge-1.224.2.jar" [locator: {mods folder locator at E:\MC_PCL2\.minecraft\versions\齿轮星都\mods}, reader: mod manifest]
[108月2026 21:10:05.977] [main/INFO] [net.neoforged.fml.loading.moddiscovery.ModDiscoverer/SCAN]: Found mod file "[禁用实验性设置警告] yeetusexperimentus-neoforge-87.0.0.jar" [locator: {mods folder locator at E:\MC_PCL2\.minecraft\versions\齿轮星都\mods}, reader: mod manifest]
[108月2026 21:10:05.979] [main/INFO] [net.neoforged.fml.loading.moddiscovery.ModDiscoverer/SCAN]: Found mod file "[简单坟墓] simpletomb-1.21.1-1.4.4.jar" [locator: {mods folder locator at E:\MC_PCL2\.minecraft\versions\齿轮星都\mods}, reader: mod manifest]
[108月2026 21:10:05.982] [main/INFO] [net.neoforged.fml.loading.moddiscovery.ModDiscoverer/SCAN]: Found mod file "[精妙核心] sophisticatedcore-1.21.1-1.4.62.2079.jar" [locator: {mods folder locator at E:\MC_PCL2\.minecraft\versions\齿轮星都\mods}, reader: mod manifest]
[108月2026 21:10:05.984] [main/INFO] [net.neoforged.fml.loading.moddiscovery.ModDiscoverer/SCAN]: Found mod file "[精妙背包] sophisticatedbackpacks-1.21.1-3.25.65.1955.jar" [locator: {mods folder locator at E:\MC_PCL2\.minecraft\versions\齿轮星都\mods}, reader: mod manifest]
[108月2026 21:10:05.987] [main/INFO] [net.neoforged.fml.loading.moddiscovery.ModDiscoverer/SCAN]: Found mod file "[线缆传输] drivebywire-0.3.0.jar" [locator: {mods folder locator at E:\MC_PCL2\.minecraft\versions\齿轮星都\mods}, reader: mod manifest]
[108月2026 21:10:05.990] [main/INFO] [net.neoforged.fml.loading.moddiscovery.ModDiscoverer/SCAN]: Found mod file "[结构化] structurize-1.0.832-1.21.1-snapshot.jar" [locator: {mods folder locator at E:\MC_PCL2\.minecraft\versions\齿轮星都\mods}, reader: mod manifest]
[108月2026 21:10:05.993] [main/INFO] [net.neoforged.fml.loading.moddiscovery.ModDiscoverer/SCAN]: Found mod file "[网络音乐机] netmusic-1.5.1-neoforge+mc1.21.1.jar" [locator: {mods folder locator at E:\MC_PCL2\.minecraft\versions\齿轮星都\mods}, reader: mod manifest]
[108月2026 21:10:05.996] [main/INFO] [net.neoforged.fml.loading.moddiscovery.ModDiscoverer/SCAN]: Found mod file "[脚步声NeoForge版] PresenceFootsteps-1.21.1-1.12.0-beta.1-1.21NeoForge.jar" [locator: {mods folder locator at E:\MC_PCL2\.minecraft\versions\齿轮星都\mods}, reader: mod manifest]
[108月2026 21:10:05.999] [main/INFO] [net.neoforged.fml.loading.moddiscovery.ModDiscoverer/SCAN]: Found mod file "[自定义菜单界面] fancymenu_neoforge_3.9.9_MC_1.21.1.jar" [locator: {mods folder locator at E:\MC_PCL2\.minecraft\versions\齿轮星都\mods}, reader: mod manifest]
[108月2026 21:10:06.001] [main/INFO] [net.neoforged.fml.loading.moddiscovery.ModDiscoverer/SCAN]: Found mod file "[自然罗盘／生物群系指南针] NaturesCompass-1.21.1-3.4.0-neoforge.jar" [locator: {mods folder locator at E:\MC_PCL2\.minecraft\versions\齿轮星都\mods}, reader: mod manifest]
[108月2026 21:10:06.003] [main/INFO] [net.neoforged.fml.loading.moddiscovery.ModDiscoverer/SCAN]: Found mod file "[自然音效] AmbientSounds_NEOFORGE_v6.3.8_mc1.21.1.jar" [locator: {mods folder locator at E:\MC_PCL2\.minecraft\versions\齿轮星都\mods}, reader: mod manifest]
[108月2026 21:10:06.006] [main/INFO] [net.neoforged.fml.loading.moddiscovery.ModDiscoverer/SCAN]: Found mod file "[苹果皮] appleskin-neoforge-mc1.21-3.0.9.jar" [locator: {mods folder locator at E:\MC_PCL2\.minecraft\versions\齿轮星都\mods}, reader: mod manifest]
[108月2026 21:10:06.009] [main/INFO] [net.neoforged.fml.loading.moddiscovery.ModDiscoverer/SCAN]: Found mod file "[车万女仆] touhoulittlemaid-1.5.3-neoforge+mc1.21.1.jar" [locator: {mods folder locator at E:\MC_PCL2\.minecraft\versions\齿轮星都\mods}, reader: mod manifest]
[108月2026 21:10:06.012] [main/INFO] [net.neoforged.fml.loading.moddiscovery.ModDiscoverer/SCAN]: Found mod file "[输入法冲突修复] IMBlocker-5.5.4-neoforge+1.20.6-1.21.8.jar" [locator: {mods folder locator at E:\MC_PCL2\.minecraft\versions\齿轮星都\mods}, reader: mod manifest]
[108月2026 21:10:06.015] [main/INFO] [net.neoforged.fml.loading.moddiscovery.ModDiscoverer/SCAN]: Found mod file "[远视] farsight-1.21.1-5.1.jar" [locator: {mods folder locator at E:\MC_PCL2\.minecraft\versions\齿轮星都\mods}, reader: mod manifest]
[108月2026 21:10:06.015] [main/INFO] [net.neoforged.fml.loading.moddiscovery.ModDiscoverer/SCAN]: Found mod file "[通用拼音搜索] jecharacters-1.21.1-neoforge-4.5.27.jar" [locator: {mods folder locator at E:\MC_PCL2\.minecraft\versions\齿轮星都\mods}, reader: mod manifest]
[108月2026 21:10:06.015] [main/INFO] [net.neoforged.fml.loading.moddiscovery.ModDiscoverer/SCAN]: Found mod file "[铁氧体磁芯] ferritecore-7.0.3-neoforge.jar" [locator: {mods folder locator at E:\MC_PCL2\.minecraft\versions\齿轮星都\mods}, reader: mod manifest]
[108月2026 21:10:06.027] [main/INFO] [net.neoforged.fml.loading.moddiscovery.ModDiscoverer/SCAN]: Found mod file "[铁魔法] irons_spellbooks-1.21.1-3.16.2.jar" [locator: {mods folder locator at E:\MC_PCL2\.minecraft\versions\齿轮星都\mods}, reader: mod manifest]
[108月2026 21:10:06.030] [main/INFO] [net.neoforged.fml.loading.moddiscovery.ModDiscoverer/SCAN]: Found mod file "[铁魔法前置] irons_lib-1.21.1-2.1.0.jar" [locator: {mods folder locator at E:\MC_PCL2\.minecraft\versions\齿轮星都\mods}, reader: mod manifest]
[108月2026 21:10:06.032] [main/INFO] [net.neoforged.fml.loading.moddiscovery.ModDiscoverer/SCAN]: Found mod file "[铁魔法前置] player-animation-lib-forge-2.0.4+1.21.1.jar" [locator: {mods folder locator at E:\MC_PCL2\.minecraft\versions\齿轮星都\mods}, reader: mod manifest]
[108月2026 21:10:06.034] [main/INFO] [net.neoforged.fml.loading.moddiscovery.ModDiscoverer/SCAN]: Found mod file "[键位冲突显示] Controlling-neoforge-1.21.1-19.0.5.jar" [locator: {mods folder locator at E:\MC_PCL2\.minecraft\versions\齿轮星都\mods}, reader: mod manifest]
[108月2026 21:10:06.036] [main/INFO] [net.neoforged.fml.loading.moddiscovery.ModDiscoverer/SCAN]: Found mod file "[鼠标手势] MouseTweaks-neoforge-mc1.21-2.26.1.jar" [locator: {mods folder locator at E:\MC_PCL2\.minecraft\versions\齿轮星都\mods}, reader: mod manifest]
[108月2026 21:10:06.037] [main/INFO] [net.neoforged.fml.loading.moddiscovery.ModDiscoverer/SCAN]: Found mod file "architectury-13.0.11-neoforge.jar" [locator: {mods folder locator at E:\MC_PCL2\.minecraft\versions\齿轮星都\mods}, reader: mod manifest]
[108月2026 21:10:06.041] [main/INFO] [net.neoforged.fml.loading.moddiscovery.ModDiscoverer/SCAN]: Found mod file "blockui-1.0.211-1.21.1-snapshot.jar" [locator: {mods folder locator at E:\MC_PCL2\.minecraft\versions\齿轮星都\mods}, reader: mod manifest]
[108月2026 21:10:06.043] [main/INFO] [net.neoforged.fml.loading.moddiscovery.ModDiscoverer/SCAN]: Found mod file "bookshelf-neoforge-1.21.1-21.1.81.jar" [locator: {mods folder locator at E:\MC_PCL2\.minecraft\versions\齿轮星都\mods}, reader: mod manifest]
[108月2026 21:10:06.046] [main/INFO] [net.neoforged.fml.loading.moddiscovery.ModDiscoverer/SCAN]: Found mod file "caelus-neoforge-7.0.1+1.21.1.jar" [locator: {mods folder locator at E:\MC_PCL2\.minecraft\versions\齿轮星都\mods}, reader: mod manifest]
[108月2026 21:10:06.049] [main/INFO] [net.neoforged.fml.loading.moddiscovery.ModDiscoverer/SCAN]: Found mod file "cloth-config-15.0.140-neoforge.jar" [locator: {mods folder locator at E:\MC_PCL2\.minecraft\versions\齿轮星都\mods}, reader: mod manifest]
[108月2026 21:10:06.051] [main/INFO] [net.neoforged.fml.loading.moddiscovery.ModDiscoverer/SCAN]: Found mod file "colorwheel-neoforge-1.2.9+mc1.21.1.jar" [locator: {mods folder locator at E:\MC_PCL2\.minecraft\versions\齿轮星都\mods}, reader: mod manifest]
[108月2026 21:10:06.053] [main/INFO] [net.neoforged.fml.loading.moddiscovery.ModDiscoverer/SCAN]: Found mod file "colorwheel_patcher-neoforge-1.0.5+mc1.21.1.jar" [locator: {mods folder locator at E:\MC_PCL2\.minecraft\versions\齿轮星都\mods}, reader: mod manifest]
[108月2026 21:10:06.056] [main/INFO] [net.neoforged.fml.loading.moddiscovery.ModDiscoverer/SCAN]: Found mod file "continuity-3.0.0+0.0.1+1.21.1.neoforge-all.jar" [locator: {mods folder locator at E:\MC_PCL2\.minecraft\versions\齿轮星都\mods}, reader: mod manifest]
[108月2026 21:10:06.059] [main/INFO] [net.neoforged.fml.loading.moddiscovery.ModDiscoverer/SCAN]: Found mod file "CreativeCore_NEOFORGE_v2.13.41_mc1.21.1.jar" [locator: {mods folder locator at E:\MC_PCL2\.minecraft\versions\齿轮星都\mods}, reader: mod manifest]
[108月2026 21:10:06.061] [main/INFO] [net.neoforged.fml.loading.moddiscovery.ModDiscoverer/SCAN]: Found mod file "cupboard-1.21.1-3.9.jar" [locator: {mods folder locator at E:\MC_PCL2\.minecraft\versions\齿轮星都\mods}, reader: mod manifest]
[108月2026 21:10:06.063] [main/INFO] [net.neoforged.fml.loading.moddiscovery.ModDiscoverer/SCAN]: Found mod file "curios-neoforge-9.5.1+1.21.1.jar" [locator: {mods folder locator at E:\MC_PCL2\.minecraft\versions\齿轮星都\mods}, reader: mod manifest]
[108月2026 21:10:06.066] [main/INFO] [net.neoforged.fml.loading.moddiscovery.ModDiscoverer/SCAN]: Found mod file "fzzy_config-0.7.5+1.21+neoforge.jar" [locator: {mods folder locator at E:\MC_PCL2\.minecraft\versions\齿轮星都\mods}, reader: mod manifest]
[108月2026 21:10:06.067] [main/INFO] [net.neoforged.fml.loading.moddiscovery.ModDiscoverer/SCAN]: Found mod file "geckolib-neoforge-1.21.1-4.9.2.jar" [locator: {mods folder locator at E:\MC_PCL2\.minecraft\versions\齿轮星都\mods}, reader: mod manifest]
[108月2026 21:10:06.069] [main/INFO] [net.neoforged.fml.loading.moddiscovery.ModDiscoverer/SCAN]: Found mod file "konkrete_neoforge_1.9.9_MC_1.21.jar" [locator: {mods folder locator at E:\MC_PCL2\.minecraft\versions\齿轮星都\mods}, reader: mod manifest]
[108月2026 21:10:06.073] [main/INFO] [net.neoforged.fml.loading.moddiscovery.ModDiscoverer/SCAN]: Found library file "kotlinforforge-5.12.0-all.jar" [locator: {mods folder locator at E:\MC_PCL2\.minecraft\versions\齿轮星都\mods}, reader: mod manifest]
[108月2026 21:10:06.076] [main/INFO] [net.neoforged.fml.loading.moddiscovery.ModDiscoverer/SCAN]: Found mod file "melody_neoforge_1.0.10_MC_1.21.jar" [locator: {mods folder locator at E:\MC_PCL2\.minecraft\versions\齿轮星都\mods}, reader: mod manifest]
[108月2026 21:10:06.076] [main/INFO] [net.neoforged.fml.loading.moddiscovery.ModDiscoverer/SCAN]: Found mod file "multipiston-1.2.58-1.21.1.jar" [locator: {mods folder locator at E:\MC_PCL2\.minecraft\versions\齿轮星都\mods}, reader: mod manifest]
[108月2026 21:10:06.081] [main/INFO] [net.neoforged.fml.loading.moddiscovery.ModDiscoverer/SCAN]: Found mod file "prickle-neoforge-1.21.1-21.1.11.jar" [locator: {mods folder locator at E:\MC_PCL2\.minecraft\versions\齿轮星都\mods}, reader: mod manifest]
[108月2026 21:10:06.083] [main/INFO] [net.neoforged.fml.loading.moddiscovery.ModDiscoverer/SCAN]: Found mod file "ProbeJS-8.0.3.jar" [locator: {mods folder locator at E:\MC_PCL2\.minecraft\versions\齿轮星都\mods}, reader: mod manifest]
[108月2026 21:10:06.086] [main/INFO] [net.neoforged.fml.loading.moddiscovery.ModDiscoverer/SCAN]: Found mod file "PuzzlesLib-v21.1.52-1.21.1-NeoForge.jar" [locator: {mods folder locator at E:\MC_PCL2\.minecraft\versions\齿轮星都\mods}, reader: mod manifest]
[108月2026 21:10:06.088] [main/INFO] [net.neoforged.fml.loading.moddiscovery.ModDiscoverer/SCAN]: Found mod file "ritchiesprojectilelib-2.1.2-mc.1.21.1-neoforge.jar" [locator: {mods folder locator at E:\MC_PCL2\.minecraft\versions\齿轮星都\mods}, reader: mod manifest]
[108月2026 21:10:06.090] [main/INFO] [net.neoforged.fml.loading.moddiscovery.ModDiscoverer/SCAN]: Found mod file "sable-neoforge-1.21.1-2.0.3.jar" [locator: {mods folder locator at E:\MC_PCL2\.minecraft\versions\齿轮星都\mods}, reader: mod manifest]
[108月2026 21:10:06.092] [main/INFO] [net.neoforged.fml.loading.moddiscovery.ModDiscoverer/SCAN]: Found mod file "Searchables-neoforge-1.21.1-1.0.2.jar" [locator: {mods folder locator at E:\MC_PCL2\.minecraft\versions\齿轮星都\mods}, reader: mod manifest]
[108月2026 21:10:06.094] [main/INFO] [net.neoforged.fml.loading.moddiscovery.ModDiscoverer/SCAN]: Found mod file "SmartBrainLib-neoforge-1.21.1-1.16.11.jar" [locator: {mods folder locator at E:\MC_PCL2\.minecraft\versions\齿轮星都\mods}, reader: mod manifest]
[108月2026 21:10:07.048] [main/WARN] [net.neoforged.jarjar.selection.JarSelector/]: Attempted to select a dependency jar for JarJar which was passed in as source: fabric_renderer_api_v1. Using Mod File: 
[108月2026 21:10:07.048] [main/WARN] [net.neoforged.jarjar.selection.JarSelector/]: Attempted to select a dependency jar for JarJar which was passed in as source: fabric_block_view_api_v2. Using Mod File: 
[108月2026 21:10:07.048] [main/WARN] [net.neoforged.jarjar.selection.JarSelector/]: Attempted to select a dependency jar for JarJar which was passed in as source: fabric_api_base. Using Mod File: 
[108月2026 21:10:07.048] [main/WARN] [net.neoforged.jarjar.selection.JarSelector/]: Attempted to select a dependency jar for JarJar which was passed in as source: fabric_rendering_data_attachment_v1. Using Mod File: 
[108月2026 21:10:07.048] [main/INFO] [net.neoforged.fml.loading.moddiscovery.locators.JarInJarDependencyLocator/]: Found 82 dependencies adding them to mods collection
[108月2026 21:10:07.048] [main/INFO] [net.neoforged.fml.loading.moddiscovery.ModDiscoverer/SCAN]: Found mod file "c2me-neoforge-fixes-worldgen-threading-issues-mc1.21.1-0.4.0-alpha.0.116.jar" [parent: [区块加载优化] c2me-neoforge-mc1.21.1-0.4.0-alpha.0.116.jar, locator: jarinjar, reader: mod manifest]
[108月2026 21:10:07.048] [main/INFO] [net.neoforged.fml.loading.moddiscovery.ModDiscoverer/SCAN]: Found mod file "c2me-neoforge-threading-lighting-mc1.21.1-0.4.0-alpha.0.116.jar" [parent: [区块加载优化] c2me-neoforge-mc1.21.1-0.4.0-alpha.0.116.jar, locator: jarinjar, reader: mod manifest]
[108月2026 21:10:07.048] [main/INFO] [net.neoforged.fml.loading.moddiscovery.ModDiscoverer/SCAN]: Found library file "commonmark-ext-gfm-strikethrough-0.29.0.jar" [parent: [模组秘典] modonomicon-1.21.1-neoforge-1.120.4.jar, locator: jarinjar]
[108月2026 21:10:07.048] [main/INFO] [net.neoforged.fml.loading.moddiscovery.ModDiscoverer/SCAN]: Found library file "PinIn-1.6.0.jar" [parent: [通用拼音搜索] jecharacters-1.21.1-neoforge-4.5.27.jar, locator: jarinjar]
[108月2026 21:10:07.048] [main/INFO] [net.neoforged.fml.loading.moddiscovery.ModDiscoverer/SCAN]: Found library file "glsl-processor-0.2.3.jar" [parent: veil-neoforge-1.21.1-4.1.4.jar, locator: jarinjar]
[108月2026 21:10:07.048] [main/INFO] [net.neoforged.fml.loading.moddiscovery.ModDiscoverer/SCAN]: Found mod file "ponder-neoforge-1.0.82+mc1.21.1.jar" [parent: [机械动力] create-1.21.1-6.0.10.jar, locator: jarinjar, reader: mod manifest]
[108月2026 21:10:07.048] [main/INFO] [net.neoforged.fml.loading.moddiscovery.ModDiscoverer/SCAN]: Found library file "sewlia-config-1.0.0-20250810.044244-13.jar" [parent: [氪] krypton_fnp-neoforge-1.21.1-0.2.28.1-1.21.1.jar, locator: jarinjar]
[108月2026 21:10:07.048] [main/INFO] [net.neoforged.fml.loading.moddiscovery.ModDiscoverer/SCAN]: Found library file "net.neoforged.neoforge-coremods-21.1.248.jar" [parent: neoforge-21.1.248-universal.jar, locator: jarinjar, reader: mod manifest]
[108月2026 21:10:07.048] [main/INFO] [net.neoforged.fml.loading.moddiscovery.ModDiscoverer/SCAN]: Found mod file "dev.eriksonn.aeronautics.aeronautics-neoforge-1.21.1-1.3.0.jar" [parent: [机械动力：航空学] create-aeronautics-bundled-1.21.1-1.3.0.jar, locator: jarinjar, reader: mod manifest]
[108月2026 21:10:07.048] [main/INFO] [net.neoforged.fml.loading.moddiscovery.ModDiscoverer/SCAN]: Found mod file "xaerolib-neoforge-1.21.1-1.1.15.jar" [parent: [Xaero的小地图] xaerominimap-neoforge-1.21.1-26.1.0.jar, locator: jarinjar, reader: mod manifest]
[108月2026 21:10:07.048] [main/INFO] [net.neoforged.fml.loading.moddiscovery.ModDiscoverer/SCAN]: Found mod file "c2me-neoforge-opts-natives-math-mc1.21.1-0.4.0-alpha.0.116.jar" [parent: [区块加载优化] c2me-neoforge-mc1.21.1-0.4.0-alpha.0.116.jar, locator: jarinjar, reader: mod manifest]
[108月2026 21:10:07.048] [main/INFO] [net.neoforged.fml.loading.moddiscovery.ModDiscoverer/SCAN]: Found mod file "TRender-1.0.15-1.21.1-neoforge-SNAPSHOT.jar" [parent: [实体渲染机制优化] entityculling-neoforge-1.10.5-mc1.21.1.jar, locator: jarinjar, reader: mod manifest]
[108月2026 21:10:07.048] [main/INFO] [net.neoforged.fml.loading.moddiscovery.ModDiscoverer/SCAN]: Found mod file "c2me-neoforge-fixes-general-threading-issues-mc1.21.1-0.4.0-alpha.0.116.jar" [parent: [区块加载优化] c2me-neoforge-mc1.21.1-0.4.0-alpha.0.116.jar, locator: jarinjar, reader: mod manifest]
[108月2026 21:10:07.048] [main/INFO] [net.neoforged.fml.loading.moddiscovery.ModDiscoverer/SCAN]: Found mod file "fabric-renderer-indigo-1.7.0-slim+4198af7119.jar" [parent: continuity-3.0.0+0.0.1+1.21.1.neoforge-all.jar, locator: jarinjar, reader: mod manifest]
[108月2026 21:10:07.048] [main/INFO] [net.neoforged.fml.loading.moddiscovery.ModDiscoverer/SCAN]: Found library file "kotlinx-coroutines-core-jvm-1.11.0.jar" [parent: kotlinforforge-5.12.0-all.jar, locator: jarinjar]
[108月2026 21:10:07.048] [main/INFO] [net.neoforged.fml.loading.moddiscovery.ModDiscoverer/SCAN]: Found library file "javaparser-core-3.24.8.jar" [parent: ProbeJS-8.0.3.jar, locator: jarinjar]
[108月2026 21:10:07.048] [main/INFO] [net.neoforged.fml.loading.moddiscovery.ModDiscoverer/SCAN]: Found gamelibrary file "RecipeSearch-1.3.jar" [parent: [快速配方查找] fastrecipesearch-1.21.1-26.2-neoforge.jar, locator: jarinjar, reader: mod manifest]
[108月2026 21:10:07.048] [main/INFO] [net.neoforged.fml.loading.moddiscovery.ModDiscoverer/SCAN]: Found library file "jctools-core-4.0.5.jar" [parent: [区块加载优化] c2me-neoforge-mc1.21.1-0.4.0-alpha.0.116.jar, locator: jarinjar]
[108月2026 21:10:07.048] [main/INFO] [net.neoforged.fml.loading.moddiscovery.ModDiscoverer/SCAN]: Found mod file "veil-neoforge-1.21.1-4.1.4.jar" [parent: sable-neoforge-1.21.1-2.0.3.jar, locator: jarinjar, reader: mod manifest]
[108月2026 21:10:07.048] [main/INFO] [net.neoforged.fml.loading.moddiscovery.ModDiscoverer/SCAN]: Found gamelibrary file "mixinsquared-neoforge-0.3.7-beta.1.jar" [parent: [区块加载优化] c2me-neoforge-mc1.21.1-0.4.0-alpha.0.116.jar, locator: jarinjar, reader: mod manifest]
[108月2026 21:10:07.048] [main/INFO] [net.neoforged.fml.loading.moddiscovery.ModDiscoverer/SCAN]: Found mod file "dev.simulated_team.simulated.simulated-neoforge-1.21.1-1.3.0.jar" [parent: [机械动力：航空学] create-aeronautics-bundled-1.21.1-1.3.0.jar, locator: jarinjar, reader: mod manifest]
[108月2026 21:10:07.048] [main/INFO] [net.neoforged.fml.loading.moddiscovery.ModDiscoverer/SCAN]: Found library file "kotlinx-coroutines-jdk8-1.11.0.jar" [parent: kotlinforforge-5.12.0-all.jar, locator: jarinjar]
[108月2026 21:10:07.048] [main/INFO] [net.neoforged.fml.loading.moddiscovery.ModDiscoverer/SCAN]: Found mod file "c2me-neoforge-opts-math-mc1.21.1-0.4.0-alpha.0.116.jar" [parent: [区块加载优化] c2me-neoforge-mc1.21.1-0.4.0-alpha.0.116.jar, locator: jarinjar, reader: mod manifest]
[108月2026 21:10:07.048] [main/INFO] [net.neoforged.fml.loading.moddiscovery.ModDiscoverer/SCAN]: Found mod file "c2me-neoforge-rewrites-chunk-system-mc1.21.1-0.4.0-alpha.0.116.jar" [parent: [区块加载优化] c2me-neoforge-mc1.21.1-0.4.0-alpha.0.116.jar, locator: jarinjar, reader: mod manifest]
[108月2026 21:10:07.048] [main/INFO] [net.neoforged.fml.loading.moddiscovery.ModDiscoverer/SCAN]: Found library file "rxjava-3.1.12.jar" [parent: [区块加载优化] c2me-neoforge-mc1.21.1-0.4.0-alpha.0.116.jar, locator: jarinjar]
[108月2026 21:10:07.048] [main/INFO] [net.neoforged.fml.loading.moddiscovery.ModDiscoverer/SCAN]: Found library file "kotlin-stdlib-jdk7-2.4.0.jar" [parent: kotlinforforge-5.12.0-all.jar, locator: jarinjar]
[108月2026 21:10:07.048] [main/INFO] [net.neoforged.fml.loading.moddiscovery.ModDiscoverer/SCAN]: Found library file "battery-2.0.0.jar" [parent: [动态 FPS] dynamic-fps-3.11.4+minecraft-1.21.0-neoforge.jar, locator: jarinjar]
[108月2026 21:10:07.048] [main/INFO] [net.neoforged.fml.loading.moddiscovery.ModDiscoverer/SCAN]: Found library file "kotlin-stdlib-jdk8-2.4.0.jar" [parent: kotlinforforge-5.12.0-all.jar, locator: jarinjar]
[108月2026 21:10:07.049] [main/INFO] [net.neoforged.fml.loading.moddiscovery.ModDiscoverer/SCAN]: Found library file "reactive-streams-1.0.4.jar" [parent: [区块加载优化] c2me-neoforge-mc1.21.1-0.4.0-alpha.0.116.jar, locator: jarinjar]
[108月2026 21:10:07.049] [main/INFO] [net.neoforged.fml.loading.moddiscovery.ModDiscoverer/SCAN]: Found library file "molang-compiler-3.1.1.19.jar" [parent: veil-neoforge-1.21.1-4.1.4.jar, locator: jarinjar]
[108月2026 21:10:07.049] [main/INFO] [net.neoforged.fml.loading.moddiscovery.ModDiscoverer/SCAN]: Found mod file "c2me-neoforge-base-mc1.21.1-0.4.0-alpha.0.116-all.jar" [parent: [区块加载优化] c2me-neoforge-mc1.21.1-0.4.0-alpha.0.116.jar, locator: jarinjar, reader: mod manifest]
[108月2026 21:10:07.049] [main/INFO] [net.neoforged.fml.loading.moddiscovery.ModDiscoverer/SCAN]: Found library file "animated-gif-lib-for-java-animated-gif-lib-1.7.jar" [parent: [自定义菜单界面] fancymenu_neoforge_3.9.9_MC_1.21.1.jar, locator: jarinjar]
[108月2026 21:10:07.049] [main/INFO] [net.neoforged.fml.loading.moddiscovery.ModDiscoverer/SCAN]: Found mod file "c2me-neoforge-fixes-worldgen-vanilla-bugs-mc1.21.1-0.4.0-alpha.0.116.jar" [parent: [区块加载优化] c2me-neoforge-mc1.21.1-0.4.0-alpha.0.116.jar, locator: jarinjar, reader: mod manifest]
[108月2026 21:10:07.049] [main/INFO] [net.neoforged.fml.loading.moddiscovery.ModDiscoverer/SCAN]: Found mod file "c2me-neoforge-opts-worldgen-vanilla-mc1.21.1-0.4.0-alpha.0.116.jar" [parent: [区块加载优化] c2me-neoforge-mc1.21.1-0.4.0-alpha.0.116.jar, locator: jarinjar, reader: mod manifest]
[108月2026 21:10:07.049] [main/INFO] [net.neoforged.fml.loading.moddiscovery.ModDiscoverer/SCAN]: Found library file "common-image-3.12.0.jar" [parent: [沉浸画框] immersive_paintings-neoforge-1.21.1-0.7.8.jar, locator: jarinjar]
[108月2026 21:10:07.049] [main/INFO] [net.neoforged.fml.loading.moddiscovery.ModDiscoverer/SCAN]: Found library file "kotlinx-serialization-json-jvm-1.11.0.jar" [parent: kotlinforforge-5.12.0-all.jar, locator: jarinjar]
[108月2026 21:10:07.049] [main/INFO] [net.neoforged.fml.loading.moddiscovery.ModDiscoverer/SCAN]: Found mod file "c2me-neoforge-opts-scheduling-mc1.21.1-0.4.0-alpha.0.116.jar" [parent: [区块加载优化] c2me-neoforge-mc1.21.1-0.4.0-alpha.0.116.jar, locator: jarinjar, reader: mod manifest]
[108月2026 21:10:07.049] [main/INFO] [net.neoforged.fml.loading.moddiscovery.ModDiscoverer/SCAN]: Found mod file "dev.ryanhcode.offroad.offroad-neoforge-1.21.1-1.3.0.jar" [parent: [机械动力：航空学] create-aeronautics-bundled-1.21.1-1.3.0.jar, locator: jarinjar, reader: mod manifest]
[108月2026 21:10:07.049] [main/INFO] [net.neoforged.fml.loading.moddiscovery.ModDiscoverer/SCAN]: Found library file "exp4j-0.4.8.jar" [parent: [区块加载优化] c2me-neoforge-mc1.21.1-0.4.0-alpha.0.116.jar, locator: jarinjar]
[108月2026 21:10:07.049] [main/INFO] [net.neoforged.fml.loading.moddiscovery.ModDiscoverer/SCAN]: Found library file "snakeyaml-2.4.jar" [parent: [氪] krypton_fnp-neoforge-1.21.1-0.2.28.1-1.21.1.jar, locator: jarinjar]
[108月2026 21:10:07.049] [main/INFO] [net.neoforged.fml.loading.moddiscovery.ModDiscoverer/SCAN]: Found library file "jankson-1.2.3.jar" [parent: fzzy_config-0.7.5+1.21+neoforge.jar, locator: jarinjar]
[108月2026 21:10:07.049] [main/INFO] [net.neoforged.fml.loading.moddiscovery.ModDiscoverer/SCAN]: Found gamelibrary file "mixinextras-neoforge-0.5.3.jar" [parent: neoforge-21.1.248-universal.jar, locator: jarinjar, reader: mod manifest]
[108月2026 21:10:07.049] [main/INFO] [net.neoforged.fml.loading.moddiscovery.ModDiscoverer/SCAN]: Found mod file "c2me-neoforge-fixes-chunkio-threading-issues-mc1.21.1-0.4.0-alpha.0.116.jar" [parent: [区块加载优化] c2me-neoforge-mc1.21.1-0.4.0-alpha.0.116.jar, locator: jarinjar, reader: mod manifest]
[108月2026 21:10:07.049] [main/INFO] [net.neoforged.fml.loading.moddiscovery.ModDiscoverer/SCAN]: Found gamelibrary file "dev.ryanhcode.sable.sable-sable_rapier-1.21.1-2.0.3.jar" [parent: sable-neoforge-1.21.1-2.0.3.jar, locator: jarinjar, reader: mod manifest]
[108月2026 21:10:07.049] [main/INFO] [net.neoforged.fml.loading.moddiscovery.ModDiscoverer/SCAN]: Found mod file "c2me-neoforge-client-uncapvd-mc1.21.1-0.4.0-alpha.0.116.jar" [parent: [区块加载优化] c2me-neoforge-mc1.21.1-0.4.0-alpha.0.116.jar, locator: jarinjar, reader: mod manifest]
[108月2026 21:10:07.049] [main/INFO] [net.neoforged.fml.loading.moddiscovery.ModDiscoverer/SCAN]: Found library file "commonmark-ext-ins-0.29.0.jar" [parent: [模组秘典] modonomicon-1.21.1-neoforge-1.120.4.jar, locator: jarinjar]
[108月2026 21:10:07.049] [main/INFO] [net.neoforged.fml.loading.moddiscovery.ModDiscoverer/SCAN]: Found mod file "c2me-neoforge-server-utils-mc1.21.1-0.4.0-alpha.0.116.jar" [parent: [区块加载优化] c2me-neoforge-mc1.21.1-0.4.0-alpha.0.116.jar, locator: jarinjar, reader: mod manifest]
[108月2026 21:10:07.049] [main/INFO] [net.neoforged.fml.loading.moddiscovery.ModDiscoverer/SCAN]: Found library file "thedarkcolour.kfflang-5.12.0.jar" [parent: kotlinforforge-5.12.0-all.jar, locator: jarinjar, reader: mod manifest]
[108月2026 21:10:07.049] [main/INFO] [net.neoforged.fml.loading.moddiscovery.ModDiscoverer/SCAN]: Found gamelibrary file "thedarkcolour.kfflib-5.12.0.jar" [parent: kotlinforforge-5.12.0-all.jar, locator: jarinjar, reader: mod manifest]
[108月2026 21:10:07.049] [main/INFO] [net.neoforged.fml.loading.moddiscovery.ModDiscoverer/SCAN]: Found library file "jcpp-1.4.14.jar" [parent: [光影] iris-neoforge-1.8.14-beta.1+mc1.21.1.jar, locator: jarinjar]
[108月2026 21:10:07.049] [main/INFO] [net.neoforged.fml.loading.moddiscovery.ModDiscoverer/SCAN]: Found library file "glsl-transformer-3.0.0-pre3.jar" [parent: [光影] iris-neoforge-1.8.14-beta.1+mc1.21.1.jar, locator: jarinjar]
[108月2026 21:10:07.049] [main/INFO] [net.neoforged.fml.loading.moddiscovery.ModDiscoverer/SCAN]: Found mod file "thedarkcolour.kffmod-5.12.0.jar" [parent: kotlinforforge-5.12.0-all.jar, locator: jarinjar, reader: mod manifest]
[108月2026 21:10:07.049] [main/INFO] [net.neoforged.fml.loading.moddiscovery.ModDiscoverer/SCAN]: Found library file "javaparser-symbol-solver-core-3.24.8.jar" [parent: ProbeJS-8.0.3.jar, locator: jarinjar]
[108月2026 21:10:07.049] [main/INFO] [net.neoforged.fml.loading.moddiscovery.ModDiscoverer/SCAN]: Found mod file "c2me-neoforge-opts-dfc-mc1.21.1-0.4.0-alpha.0.116.jar" [parent: [区块加载优化] c2me-neoforge-mc1.21.1-0.4.0-alpha.0.116.jar, locator: jarinjar, reader: mod manifest]
[108月2026 21:10:07.049] [main/INFO] [net.neoforged.fml.loading.moddiscovery.ModDiscoverer/SCAN]: Found library file "kotlin-stdlib-2.4.0.jar" [parent: kotlinforforge-5.12.0-all.jar, locator: jarinjar]
[108月2026 21:10:07.049] [main/INFO] [net.neoforged.fml.loading.moddiscovery.ModDiscoverer/SCAN]: Found library file "kotlin-reflect-2.4.0.jar" [parent: kotlinforforge-5.12.0-all.jar, locator: jarinjar]
[108月2026 21:10:07.049] [main/INFO] [net.neoforged.fml.loading.moddiscovery.ModDiscoverer/SCAN]: Found mod file "fidworkblock-1.0.0.jar" [parent: [烟火凡人心] flavor_immersed_daily-2026.7.5-neoforge-1.21.1.jar, locator: jarinjar, reader: mod manifest]
[108月2026 21:10:07.049] [main/INFO] [net.neoforged.fml.loading.moddiscovery.ModDiscoverer/SCAN]: Found mod file "sable-companion-common-1.21.1-1.6.0.jar" [parent: sable-neoforge-1.21.1-2.0.3.jar, locator: jarinjar, reader: mod manifest]
[108月2026 21:10:07.049] [main/INFO] [net.neoforged.fml.loading.moddiscovery.ModDiscoverer/SCAN]: Found mod file "flywheel-neoforge-1.21.1-1.0.6.jar" [parent: [机械动力] create-1.21.1-6.0.10.jar, locator: jarinjar, reader: mod manifest]
[108月2026 21:10:07.049] [main/INFO] [net.neoforged.fml.loading.moddiscovery.ModDiscoverer/SCAN]: Found library file "velocity-native-3.4.0-SNAPSHOT.jar" [parent: [氪] krypton_fnp-neoforge-1.21.1-0.2.28.1-1.21.1.jar, locator: jarinjar]
[108月2026 21:10:07.049] [main/INFO] [net.neoforged.fml.loading.moddiscovery.ModDiscoverer/SCAN]: Found mod file "c2me-neoforge-notickvd-mc1.21.1-0.4.0-alpha.0.116.jar" [parent: [区块加载优化] c2me-neoforge-mc1.21.1-0.4.0-alpha.0.116.jar, locator: jarinjar, reader: mod manifest]
[108月2026 21:10:07.049] [main/INFO] [net.neoforged.fml.loading.moddiscovery.ModDiscoverer/SCAN]: Found library file "JustEnoughCharacters.coremod-neoforge.jar" [parent: [通用拼音搜索] jecharacters-1.21.1-neoforge-4.5.27.jar, locator: jarinjar, reader: mod manifest]
[108月2026 21:10:07.049] [main/INFO] [net.neoforged.fml.loading.moddiscovery.ModDiscoverer/SCAN]: Found library file "tomlkt-jvm-0.3.7.jar" [parent: fzzy_config-0.7.5+1.21+neoforge.jar, locator: jarinjar]
[108月2026 21:10:07.049] [main/INFO] [net.neoforged.fml.loading.moddiscovery.ModDiscoverer/SCAN]: Found mod file "c2me-neoforge-opts-worldgen-general-mc1.21.1-0.4.0-alpha.0.116.jar" [parent: [区块加载优化] c2me-neoforge-mc1.21.1-0.4.0-alpha.0.116.jar, locator: jarinjar, reader: mod manifest]
[108月2026 21:10:07.049] [main/INFO] [net.neoforged.fml.loading.moddiscovery.ModDiscoverer/SCAN]: Found mod file "c2me-neoforge-opts-chunkio-mc1.21.1-0.4.0-alpha.0.116.jar" [parent: [区块加载优化] c2me-neoforge-mc1.21.1-0.4.0-alpha.0.116.jar, locator: jarinjar, reader: mod manifest]
[108月2026 21:10:07.049] [main/INFO] [net.neoforged.fml.loading.moddiscovery.ModDiscoverer/SCAN]: Found library file "MixinSquared-0.3.7-beta.1.jar" [parent: mixinsquared-neoforge-0.3.7-beta.1.jar, locator: jarinjar]
[108月2026 21:10:07.049] [main/INFO] [net.neoforged.fml.loading.moddiscovery.ModDiscoverer/SCAN]: Found mod file "better-advanced-tooltips-2101.1.0-build.1.jar" [parent: [kjs魔改] kubejs-neoforge-2101.7.2-build.368.jar, locator: jarinjar, reader: mod manifest]
[108月2026 21:10:07.049] [main/INFO] [net.neoforged.fml.loading.moddiscovery.ModDiscoverer/SCAN]: Found library file "commonmark-0.29.0.jar" [parent: [模组秘典] modonomicon-1.21.1-neoforge-1.120.4.jar, locator: jarinjar]
[108月2026 21:10:07.049] [main/INFO] [net.neoforged.fml.loading.moddiscovery.ModDiscoverer/SCAN]: Found mod file "conditional-mixin-neoforge-0.6.4.jar" [parent: [机械动力：龙+] CreateDragonsPlus-1.11.2b.jar, locator: jarinjar, reader: mod manifest]
[108月2026 21:10:07.049] [main/INFO] [net.neoforged.fml.loading.moddiscovery.ModDiscoverer/SCAN]: Found mod file "TRansition-1.0.21-1.21.1-neoforge-SNAPSHOT.jar" [parent: [实体渲染机制优化] entityculling-neoforge-1.10.5-mc1.21.1.jar, locator: jarinjar, reader: mod manifest]
[108月2026 21:10:07.049] [main/INFO] [net.neoforged.fml.loading.moddiscovery.ModDiscoverer/SCAN]: Found library file "imageio-webp-3.12.0.jar" [parent: [沉浸画框] immersive_paintings-neoforge-1.21.1-0.7.8.jar, locator: jarinjar]
[108月2026 21:10:07.050] [main/INFO] [net.neoforged.fml.loading.moddiscovery.ModDiscoverer/SCAN]: Found library file "kotlinx-serialization-core-jvm-1.11.0.jar" [parent: kotlinforforge-5.12.0-all.jar, locator: jarinjar]
[108月2026 21:10:07.050] [main/INFO] [net.neoforged.fml.loading.moddiscovery.ModDiscoverer/SCAN]: Found library file "caffeine-3.2.1.jar" [parent: [区块加载优化] c2me-neoforge-mc1.21.1-0.4.0-alpha.0.116.jar, locator: jarinjar]
[108月2026 21:10:07.050] [main/INFO] [net.neoforged.fml.loading.moddiscovery.ModDiscoverer/SCAN]: Found mod file "c2me-neoforge-rewrites-chunkio-mc1.21.1-0.4.0-alpha.0.116.jar" [parent: [区块加载优化] c2me-neoforge-mc1.21.1-0.4.0-alpha.0.116.jar, locator: jarinjar, reader: mod manifest]
[108月2026 21:10:07.050] [main/INFO] [net.neoforged.fml.loading.moddiscovery.ModDiscoverer/SCAN]: Found gamelibrary file "Registrate-MC1.21-1.3.0+67.jar" [parent: [机械动力] create-1.21.1-6.0.10.jar, locator: jarinjar, reader: mod manifest]
[108月2026 21:10:07.050] [main/INFO] [net.neoforged.fml.loading.moddiscovery.ModDiscoverer/SCAN]: Found library file "japng-0.5.3.jar" [parent: [自定义菜单界面] fancymenu_neoforge_3.9.9_MC_1.21.1.jar, locator: jarinjar]
[108月2026 21:10:07.050] [main/INFO] [net.neoforged.fml.loading.moddiscovery.ModDiscoverer/SCAN]: Found mod file "create_factory_abstractions-1.21.1-1.6.0.jar" [parent: [机械动力：无人机物流] create_mobile_packages-1.21.1-0.7.7.jar, locator: jarinjar, reader: mod manifest]
[108月2026 21:10:07.050] [main/INFO] [net.neoforged.fml.loading.moddiscovery.ModDiscoverer/SCAN]: Found library file "tiny-java-server-1.0.0-build.33.jar" [parent: [kjs魔改] kubejs-neoforge-2101.7.2-build.368.jar, locator: jarinjar]
[108月2026 21:10:07.050] [main/INFO] [net.neoforged.fml.loading.moddiscovery.ModDiscoverer/SCAN]: Found mod file "c2me-neoforge-opts-allocs-mc1.21.1-0.4.0-alpha.0.116.jar" [parent: [区块加载优化] c2me-neoforge-mc1.21.1-0.4.0-alpha.0.116.jar, locator: jarinjar, reader: mod manifest]
[108月2026 21:10:07.050] [main/INFO] [net.neoforged.fml.loading.moddiscovery.ModDiscoverer/SCAN]: Found library file "common-lang-3.12.0.jar" [parent: [沉浸画框] immersive_paintings-neoforge-1.21.1-0.7.8.jar, locator: jarinjar]
[108月2026 21:10:07.050] [main/INFO] [net.neoforged.fml.loading.moddiscovery.ModDiscoverer/SCAN]: Found library file "imageio-core-3.12.0.jar" [parent: [沉浸画框] immersive_paintings-neoforge-1.21.1-0.7.8.jar, locator: jarinjar]
[108月2026 21:10:07.050] [main/INFO] [net.neoforged.fml.loading.moddiscovery.ModDiscoverer/SCAN]: Found library file "asyncutil-0.1.0.jar" [parent: [区块加载优化] c2me-neoforge-mc1.21.1-0.4.0-alpha.0.116.jar, locator: jarinjar]
[108月2026 21:10:07.052] [main/INFO] [net.neoforged.fml.loading.moddiscovery.ModDiscoverer/]: 
     Mod List:
		Name Version (Mod Id)

		AI-Improvements 0.5.3 (aiimprovements)
		All The Leaks 1.1.11+1.21.1-neoforge (alltheleaks)
		Always Eat 1.0.0 (always_eat)
		AmbientSounds 6.3.8 (ambientsounds)
		AppleSkin 3.0.9+mc1.21 (appleskin)
		Architectury 13.0.11 (architectury)
		AttributeFix 21.1.3 (attributefix)
		Better Advanced Tooltips 2101.1.0-build.1 (betteradvancedtooltips)
		Bookshelf 21.1.81 (bookshelf)
		Caelus API 7.0.1+1.21.1 (caelus)
		ClientSort 2.2.2+1.21.1 (clientsort)
		Cloth Config v15 API 15.0.140 (cloth_config)
		Colorwheel 1.2.9+mc1.21.1 (colorwheel)
		Colorwheel Patcher 1.0.5+mc1.21.1 (colorwheel_patcher)
		Compatibility addon for MineColonies 3.42 (minecolonies_compatibility)
		Concurrent Chunk Management Engine 0.4.0-alpha.0.116+1.21.1 (c2me)
		Concurrent Chunk Management Engine (Base) 0.4.0-alpha.0.116+1.21.1 (c2me_base)
		Concurrent Chunk Management Engine (Client/Uncap View Distance) 0.4.0-alpha.0.116+1.21.1 (c2me_client_uncapvd)
		Concurrent Chunk Management Engine (Fixes/Chunk IO/Threading Issues) 0.4.0-alpha.0.116+1.21.1 (c2me_fixes_chunkio_threading_issues)
		Concurrent Chunk Management Engine (Fixes/General/Threading Issues) 0.4.0-alpha.0.116+1.21.1 (c2me_fixes_general_threading_issues)
		Concurrent Chunk Management Engine (Fixes/WorldGen/Threading Issues) 0.4.0-alpha.0.116+1.21.1 (c2me_fixes_worldgen_threading_issues)
		Concurrent Chunk Management Engine (Fixes/WorldGen/Vanilla Bugs) 0.4.0-alpha.0.116+1.21.1 (c2me_fixes_worldgen_vanilla_bugs)
		Concurrent Chunk Management Engine (No Tick View Distance) 0.4.0-alpha.0.116+1.21.1 (c2me_notickvd)
		Concurrent Chunk Management Engine (Optimizations/Chunk IO) 0.4.0-alpha.0.116+1.21.1 (c2me_opts_chunkio)
		Concurrent Chunk Management Engine (Optimizations/Density Function Compiler) 0.4.0-alpha.0.116+1.21.1 (c2me_opts_dfc)
		Concurrent Chunk Management Engine (Optimizations/General WorldGen) 0.4.0-alpha.0.116+1.21.1 (c2me_opts_worldgen_general)
		Concurrent Chunk Management Engine (Optimizations/Math) 0.4.0-alpha.0.116+1.21.1 (c2me_opts_math)
		Concurrent Chunk Management Engine (Optimizations/Memory Allocations) 0.4.0-alpha.0.116+1.21.1 (c2me_opts_allocs)
		Concurrent Chunk Management Engine (Optimizations/Natives Math) 0.4.0-alpha.0.116+1.21.1 (c2me_opts_natives_math)
		Concurrent Chunk Management Engine (Optimizations/Scheduling) 0.4.0-alpha.0.116+1.21.1 (c2me_opts_scheduling)
		Concurrent Chunk Management Engine (Optimizations/Vanilla WorldGen) 0.4.0-alpha.0.116+1.21.1 (c2me_opts_worldgen_vanilla)
		Concurrent Chunk Management Engine (Rewrites/Chunk IO) 0.4.0-alpha.0.116+1.21.1 (c2me_rewrites_chunkio)
		Concurrent Chunk Management Engine (Rewrites/Chunk System) 0.4.0-alpha.0.116+1.21.1 (c2me_rewrites_chunk_system)
		Concurrent Chunk Management Engine (Server Utils) 0.4.0-alpha.0.116+1.21.1 (c2me_server_utils)
		Concurrent Chunk Management Engine (Threading/Lighting) 0.4.0-alpha.0.116+1.21.1 (c2me_threading_lighting)
		conditional mixin 0.6.4 (conditional_mixin)
		Construction Wand KOTS 2.16.9 (constructionwand)
		Controlling 19.0.5 (controlling)
		Create 6.0.10 (create)
		Create Aeronautics 1.3.0 (aeronautics_bundled)
		Create Aeronautics 1.3.0 (aeronautics)
		Create Aeronautics: Toolgun 0.2.2 (create_aeronautics_toolgun)
		Create Big Cannons 5.11.7 (createbigcannons)
		Create Factory Abstractions 1.6.0 (create_factory_abstractions)
		Create Liquid Fuel 2.1.1-1.21.1 (createliquidfuel)
		Create Offroad 1.3.0 (offroad)
		Create Simulated 1.3.0 (simulated)
		Create Tracks 1.0.1 (tracks)
		Create: Central Kitchen 2.5.0 (create_central_kitchen)
		Create: Connected 1.3.2-mc1.21.1 (create_connected)
		Create: Copycats+ 3.0.4+mc.1.21.1-neoforge (copycats)
		Create: Dragons Plus 1.11.2b (create_dragons_plus)
		Create: Integrated Farming 1.2.6 (create_integrated_farming)
		Create: Mobile Packages 0.7.7 (create_mobile_packages)
		Create: Prismatic Shine 1.2.2 (createprism)
		Create: Radars 0.4.4-10 (create_radar)
		Create: Steam 'n' Rails 1.21.1 0.3.0-beta.2+neoforge-mc1.21.1 (railways)
		CreativeCore 2.13.41 (creativecore)
		Creeper Firework 2.2.0 (creeper_firework)
		Cupboard mod 3.9 (cupboard)
		Curios API 9.5.1+1.21.1 (curios)
		Domum Ornamentum 1.0.234-snapshot (domum_ornamentum)
		Drive By Wire 0.3.0 (drivebywire)
		Dynamic FPS 3.11.4 (dynamic_fps)
		EntityCulling 1.10.5 (entityculling)
		Exposure 1.9.18 (exposure)
		FancyMenu 3.9.9 (fancymenu)
		Farmer's Delight 1.3.2 (farmersdelight)
		Farsight mod 5.1 (farsight_view)
		Fast Recipe Search 1.21.1-26.2-neoforge (fastrecipesearch)
		FastLeafDecay 35 (fastleafdecay)
		Ferrite Core 7.0.3 (ferritecore)
		FidworkBlock 1.0.0 (fidworkblock)
		Flywheel 1.0.6 (flywheel)
		Forgified Fabric API Base 0.4.42+d1308ded19 (fabric_api_base)
		Forgified Fabric BlockView API (v2) 1.0.10+9afaaf8c19 (fabric_block_view_api_v2)
		Forgified Fabric Renderer - Indigo 1.7.0-slim+4198af7119 (fabric_renderer_indigo)
		Forgified Fabric Renderer API (v1) 3.4.1+9125b6dc19 (fabric_renderer_api_v1)
		Forgified Fabric Rendering Data Attachment (v1) 0.3.48+73761d2e19 (fabric_rendering_data_attachment_v1)
		FTB Chunks 2101.1.21 (ftbchunks)
		FTB Essentials 2101.1.10 (ftbessentials)
		FTB Library 2101.1.34 (ftblibrary)
		FTB Quests 2101.1.29 (ftbquests)
		FTB Teams 2101.1.10 (ftbteams)
		Fzzy Config 0.7.5+1.21+neoforge (fzzy_config)
		GeckoLib 4 4.9.2 (geckolib)
		IMBlocker 5.5.4 (imblocker)
		Immersive Paintings 0.7.8 (immersive_paintings)
		Iris 1.8.14-beta.1+mc1.21.1 (iris)
		Iron's Lib 1.21.1-2.1.0 (irons_lib)
		Iron's Spells 'n Spellbooks 1.21.1-3.16.2 (irons_spellbooks)
		Jade 15.10.5+neoforge (jade)
		Just Enough Characters 4.5.27 (jecharacters)
		Just Enough Items 19.43.0.392 (jei)
		Konkrete 1.9.9 (konkrete)
		Kotlin For Forge 5.12.0 (kotlinforforge)
		Krypton FNP 0.2.28.1-1.21.1 (krypton_fnp)
		KubeJS 2101.7.2-build.368 (kubejs)
		Lithosphere 1.8.1 (mr_lithosphere)
		MaidUseHandCrank 1.6.2 (muhc)
		Melody 1.0.10 (melody)
		MineColonies 1.1.1285-1.21.1 (minecolonies)
		Minecraft 1.21.1 (minecraft)
		ModernFix 5.27.20+mc1.21.1 (modernfix)
		Modonomicon 1.120.4 (modonomicon)
		Mouse Tweaks 2.26.1 (mousetweaks)
		Multi-Piston 1.2.58-1.21.1 (multipiston)
		Nature's Compass 1.21.1-3.4.0-neoforge (naturescompass)
		NeoContinuity 3.0.0+0.0.1+1.21.1.neoforge (continuity)
		NeoForge 21.1.248 (neoforge)
		Net Music Mod 1.5.1-neoforge+mc1.21.1 (netmusic)
		Northstar Redux 0.6.4+1.21.1 (northstar)
		Observable 5.4.4 (observable)
		Occultism 1.224.2 (occultism)
		Overflowing Bars 21.1.1 (overflowingbars)
		Patchouli 1.21.1-93-NEOFORGE (patchouli)
		Pathfinding Edition For Minecolonies 1.0.5-ALPHA-12 (colonypathingedition)
		Player Animator 2.0.4+1.21.1 (playeranimator)
		Polymorph 1.1.0+1.21.1 (polymorph)
		Ponder 1.0.82+mc1.21.1 (ponder)
		Presence Footsteps (NeoForge) 1.21.1-1.12.0-beta.1 (presencefootsteps)
		PrickleMC 21.1.11 (prickle)
		ProbeJS 8.0.3 (probejs)
		Puzzles Lib 21.1.52 (puzzleslib)
		Reap Mod 1.21.1-1.1.2 (reap)
		Rhino 2101.2.8-build.91 (rhino)
		Ritchie's Projectile Library 2.1.2 (ritchiesprojectilelib)
		Sable 2.0.3 (sable)
		Sable Companion 1.6.0 (sablecompanion)
		Searchables 1.0.2 (searchables)
		Simple Tombstone 1.21.1-1.4.4 (simpletomb)
		SmartBrainLib 1.16.11 (smartbrainlib)
		Sodium 0.8.12-beta.2+mc1.21.1 (sodium)
		Sophisticated Backpacks 3.25.65 (sophisticatedbackpacks)
		Sophisticated Core 1.4.62 (sophisticatedcore)
		Spice of Life: Carrot Edition 1.16.6 (solcarrot)
		Structurize 1.0.832-1.21.1-snapshot (structurize)
		Thirst Was Taken 1.21.1-2.1.5 (thirst)
		Torchmaster 21.1.9 (torchmaster)
		Touhou Little Maid 1.5.3-neoforge+mc1.21.1 (touhou_little_maid)
		Towntalk 1.2.0 (towntalk)
		TRansition 1.0.21 (transition)
		TRender 1.0.15 (trender)
		Tweaks addon for MineColonies 3.29 (minecolonies_tweaks)
		UI Library Mod 1.0.211-1.21.1-snapshot (blockui)
		Veil 4.1.4 (veil)
		Winefox's Spellbooks 1.0.1 (winefoxs_spellbooks)
		Xaero's Minimap 26.1.0 (xaerominimap)
		Xaero's World Map 1.41.2 (xaeroworldmap)
		XaeroLib 1.1.15 (xaerolib)
		Yeetus Experimentus 87.0.0 (yeetusexperimentus)
		Yes Steve Model 2.6.5-neoforge+mc1.21.1 (yes_steve_model)
		烟火凡人心 2026.7.5 (flavor_immersed_daily)
[108月2026 21:10:07.307] [main/INFO] [net.neoforged.fml.loading.FMLServiceProvider/CORE]: Loading coremod script-engine for [xaeroworldmap, xaerominimap]
[108月2026 21:10:08.543] [main/INFO] [mixin/]: Compatibility level set to JAVA_21
[108月2026 21:10:08.628] [main/INFO] [cpw.mods.modlauncher.LaunchServiceHandler/MODLAUNCHER]: Launching target 'forgeclient' with arguments [--version, 齿轮星都, --gameDir, E:\MC_PCL2\.minecraft\versions\齿轮星都, --assetsDir, E:\MC_PCL2\.minecraft\assets, --uuid, 95ef0c5286b940d686a40b56ef6a3594, --username, kamishiro121, --assetIndex, 17, --accessToken, ❄❄❄❄❄❄❄❄, --clientId, ${clientid}, --xuid, ${auth_xuid}, --userType, msa, --versionType, PCL, --width, 854, --height, 480]
[108月2026 21:10:08.713] [main/INFO] [C2ME Modules Manager/]: Initializing com.ishland.c2me.fixes.worldgen.threading_issues.mixin
[108月2026 21:10:08.734] [main/WARN] [mixin/]: Reference map 'geckolib.refmap.json' for geckolib.mixins.json could not be read. If this is a development environment you can ignore this message
[108月2026 21:10:08.735] [main/WARN] [mixin/]: Reference map 'create_mobile_packages.refmap.json' for create_mobile_packages.mixins.json could not be read. If this is a development environment you can ignore this message
[108月2026 21:10:08.735] [main/INFO] [C2ME Modules Manager/]: Initializing com.ishland.c2me.opts.natives_math.mixin
[108月2026 21:10:08.745] [main/WARN] [C2ME Modules Manager/]: Disabling com.ishland.c2me.opts.natives_math.mixin due to incompatible Java version, see debug logs for details
[108月2026 21:10:08.745] [main/INFO] [C2ME Modules Manager/]: Disabling com.ishland.c2me.opts.natives_math.mixin
[108月2026 21:10:08.746] [main/INFO] [C2ME Modules Manager/]: Initializing com.ishland.c2me.fixes.general.threading_issues.mixin
[108月2026 21:10:08.747] [main/WARN] [mixin/]: Reference map 'controlling.refmap.json' for controlling.mixins.json could not be read. If this is a development environment you can ignore this message
[108月2026 21:10:08.747] [main/WARN] [mixin/]: Reference map 'controlling.refmap.json' for controlling.neoforge.mixins.json could not be read. If this is a development environment you can ignore this message
[108月2026 21:10:08.748] [main/WARN] [mixin/]: Reference map 'xaeroworldmap.refmap.json' for xaeroworldmap.mixins.json could not be read. If this is a development environment you can ignore this message
[108月2026 21:10:08.796] [main/INFO] [ModernFix/]: Loaded configuration file for ModernFix 5.27.20+mc1.21.1: 89 options available, 4 override(s) found
[108月2026 21:10:08.796] [main/WARN] [ModernFix/]: Option 'mixin.perf.release_protochunks' overriden (by mods [c2me]) to 'false'
[108月2026 21:10:08.796] [main/WARN] [ModernFix/]: Option 'mixin.bugfix.paper_chunk_patches' overriden (by mods [c2me]) to 'false'
[108月2026 21:10:08.796] [main/WARN] [ModernFix/]: Option 'mixin.perf.cache_strongholds' overriden (by mods [c2me]) to 'false'
[108月2026 21:10:08.796] [main/WARN] [ModernFix/]: Option 'mixin.bugfix.chunk_deadlock' overriden (by mods [c2me]) to 'false'
[108月2026 21:10:08.796] [main/INFO] [ModernFix/]: Applying Nashorn fix
[108月2026 21:10:08.797] [main/INFO] [ModernFix/]: Configuring Minecraft's max.bg.threads option with 5 threads
[108月2026 21:10:08.845] [main/INFO] [one.pkg.config.SewliaConfig/]: All configurations saved
[108月2026 21:10:08.848] [main/INFO] [one.pkg.config.SewliaConfig/]: Reloaded configuration: ModConfig
[108月2026 21:10:08.848] [main/INFO] [one.pkg.config.SewliaConfig/]: Successfully initialized configuration manager, loaded 1 configuration classes
[108月2026 21:10:08.849] [main/WARN] [mixin/]: Reference map '' for krypton_fnp.mixins.json could not be read. If this is a development environment you can ignore this message
[108月2026 21:10:08.849] [main/WARN] [mixin/]: Reference map 'iris.refmap.json' for mixins.iris.json could not be read. If this is a development environment you can ignore this message
[108月2026 21:10:08.849] [main/WARN] [mixin/]: Reference map 'iris.refmap.json' for mixins.iris.fantastic.json could not be read. If this is a development environment you can ignore this message
[108月2026 21:10:08.849] [main/WARN] [mixin/]: Reference map 'iris.refmap.json' for mixins.iris.vertexformat.json could not be read. If this is a development environment you can ignore this message
[108月2026 21:10:08.849] [main/WARN] [mixin/]: Reference map 'iris.refmap.json' for iris-batched-entity-rendering.mixins.json could not be read. If this is a development environment you can ignore this message
[108月2026 21:10:08.849] [main/WARN] [mixin/]: Reference map 'iris.refmap.json' for mixins.iris.compat.sodium.json could not be read. If this is a development environment you can ignore this message
[108月2026 21:10:08.849] [main/WARN] [mixin/]: Reference map 'bookshelf.refmap.json' for bookshelf.mixins.json could not be read. If this is a development environment you can ignore this message
[108月2026 21:10:08.861] [main/WARN] [mixin/]: Reference map 'simulated.refmap.json' for simulated.mixins.json could not be read. If this is a development environment you can ignore this message
[108月2026 21:10:08.862] [main/INFO] [C2ME Modules Manager/]: Initializing com.ishland.c2me.opts.math.mixin
[108月2026 21:10:08.863] [main/WARN] [mixin/]: Reference map 'clientsort.refmap.json' for clientsort.mixins.json could not be read. If this is a development environment you can ignore this message
[108月2026 21:10:08.863] [main/WARN] [mixin/]: Reference map 'clientsort.refmap.json' for clientsort.neoforge.mixins.json could not be read. If this is a development environment you can ignore this message
[108月2026 21:10:08.865] [main/WARN] [mixin/]: Reference map 'prickle.refmap.json' for prickle.mixins.json could not be read. If this is a development environment you can ignore this message
[108月2026 21:10:08.865] [main/WARN] [mixin/]: Reference map 'melody.refmap.json' for melody.mixins.json could not be read. If this is a development environment you can ignore this message
[108月2026 21:10:08.866] [main/WARN] [mixin/]: Reference map 'melody.refmap.json' for melody.neoforge.mixins.json could not be read. If this is a development environment you can ignore this message
[108月2026 21:10:08.866] [main/INFO] [C2ME Modules Manager/]: Initializing com.ishland.c2me.base.mixin
[108月2026 21:10:08.889] [main/INFO] [C2ME Config System/]: Global Executor Parallelism: 4 configured, 4 evaluated, 4 default evaluated
[108月2026 21:10:08.891] [main/INFO] [C2ME Modules Manager/]: Initializing com.ishland.c2me.fixes.worldgen.vanilla_bugs.mixin
[108月2026 21:10:08.893] [main/WARN] [mixin/]: Reference map 'konkrete.refmap.json' for konkrete.mixins.json could not be read. If this is a development environment you can ignore this message
[108月2026 21:10:08.893] [main/WARN] [mixin/]: Reference map 'konkrete.refmap.json' for konkrete.neoforge.mixins.json could not be read. If this is a development environment you can ignore this message
[108月2026 21:10:08.894] [main/WARN] [mixin/]: Reference map 'create_connected.refmap.json' for create_connected.mixins.json could not be read. If this is a development environment you can ignore this message
[108月2026 21:10:08.895] [main/WARN] [mixin/]: Reference map 'torchmaster.refmap.json' for torchmaster.mixins.json could not be read. If this is a development environment you can ignore this message
[108月2026 21:10:08.895] [main/WARN] [mixin/]: Reference map 'colonypathingedition.refmap.json' for colonypathingedition.mixins.json could not be read. If this is a development environment you can ignore this message
[108月2026 21:10:08.895] [main/WARN] [mixin/]: Reference map 'ambientsounds.mixins.refmap.json' for ambientsounds.mixins.json could not be read. If this is a development environment you can ignore this message
[108月2026 21:10:08.895] [main/INFO] [C2ME Modules Manager/]: Initializing com.ishland.c2me.fixes.chunkio.threading_issues.mixin
[108月2026 21:10:08.895] [main/INFO] [C2ME Modules Manager/]: Initializing com.ishland.c2me.client.uncapvd.mixin
[108月2026 21:10:08.895] [main/INFO] [C2ME Modules Manager/]: Initializing com.ishland.c2me.opts.dfc.mixin
[108月2026 21:10:08.895] [main/WARN] [mixin/]: Reference map 'touhou_little_maid.refmap.json' for touhou_little_maid.mixins.json could not be read. If this is a development environment you can ignore this message
[108月2026 21:10:08.895] [main/WARN] [mixin/]: Reference map 'curios.refmap.json' for curios.neoforge.mixins.json could not be read. If this is a development environment you can ignore this message
[108月2026 21:10:08.895] [main/WARN] [mixin/]: Reference map 'curios.refmap.json' for curios.mixins.json could not be read. If this is a development environment you can ignore this message
[108月2026 21:10:08.895] [main/WARN] [mixin/]: Reference map 'patchouli.refmap.json' for patchouli_xplat.mixins.json could not be read. If this is a development environment you can ignore this message
[108月2026 21:10:08.895] [main/WARN] [mixin/]: Reference map 'searchables.refmap.json' for searchables.mixins.json could not be read. If this is a development environment you can ignore this message
[108月2026 21:10:08.895] [main/WARN] [mixin/]: Reference map 'searchables.refmap.json' for searchables.neoforge.mixins.json could not be read. If this is a development environment you can ignore this message
[108月2026 21:10:08.895] [main/WARN] [mixin/]: Reference map 'thirst.refmap.json' for thirst.mixins.json could not be read. If this is a development environment you can ignore this message
[108月2026 21:10:08.895] [main/WARN] [mixin/]: Reference map 'CreateLiquidFuel.refmap.json' for createliquidfuel.mixins.json could not be read. If this is a development environment you can ignore this message
[108月2026 21:10:08.895] [main/INFO] [C2ME Modules Manager/]: Initializing com.ishland.c2me.rewrites.chunkio.mixin
[108月2026 21:10:08.903] [main/INFO] [C2ME Modules Manager/]: Initializing com.ishland.c2me.opts.allocs.mixin
[108月2026 21:10:08.903] [main/INFO] [C2ME Modules Manager/]: Initializing com.ishland.c2me.threading.lighting.mixin
[108月2026 21:10:08.920] [main/WARN] [mixin/]: Reference map 'irons_lib.refmap.json' for irons_lib.mixins.json could not be read. If this is a development environment you can ignore this message
[108月2026 21:10:08.920] [main/WARN] [mixin/]: Reference map 'xaerolib.refmap.json' for xaerolib.mixins.json could not be read. If this is a development environment you can ignore this message
[108月2026 21:10:08.920] [main/WARN] [mixin/]: Reference map 'attributefix.refmap.json' for attributefix.mixins.json could not be read. If this is a development environment you can ignore this message
[108月2026 21:10:08.920] [main/WARN] [mixin/]: Reference map 'aeronautics.refmap.json' for aeronautics.mixins.json could not be read. If this is a development environment you can ignore this message
[108月2026 21:10:08.929] [main/WARN] [mixin/]: Reference map 'yes_steve_model.refmap.json' for yes_steve_model.mixins.json could not be read. If this is a development environment you can ignore this message
[108月2026 21:10:08.930] [main/INFO] [C2ME Modules Manager/]: Initializing com.ishland.c2me.rewrites.chunksystem.mixin
[108月2026 21:10:08.932] [main/WARN] [mixin/]: Reference map 'farsight.refmap.json' for farsight.mixins.json could not be read. If this is a development environment you can ignore this message
[108月2026 21:10:08.937] [main/INFO] [Sodium/]: Loaded configuration file for Sodium: 45 options available, 1 override(s) found
[108月2026 21:10:08.938] [main/INFO] [C2ME Modules Manager/]: Initializing com.ishland.c2me.opts.worldgen.vanilla.mixin
[108月2026 21:10:08.939] [main/INFO] [C2ME Modules Manager/]: Initializing com.ishland.c2me.opts.scheduling.mixin
[108月2026 21:10:08.940] [main/WARN] [mixin/]: Reference map 'offroad.refmap.json' for offroad.mixins.json could not be read. If this is a development environment you can ignore this message
[108月2026 21:10:08.941] [main/WARN] [mixin/]: Reference map 'creativecore.mixins.refmap.json' for creativecore.mixins.json could not be read. If this is a development environment you can ignore this message
[108月2026 21:10:08.941] [main/WARN] [mixin/]: Reference map 'creativecore.mixins.refmap.json' for creativecore.forge.mixins.json could not be read. If this is a development environment you can ignore this message
[108月2026 21:10:08.963] [main/INFO] [C2ME Modules Manager/]: Initializing com.ishland.c2me.server.utils.mixin
[108月2026 21:10:08.965] [main/WARN] [mixin/]: Reference map 'xaerominimap.refmap.json' for xaerohud.mixins.json could not be read. If this is a development environment you can ignore this message
[108月2026 21:10:08.965] [main/WARN] [mixin/]: Reference map 'xaerominimap.refmap.json' for xaerominimap.mixins.json could not be read. If this is a development environment you can ignore this message
[108月2026 21:10:08.965] [main/WARN] [mixin/]: Reference map 'polymorph.refmap.json' for polymorph.mixins.json could not be read. If this is a development environment you can ignore this message
[108月2026 21:10:08.966] [main/WARN] [mixin/]: Reference map 'polymorph.refmap.json' for polymorph-compatibility.mixins.json could not be read. If this is a development environment you can ignore this message
[108月2026 21:10:08.966] [main/INFO] [C2ME Modules Manager/]: Initializing com.ishland.c2me.notickvd.mixin
[108月2026 21:10:08.974] [main/WARN] [mixin/]: Reference map 'irons_spellbooks.refmap.json' for irons_spellbooks.mixins.json could not be read. If this is a development environment you can ignore this message
[108月2026 21:10:08.974] [main/WARN] [mixin/]: Reference map 'immersive_paintings.refmap.json' for immersive_paintings.mixins.json could not be read. If this is a development environment you can ignore this message
[108月2026 21:10:08.974] [main/WARN] [mixin/]: Reference map 'entityculling.refmap.mixins.json' for entityculling.mixins.json could not be read. If this is a development environment you can ignore this message
[108月2026 21:10:08.974] [main/INFO] [C2ME Modules Manager/]: Initializing com.ishland.c2me.opts.worldgen.general.mixin
[108月2026 21:10:08.975] [main/INFO] [C2ME Modules Manager/]: Initializing com.ishland.c2me.opts.chunkio.mixin
[108月2026 21:10:08.976] [main/WARN] [mixin/]: Reference map 'fancymenu.refmap.json' for fancymenu.mixins.json could not be read. If this is a development environment you can ignore this message
[108月2026 21:10:08.977] [main/WARN] [mixin/]: Reference map 'fancymenu.refmap.json' for fancymenu.neoforge.mixins.json could not be read. If this is a development environment you can ignore this message
[108月2026 21:10:08.977] [main/WARN] [mixin/]: Reference map 'minecolonies_tweaks.mixin.refmap.json' for minecolonies_tweaks.mixin.client.json could not be read. If this is a development environment you can ignore this message
[108月2026 21:10:08.978] [main/WARN] [mixin/]: Reference map 'minecolonies_tweaks.mixin.refmap.json' for minecolonies_tweaks.mixin.common.json could not be read. If this is a development environment you can ignore this message
[108月2026 21:10:08.978] [main/WARN] [mixin/]: Reference map 'minecolonies_compatibility.mixin.refmap.json' for minecolonies_compatibility.mixin.client.json could not be read. If this is a development environment you can ignore this message
[108月2026 21:10:08.978] [main/WARN] [mixin/]: Reference map 'minecolonies_compatibility.mixin.refmap.json' for minecolonies_compatibility.mixin.common.json could not be read. If this is a development environment you can ignore this message
[108月2026 21:10:08.991] [main/WARN] [mixin/]: Reference map '${refmap_target}refmap.json' for ferritecore.predicates.mixin.json could not be read. If this is a development environment you can ignore this message
[108月2026 21:10:08.991] [main/WARN] [mixin/]: Reference map '${refmap_target}refmap.json' for ferritecore.fastmap.mixin.json could not be read. If this is a development environment you can ignore this message
[108月2026 21:10:08.991] [main/WARN] [mixin/]: Reference map '${refmap_target}refmap.json' for ferritecore.mrl.mixin.json could not be read. If this is a development environment you can ignore this message
[108月2026 21:10:08.991] [main/WARN] [mixin/]: Reference map '${refmap_target}refmap.json' for ferritecore.dedupmultipart.mixin.json could not be read. If this is a development environment you can ignore this message
[108月2026 21:10:08.991] [main/WARN] [mixin/]: Reference map '${refmap_target}refmap.json' for ferritecore.blockstatecache.mixin.json could not be read. If this is a development environment you can ignore this message
[108月2026 21:10:08.994] [main/WARN] [mixin/]: Reference map '${refmap_target}refmap.json' for ferritecore.dedupbakedquad.mixin.json could not be read. If this is a development environment you can ignore this message
[108月2026 21:10:08.995] [main/WARN] [mixin/]: Reference map '${refmap_target}refmap.json' for ferritecore.threaddetec.mixin.json could not be read. If this is a development environment you can ignore this message
[108月2026 21:10:08.995] [main/WARN] [mixin/]: Reference map '${refmap_target}refmap.json' for ferritecore.modelsides.mixin.json could not be read. If this is a development environment you can ignore this message
[108月2026 21:10:08.996] [main/WARN] [mixin/]: Reference map '${refmap_target}refmap.json' for ferritecore.datacomponents.mixin.json could not be read. If this is a development environment you can ignore this message
[108月2026 21:10:08.996] [main/WARN] [mixin/]: Reference map '${refmap_target}refmap.json' for ferritecore.accessors.mixin.json could not be read. If this is a development environment you can ignore this message
[108月2026 21:10:09.004] [main/WARN] [mixin/]: Reference map 'ponder.refmap.json' for ponder-common.mixins.json could not be read. If this is a development environment you can ignore this message
[108月2026 21:10:09.008] [main/WARN] [mixin/]: Reference map 'createprism.refmap.json' for createprism.mixins.json could not be read. If this is a development environment you can ignore this message
[108月2026 21:10:09.016] [main/INFO] [dev.ryanhcode.sable.mixin.AbstractSableMixinPlugin/]: Using Sodium renderer mixins
[108月2026 21:10:09.017] [main/INFO] [dev.ryanhcode.sable.mixin.AbstractSableMixinPlugin/]: Using Sodium renderer mixins
[108月2026 21:10:09.017] [main/WARN] [mixin/]: Reference map 'drivebywire.refmap.json' for drivebywire.mixins.json could not be read. If this is a development environment you can ignore this message
[108月2026 21:10:09.359] [main/INFO] [KryptonFNP MixinBootstrap/]: Mixin one.pkg.kfnp.mixin.network.experimental.RconClientMixin disabled
[108月2026 21:10:09.359] [main/INFO] [KryptonFNP MixinBootstrap/]: Mixin one.pkg.kfnp.mixin.network.microopt.ServerEntityMixin enabled
[108月2026 21:10:09.359] [main/INFO] [KryptonFNP MixinBootstrap/]: Mixin one.pkg.kfnp.mixin.network.microopt.Utf8StringMixin enabled
[108月2026 21:10:09.359] [main/INFO] [KryptonFNP MixinBootstrap/]: Mixin one.pkg.kfnp.mixin.network.microopt.VarIntMixin enabled
[108月2026 21:10:09.359] [main/INFO] [KryptonFNP MixinBootstrap/]: Mixin one.pkg.kfnp.mixin.network.microopt.VarLongMixin enabled
[108月2026 21:10:09.359] [main/INFO] [KryptonFNP MixinBootstrap/]: Mixin one.pkg.kfnp.mixin.network.pipeline.LegacyQueryHandlerMixin enabled
[108月2026 21:10:09.359] [main/INFO] [KryptonFNP MixinBootstrap/]: Mixin one.pkg.kfnp.mixin.network.pipeline.Varint21FrameDecoderMixin enabled
[108月2026 21:10:09.359] [main/INFO] [KryptonFNP MixinBootstrap/]: Mixin one.pkg.kfnp.mixin.network.pipeline.compression.ConnectionMixin enabled
[108月2026 21:10:09.359] [main/INFO] [KryptonFNP MixinBootstrap/]: Mixin one.pkg.kfnp.mixin.network.pipeline.encryption.ConnectionMixin enabled
[108月2026 21:10:09.359] [main/INFO] [KryptonFNP MixinBootstrap/]: Mixin one.pkg.kfnp.mixin.network.pipeline.encryption.ServerLoginPacketListenerImplMixin enabled
[108月2026 21:10:09.359] [main/INFO] [KryptonFNP MixinBootstrap/]: Mixin one.pkg.kfnp.mixin.network.pipeline.prepender.ConnectionMixin enabled
[108月2026 21:10:09.359] [main/INFO] [KryptonFNP MixinBootstrap/]: Mixin one.pkg.kfnp.mixin.network.thread.ServerLoginPacketListenerImplMixin enabled
[108月2026 21:10:09.365] [main/INFO] [KryptonFNP MixinBootstrap/]: Mixin one.pkg.kfnp.mixin.network.pipeline.encryption.ClientLoginMixin enabled
[108月2026 21:10:09.431] [main/WARN] [mixin/]: Error loading class: com/portingdeadmods/cable_facades/events/GameClientEvents$2 (java.lang.ClassNotFoundException: com.portingdeadmods.cable_facades.events.GameClientEvents$2)
[108月2026 21:10:09.432] [main/WARN] [mixin/]: Error loading class: com/direwolf20/justdirethings/client/renderers/OurRenderTypes (java.lang.ClassNotFoundException: com.direwolf20.justdirethings.client.renderers.OurRenderTypes)
[108月2026 21:10:09.433] [main/WARN] [mixin/]: Error loading class: mekanism/client/render/entity/RenderFlame (java.lang.ClassNotFoundException: mekanism.client.render.entity.RenderFlame)
[108月2026 21:10:09.433] [main/WARN] [mixin/]: Error loading class: mekanism/client/render/armor/MekaSuitArmor (java.lang.ClassNotFoundException: mekanism.client.render.armor.MekaSuitArmor)
[108月2026 21:10:09.434] [main/WARN] [mixin/]: Error loading class: mekanism/client/render/lib/effect/BillboardingEffectRenderer (java.lang.ClassNotFoundException: mekanism.client.render.lib.effect.BillboardingEffectRenderer)
[108月2026 21:10:09.436] [main/WARN] [mixin/]: Error loading class: blusunrize/immersiveengineering/client/utils/IEGLShaders (java.lang.ClassNotFoundException: blusunrize.immersiveengineering.client.utils.IEGLShaders)
[108月2026 21:10:09.619] [main/WARN] [mixin/]: Error loading class: net/minecraft/client/gui/screens/controls/KeyBindsList$KeyEntry (java.lang.ClassNotFoundException: net.minecraft.client.gui.screens.controls.KeyBindsList$KeyEntry)
[108月2026 21:10:09.619] [main/WARN] [mixin/]: @Mixin target net.minecraft.client.gui.screens.controls.KeyBindsList$KeyEntry was not found railways-common.mixins.json:client.MixinKeyBindsListKeyEntry from mod railways
[108月2026 21:10:09.661] [main/WARN] [mixin/]: Error loading class: fuzs/easyanvils/world/inventory/ModAnvilMenu (java.lang.ClassNotFoundException: fuzs.easyanvils.world.inventory.ModAnvilMenu)
[108月2026 21:10:09.661] [main/WARN] [mixin/]: @Mixin target fuzs.easyanvils.world.inventory.ModAnvilMenu was not found exposure-common.mixins.json:compat.easy_anvils.ModAnvilMenuMixin from mod exposure
[108月2026 21:10:09.665] [main/WARN] [mixin/]: Error loading class: fuzs/easyanvils/client/gui/screens/inventory/ModAnvilScreen (java.lang.ClassNotFoundException: fuzs.easyanvils.client.gui.screens.inventory.ModAnvilScreen)
[108月2026 21:10:09.665] [main/WARN] [mixin/]: @Mixin target fuzs.easyanvils.client.gui.screens.inventory.ModAnvilScreen was not found exposure-common.mixins.json:compat.easy_anvils.ModAnvilScreenMixin from mod exposure
[108月2026 21:10:09.668] [main/WARN] [mixin/]: Error loading class: dev/latvian/mods/kubejs/client/KubeJSGameClientEventHandler (java.lang.ClassNotFoundException: dev.latvian.mods.kubejs.client.KubeJSGameClientEventHandler)
[108月2026 21:10:09.668] [main/WARN] [mixin/]: @Mixin target dev.latvian.mods.kubejs.client.KubeJSGameClientEventHandler was not found exposure-neoforge.mixins.json:KubeJSGameClientEventHandlerMixin from mod exposure
[108月2026 21:10:09.681] [main/WARN] [mixin/]: Error loading class: me/jellysquid/mods/lithium/common/ai/pathing/PathNodeDefaults (java.lang.ClassNotFoundException: me.jellysquid.mods.lithium.common.ai.pathing.PathNodeDefaults)
[108月2026 21:10:09.700] [main/WARN] [mixin/]: Error loading class: me/jellysquid/mods/sodium/client/gui/SodiumGameOptionPages (java.lang.ClassNotFoundException: me.jellysquid.mods.sodium.client.gui.SodiumGameOptionPages)
[108月2026 21:10:09.700] [main/WARN] [mixin/]: Error loading class: net/caffeinemc/sodium/config/user/UserConfigCategories (java.lang.ClassNotFoundException: net.caffeinemc.sodium.config.user.UserConfigCategories)
[108月2026 21:10:09.700] [main/WARN] [mixin/]: Error loading class: net/caffeinemc/mods/sodium/client/gui/SodiumGameOptionPages (java.lang.ClassNotFoundException: net.caffeinemc.mods.sodium.client.gui.SodiumGameOptionPages)
[108月2026 21:10:09.700] [main/WARN] [mixin/]: Error loading class: net/vulkanmod/config/option/Options (java.lang.ClassNotFoundException: net.vulkanmod.config.option.Options)
[108月2026 21:10:09.725] [main/WARN] [mixin/]: Error loading class: toughasnails/item/EmptyCanteenItem (java.lang.ClassNotFoundException: toughasnails.item.EmptyCanteenItem)
[108月2026 21:10:09.725] [main/WARN] [mixin/]: @Mixin target toughasnails.item.EmptyCanteenItem was not found thirst.mixins.json:toughasnails.MixinEmptyCanteenItem from mod thirst
[108月2026 21:10:09.725] [main/WARN] [mixin/]: Error loading class: toughasnails/config/ThirstConfig (java.lang.ClassNotFoundException: toughasnails.config.ThirstConfig)
[108月2026 21:10:09.725] [main/WARN] [mixin/]: @Mixin target toughasnails.config.ThirstConfig was not found thirst.mixins.json:toughasnails.MixinServerConfig from mod thirst
[108月2026 21:10:09.727] [main/WARN] [mixin/]: Error loading class: toughasnails/thirst/ThirstHandler (java.lang.ClassNotFoundException: toughasnails.thirst.ThirstHandler)
[108月2026 21:10:09.727] [main/WARN] [mixin/]: @Mixin target toughasnails.thirst.ThirstHandler was not found thirst.mixins.json:toughasnails.MixinThirstHandler from mod thirst
[108月2026 21:10:09.727] [main/WARN] [mixin/]: Error loading class: toughasnails/thirst/ThirstHelperImpl (java.lang.ClassNotFoundException: toughasnails.thirst.ThirstHelperImpl)
[108月2026 21:10:09.727] [main/WARN] [mixin/]: @Mixin target toughasnails.thirst.ThirstHelperImpl was not found thirst.mixins.json:toughasnails.MixinThirstHelperImpl from mod thirst
[108月2026 21:10:09.727] [main/WARN] [mixin/]: Error loading class: toughasnails/client/handler/TooltipHandler (java.lang.ClassNotFoundException: toughasnails.client.handler.TooltipHandler)
[108月2026 21:10:09.727] [main/WARN] [mixin/]: @Mixin target toughasnails.client.handler.TooltipHandler was not found thirst.mixins.json:toughasnails.MixinTooltipHandler from mod thirst
[108月2026 21:10:09.743] [main/INFO] [fastrecipesearch/]: ingredient_sync is false, disabling sync mixin
[108月2026 21:10:09.755] [main/WARN] [mixin/]: Error loading class: xfacthd/framedblocks/common/blockentity/doubled/slab/FramedAdjustableDoubleBlockEntity (java.lang.ClassNotFoundException: xfacthd.framedblocks.common.blockentity.doubled.slab.FramedAdjustableDoubleBlockEntity)
[108月2026 21:10:09.755] [main/WARN] [mixin/]: @Mixin target xfacthd.framedblocks.common.blockentity.doubled.slab.FramedAdjustableDoubleBlockEntity was not found createbigcannons.mixins.json:compat.framedblocks.FramedAdjustableDoubleBlockEntityAccessor from mod createbigcannons
[108月2026 21:10:09.760] [main/WARN] [mixin/]: Error loading class: ca/spottedleaf/starlight/common/thread/SchedulingUtil (java.lang.ClassNotFoundException: ca.spottedleaf.starlight.common.thread.SchedulingUtil)
[108月2026 21:10:09.828] [main/WARN] [mixin/]: Error loading class: ca/spottedleaf/starlight/common/integration/v0/ChunkSystemHooks (java.lang.ClassNotFoundException: ca.spottedleaf.starlight.common.integration.v0.ChunkSystemHooks)
[108月2026 21:10:09.828] [main/WARN] [mixin/]: @Mixin target ca/spottedleaf/starlight/common/integration/v0/ChunkSystemHooks was not found c2me-rewrites-chunk-system.mixins.json:scalablelux.MixinChunkSystemHooks from mod c2me_rewrites_chunk_system
[108月2026 21:10:09.830] [main/WARN] [mixin/]: Error loading class: net/caffeinemc/mods/sodium/client/gui/SodiumGameOptionPages (java.lang.ClassNotFoundException: net.caffeinemc.mods.sodium.client.gui.SodiumGameOptionPages)
[108月2026 21:10:09.830] [main/WARN] [mixin/]: @Mixin target net.caffeinemc.mods.sodium.client.gui.SodiumGameOptionPages was not found farsight.mixins.json:SodiumGameOptionPagesMixin from mod farsight_view
[108月2026 21:10:09.836] [main/WARN] [Sodium/]: Force-disabling mixin 'features.render.world.sky.ClientLevelMixin' as rule 'mixin.features.render.world.sky' (added by mods [iris]) disables it and children
[108月2026 21:10:09.836] [main/WARN] [Sodium/]: Force-disabling mixin 'features.render.world.sky.FogRendererMixin' as rule 'mixin.features.render.world.sky' (added by mods [iris]) disables it and children
[108月2026 21:10:09.836] [main/WARN] [Sodium/]: Force-disabling mixin 'features.render.world.sky.LevelRendererMixin' as rule 'mixin.features.render.world.sky' (added by mods [iris]) disables it and children
[108月2026 21:10:09.863] [main/INFO] [AllTheLeaks/]: Class dev.uncandango.alltheleaks.leaks.common.mods.neoforge.Issue1486 will be loaded as it matches versions: 21.1.248 in [21.,)
[108月2026 21:10:09.863] [main/INFO] [AllTheLeaks/]: Class dev.uncandango.alltheleaks.leaks.common.mods.minecraft.UntrackedIssue003 will be loaded as it matches versions: 1.21.1 in [1.21.1,1.21.1]
[108月2026 21:10:09.863] [main/INFO] [AllTheLeaks/]: Mixins added to allowed list: [main.DebugSampleSubscriptionTrackerMixin]
[108月2026 21:10:09.863] [main/INFO] [AllTheLeaks/]: Class dev.uncandango.alltheleaks.leaks.common.mods.minecraft.UntrackedIssue002 will be loaded as it matches versions: 1.21.1 in 1.21.1
[108月2026 21:10:09.863] [main/INFO] [AllTheLeaks/]: Class dev.uncandango.alltheleaks.leaks.common.mods.minecraft.UntrackedIssue001 will be loaded as it matches versions: 1.21.1 in 1.21.1
[108月2026 21:10:09.863] [main/INFO] [AllTheLeaks/]: Mixins added to allowed list: [main.EntityTickListMixin]
[108月2026 21:10:09.863] [main/INFO] [AllTheLeaks/]: Class dev.uncandango.alltheleaks.leaks.common.mods.geckolib.UntrackedIssue001 will be loaded as it matches versions: 4.9.2 in *
[108月2026 21:10:09.863] [main/INFO] [AllTheLeaks/]: Mixins added to allowed list: [main.SingletonGeoAnimatableMixin]
[108月2026 21:10:09.863] [main/INFO] [AllTheLeaks/]: Class dev.uncandango.alltheleaks.leaks.common.mods.curios.Issue22 will be loaded as it matches versions: 9.5.1+1.21.1 in [9.0.6,)
[108月2026 21:10:09.863] [main/INFO] [AllTheLeaks/]: Mixins added to allowed list: [main.CuriosEventHandlerMixin]
[108月2026 21:10:09.863] [main/INFO] [AllTheLeaks/]: Class dev.uncandango.alltheleaks.leaks.client.mods.sophisticatedcore.UntrackedIssue001 will be loaded as it matches versions: 1.4.62 in [0.6.23,)
[108月2026 21:10:09.863] [main/INFO] [AllTheLeaks/]: Class dev.uncandango.alltheleaks.leaks.client.mods.mousetweaks.UntrackedIssue001 will be loaded as it matches versions: 2.26.1 in [2.26.1,)
[108月2026 21:10:09.863] [main/INFO] [AllTheLeaks/]: Class dev.uncandango.alltheleaks.leaks.client.mods.minecraft.UntrackedIssue001 will be loaded as it matches versions: 1.21.1 in 1.21.1
[108月2026 21:10:09.863] [main/INFO] [AllTheLeaks/]: Mixins added to allowed list: [main.MinecraftMixin]
[108月2026 21:10:09.863] [main/INFO] [AllTheLeaks/]: Extra dependecy Mod jei matches versions: 19.43.0.392 in *
[108月2026 21:10:09.863] [main/INFO] [AllTheLeaks/]: Class dev.uncandango.alltheleaks.leaks.client.mods.minecolonies.UntrackedIssue002 will be loaded as it matches versions: 1.1.1285-1.21.1 in [1.1.1149-1.21.1-snapshot,)
[108月2026 21:10:09.863] [main/INFO] [AllTheLeaks/]: Mixins added to allowed list: [main.MineColoniesJEIPluginMixin]
[108月2026 21:10:09.863] [main/INFO] [AllTheLeaks/]: Extra dependecy Mod jei matches versions: 19.43.0.392 in [19.16.4.168,)
[108月2026 21:10:09.863] [main/INFO] [AllTheLeaks/]: Class dev.uncandango.alltheleaks.leaks.client.mods.minecolonies.UntrackedIssue001 will be loaded as it matches versions: 1.1.1285-1.21.1 in [1.1.801-1.21.1-snapshot,)
[108月2026 21:10:09.863] [main/INFO] [AllTheLeaks/]: Class dev.uncandango.alltheleaks.leaks.client.mods.jade.UntrackedIssue001 will be loaded as it matches versions: 15.10.5+neoforge in [15.1.8,)
[108月2026 21:10:09.863] [main/INFO] [AllTheLeaks/]: Class dev.uncandango.alltheleaks.leaks.client.mods.irons_spellbooks.Issue556 will be loaded as it matches versions: 1.21.1-3.16.2 in [1.21-3.4.5,)
[108月2026 21:10:09.863] [main/INFO] [AllTheLeaks/]: Mixins added to allowed list: [main.SpellSelectionManagerMixin]
[108月2026 21:10:09.863] [main/INFO] [AllTheLeaks/]: Class dev.uncandango.alltheleaks.leaks.client.mods.ftblibrary.UntrackedIssue001 will be loaded as it matches versions: 2101.1.34 in [2101.1.1,)
[108月2026 21:10:09.863] [main/INFO] [AllTheLeaks/]: Mixins added to allowed list: [main.accessor.BaseScreenAccessor]
[108月2026 21:10:09.863] [main/INFO] [AllTheLeaks/]: Class dev.uncandango.alltheleaks.leaks.client.mods.ftbchunks.UntrackedIssue001 will be loaded as it matches versions: 2101.1.21 in *
[108月2026 21:10:09.867] [main/INFO] [AllTheLeaks/]: Class dev.uncandango.alltheleaks.fix.client.mods.patchouli.FixModifyItemStack will be loaded as it matches versions: 1.21.1-93-NEOFORGE in *
[108月2026 21:10:09.867] [main/INFO] [AllTheLeaks/]: Mixins added to allowed list: [main.GuiBookEntryMixin]
[108月2026 21:10:09.867] [main/INFO] [AllTheLeaks/]: Class dev.uncandango.alltheleaks.fix.client.mods.jei.FixCopyItemStack will be loaded as it matches versions: 19.43.0.392 in [19.19.6.235,)
[108月2026 21:10:09.867] [main/INFO] [AllTheLeaks/]: Mixins added to allowed list: [main.SmithingCategoryExtensionMixin]
[108月2026 21:10:09.867] [main/INFO] [AllTheLeaks/]: Class dev.uncandango.alltheleaks.feature.common.mods.minecraft.SaveWithLoadedChunks will be loaded as it matches versions: 1.21.1 in 1.21.1
[108月2026 21:10:09.867] [main/INFO] [AllTheLeaks/]: Class dev.uncandango.alltheleaks.feature.common.mods.minecraft.MemoryMonitor will be loaded as it matches versions: 1.21.1 in 1.21.1
[108月2026 21:10:09.867] [main/INFO] [AllTheLeaks/]: Mixins added to allowed list: [main.PlayerMixin, main.ChunkAccessMixin, main.LevelMixin, main.MinecraftServerMixin]
[108月2026 21:10:09.867] [main/INFO] [AllTheLeaks/]: Class dev.uncandango.alltheleaks.diag.common.mods.minecraft.LogSavedData will be loaded as it matches versions: 21.1.248 in [21.1,)
[108月2026 21:10:09.867] [main/INFO] [AllTheLeaks/]: Mixins added to allowed list: [main.SavedDataMixin]
[108月2026 21:10:09.979] [main/WARN] [mixin/]: Error loading class: appeng/blockentity/networking/CableBusBlockEntity (java.lang.ClassNotFoundException: appeng.blockentity.networking.CableBusBlockEntity)
[108月2026 21:10:09.979] [main/WARN] [mixin/]: @Mixin target appeng.blockentity.networking.CableBusBlockEntity was not found minecolonies_compatibility.mixin.common.json:ae.CableBusBlockEntityMixin from mod minecolonies_compatibility
[108月2026 21:10:09.979] [main/WARN] [mixin/]: Error loading class: com/lance5057/butchercraft/workstations/butcherblock/ButcherBlockBlockEntity (java.lang.ClassNotFoundException: com.lance5057.butchercraft.workstations.butcherblock.ButcherBlockBlockEntity)
[108月2026 21:10:09.979] [main/WARN] [mixin/]: @Mixin target com.lance5057.butchercraft.workstations.butcherblock.ButcherBlockBlockEntity was not found minecolonies_compatibility.mixin.common.json:butchercraft.ButcherBlockBlockEntityAccessor from mod minecolonies_compatibility
[108月2026 21:10:09.980] [main/WARN] [mixin/]: Error loading class: com/lance5057/butchercraft/workstations/hook/MeatHookBlockEntity (java.lang.ClassNotFoundException: com.lance5057.butchercraft.workstations.hook.MeatHookBlockEntity)
[108月2026 21:10:09.980] [main/WARN] [mixin/]: @Mixin target com.lance5057.butchercraft.workstations.hook.MeatHookBlockEntity was not found minecolonies_compatibility.mixin.common.json:butchercraft.MeatHookBlockEntityAccessor from mod minecolonies_compatibility
[108月2026 21:10:09.980] [main/WARN] [mixin/]: Error loading class: com/cobblemon/mod/common/block/BerryBlock (java.lang.ClassNotFoundException: com.cobblemon.mod.common.block.BerryBlock)
[108月2026 21:10:09.980] [main/WARN] [mixin/]: @Mixin target com.cobblemon.mod.common.block.BerryBlock was not found minecolonies_compatibility.mixin.common.json:cobblemon.BerryBlockAccessor from mod minecolonies_compatibility
[108月2026 21:10:09.981] [main/WARN] [mixin/]: Error loading class: com/mrbysco/oreberriesreplanted/block/OreBerryBushBlock (java.lang.ClassNotFoundException: com.mrbysco.oreberriesreplanted.block.OreBerryBushBlock)
[108月2026 21:10:09.981] [main/WARN] [mixin/]: @Mixin target com.mrbysco.oreberriesreplanted.block.OreBerryBushBlock was not found minecolonies_compatibility.mixin.common.json:oreberries.OreBerryBushBlockAccessor from mod minecolonies_compatibility
[108月2026 21:10:09.981] [main/WARN] [mixin/]: Error loading class: com/refinedmods/refinedstorage/api/network/impl/autocrafting/AutocraftingNetworkComponentImpl (java.lang.ClassNotFoundException: com.refinedmods.refinedstorage.api.network.impl.autocrafting.AutocraftingNetworkComponentImpl)
[108月2026 21:10:09.981] [main/WARN] [mixin/]: @Mixin target com.refinedmods.refinedstorage.api.network.impl.autocrafting.AutocraftingNetworkComponentImpl was not found minecolonies_compatibility.mixin.common.json:refinedstorage.AutocraftingNetworkComponentImplAccessor from mod minecolonies_compatibility
[108月2026 21:10:09.982] [main/WARN] [mixin/]: Error loading class: reliquary/item/HandgunItem (java.lang.ClassNotFoundException: reliquary.item.HandgunItem)
[108月2026 21:10:09.982] [main/WARN] [mixin/]: @Mixin target reliquary.item.HandgunItem was not found minecolonies_compatibility.mixin.common.json:reliquary.HandgunItemAccessor from mod minecolonies_compatibility
[108月2026 21:10:09.982] [main/WARN] [mixin/]: Error loading class: reliquary/entity/shot/NeutralShot (java.lang.ClassNotFoundException: reliquary.entity.shot.NeutralShot)
[108月2026 21:10:09.982] [main/WARN] [mixin/]: @Mixin target reliquary.entity.shot.NeutralShot was not found minecolonies_compatibility.mixin.common.json:reliquary.NeutralShotMixin from mod minecolonies_compatibility
[108月2026 21:10:10.130] [main/WARN] [mixin/]: Error loading class: com/getitemfromblock/create_tweaked_controllers/block/TweakedLecternControllerBlock (java.lang.ClassNotFoundException: com.getitemfromblock.create_tweaked_controllers.block.TweakedLecternControllerBlock)
[108月2026 21:10:10.131] [main/WARN] [mixin/]: Error loading class: com/getitemfromblock/create_tweaked_controllers/block/TweakedLecternControllerBlockEntity (java.lang.ClassNotFoundException: com.getitemfromblock.create_tweaked_controllers.block.TweakedLecternControllerBlockEntity)
[108月2026 21:10:10.133] [main/WARN] [mixin/]: Error loading class: com/getitemfromblock/create_tweaked_controllers/item/TweakedLinkedControllerItem (java.lang.ClassNotFoundException: com.getitemfromblock.create_tweaked_controllers.item.TweakedLinkedControllerItem)
[108月2026 21:10:10.134] [main/WARN] [mixin/]: Error loading class: com/getitemfromblock/create_tweaked_controllers/packet/TweakedLinkedControllerAxisPacket (java.lang.ClassNotFoundException: com.getitemfromblock.create_tweaked_controllers.packet.TweakedLinkedControllerAxisPacket)
[108月2026 21:10:10.134] [main/WARN] [mixin/]: Error loading class: com/getitemfromblock/create_tweaked_controllers/packet/TweakedLinkedControllerButtonPacket (java.lang.ClassNotFoundException: com.getitemfromblock.create_tweaked_controllers.packet.TweakedLinkedControllerButtonPacket)
[108月2026 21:10:10.134] [main/WARN] [mixin/]: Error loading class: com/getitemfromblock/create_tweaked_controllers/packet/TweakedLinkedControllerStopLecternPacket (java.lang.ClassNotFoundException: com.getitemfromblock.create_tweaked_controllers.packet.TweakedLinkedControllerStopLecternPacket)
[108月2026 21:10:10.136] [main/WARN] [mixin/]: Error loading class: com/getitemfromblock/create_tweaked_controllers/controller/TweakedLinkedControllerClientHandler (java.lang.ClassNotFoundException: com.getitemfromblock.create_tweaked_controllers.controller.TweakedLinkedControllerClientHandler)
[108月2026 21:10:10.163] [main/WARN] [mixin/]: Error loading class: com/mrh0/createaddition/blocks/liquid_blaze_burner/LiquidBlazeBurnerBlock (java.lang.ClassNotFoundException: com.mrh0.createaddition.blocks.liquid_blaze_burner.LiquidBlazeBurnerBlock)
[108月2026 21:10:10.325] [main/WARN] [mixin/]: Error loading class: org/jetbrains/annotations/ApiStatus$ScheduledForRemoval (java.lang.ClassNotFoundException: org.jetbrains.annotations.ApiStatus$ScheduledForRemoval)
[108月2026 21:10:10.363] [main/WARN] [mixin/]: Error loading class: net/minecraft/client/gui/components/AbstractScrollArea (java.lang.ClassNotFoundException: net.minecraft.client.gui.components.AbstractScrollArea)
[108月2026 21:10:10.363] [main/WARN] [mixin/]: @Mixin target net.minecraft.client.gui.components.AbstractScrollArea was not found imblocker-neoforge.mixins.json:AbstractScrollWidgetMixin from mod imblocker
[108月2026 21:10:10.367] [main/WARN] [mixin/]: Error loading class: net/minecraft/client/gui/components/AbstractScrollArea (java.lang.ClassNotFoundException: net.minecraft.client.gui.components.AbstractScrollArea)
[108月2026 21:10:10.367] [main/WARN] [mixin/]: Error loading class: net/minecraft/client/gui/components/AbstractScrollArea (java.lang.ClassNotFoundException: net.minecraft.client.gui.components.AbstractScrollArea)
[108月2026 21:10:10.374] [main/WARN] [mixin/]: Error loading class: com/mrh0/createaddition/blocks/liquid_blaze_burner/LiquidBlazeBurnerBlock (java.lang.ClassNotFoundException: com.mrh0.createaddition.blocks.liquid_blaze_burner.LiquidBlazeBurnerBlock)
[108月2026 21:10:10.374] [main/WARN] [mixin/]: Error loading class: com/mrh0/createaddition/blocks/liquid_blaze_burner/LiquidBlazeBurnerBlock (java.lang.ClassNotFoundException: com.mrh0.createaddition.blocks.liquid_blaze_burner.LiquidBlazeBurnerBlock)
[108月2026 21:10:10.383] [main/INFO] [MixinExtras|Service/]: Initializing MixinExtras via com.llamalad7.mixinextras.service.MixinExtrasServiceImpl(version=0.5.3).
[108月2026 21:10:10.865] [main/WARN] [mixin/]: Static binding violation: PRIVATE @Overwrite method decoratedId in modernfix-modernfix.mixins.json:perf.tag_id_caching.TagOrElementLocationMixin from mod modernfix cannot reduce visibiliy of PUBLIC target method, visibility will be upgraded.
[108月2026 21:10:11.909] [Datafixer Bootstrap/INFO] [com.mojang.datafixers.DataFixerBuilder/]: 229 Datafixer optimizations took 207 milliseconds
[108月2026 21:10:12.349] [pool-12-thread-1/INFO] [net.minecraft.server.Bootstrap/]: ModernFix reached bootstrap stage (10.19 s after launch)
[108月2026 21:10:13.366] [pool-12-thread-1/WARN] [mixin/]: Static binding violation: PRIVATE @Overwrite method getTemperature in modernfix-modernfix.mixins.json:perf.remove_biome_temperature_cache.BiomeMixin from mod modernfix cannot reduce visibiliy of PUBLIC target method, visibility will be upgraded.
[108月2026 21:10:14.905] [pool-12-thread-1/INFO] [net.minecraft.server.Bootstrap/]: Vanilla bootstrap took 2547 milliseconds
[108月2026 21:10:15.262] [Render thread/WARN] [net.minecraft.server.packs.VanillaPackResourcesBuilder/]: Assets URL 'union:/E:/MC_PCL2/.minecraft/libraries/net/minecraft/client/1.21.1-20240808.144430/client-1.21.1-20240808.144430-srg.jar%23304!/assets/.mcassetsroot' uses unexpected schema
[108月2026 21:10:15.262] [Render thread/WARN] [net.minecraft.server.packs.VanillaPackResourcesBuilder/]: Assets URL 'union:/E:/MC_PCL2/.minecraft/libraries/net/minecraft/client/1.21.1-20240808.144430/client-1.21.1-20240808.144430-srg.jar%23304!/data/.mcassetsroot' uses unexpected schema
[108月2026 21:10:15.283] [Render thread/INFO] [com.mojang.authlib.yggdrasil.YggdrasilAuthenticationService/]: Environment: Environment[sessionHost=https://sessionserver.mojang.com, servicesHost=https://api.minecraftservices.com, name=PROD]
[108月2026 21:10:15.291] [Render thread/INFO] [net.minecraft.client.Minecraft/]: Setting user: kamishiro121
[108月2026 21:10:15.387] [Render thread/INFO] [com.cupboard.Cupboard/]: Loaded config for: farsight.json
[108月2026 21:10:15.411] [Render thread/INFO] [net.minecraft.client.Minecraft/]: Backend library: LWJGL version 3.3.3+5
[108月2026 21:10:15.470] [Render thread/INFO] [com.mojang.blaze3d.platform.Window/]: OpenGL Vendor: NVIDIA Corporation
[108月2026 21:10:15.470] [Render thread/INFO] [com.mojang.blaze3d.platform.Window/]: OpenGL Renderer: NVIDIA GeForce RTX 3060/PCIe/SSE2
[108月2026 21:10:15.470] [Render thread/INFO] [com.mojang.blaze3d.platform.Window/]: OpenGL Version: 4.6.0 NVIDIA 560.94
[108月2026 21:10:15.471] [Render thread/INFO] [Sodium-NvidiaWorkarounds/]: Modifying OpenGL context to apply workarounds for the NVIDIA graphics driver...
[108月2026 21:10:15.471] [Render thread/INFO] [Sodium-NvidiaWorkarounds/]: Enabling GL_DEBUG_OUTPUT_SYNCHRONOUS to force the NVIDIA driver to disable threaded command submission
[108月2026 21:10:15.625] [Render thread/INFO] [Iris/]: Debug functionality is disabled.
[108月2026 21:10:15.629] [Render thread/INFO] [Iris/]: OpenGL 4.5 detected, enabling DSA.
[108月2026 21:10:15.639] [Render thread/INFO] [Iris/]: Shaders are disabled because enableShaders is set to false in iris.properties
[108月2026 21:10:15.639] [Render thread/INFO] [colorwheel/]: Is OIT supported: true
[108月2026 21:10:15.778] [modloading-worker-0/INFO] [ModSharedBootstrap/]: KryptonFNP is now accelerating your Minecraft client's networking stack 🚀
[108月2026 21:10:15.778] [modloading-worker-0/INFO] [ModSharedBootstrap/]: Note that KryptonFNP is most effective on servers, not the client.
[108月2026 21:10:15.810] [modloading-worker-0/INFO] [net.neoforged.neoforge.common.NeoForgeMod/NEOFORGE-MOD]: NeoForge mod loading, version 21.1.248, for MC 1.21.1
[108月2026 21:10:15.825] [modloading-worker-0/INFO] [Veil/]: Veil is initializing.
[108月2026 21:10:15.848] [modloading-worker-0/INFO] [ModSharedBootstrap/]: Compression will use RecastXZ 3 (Windows x86_64), encryption will use Java
[108月2026 21:10:15.895] [modloading-worker-0/INFO] [xaero.map.WorldMap/]: Registering common data for channel xaeroworldmap:main!
[108月2026 21:10:15.960] [modloading-worker-0/INFO] [xaero.map.WorldMap/]: Registering client data for channel xaeroworldmap:main!
[108月2026 21:10:16.006] [modloading-worker-0/INFO] [xaero.map.WorldMap/]: Loading primary common config for channel xaeroworldmap:main!
[108月2026 21:10:16.012] [modloading-worker-0/INFO] [xaero.map.WorldMap/]: Loading server config profiles for channel xaeroworldmap:main!
[108月2026 21:10:16.023] [modloading-worker-0/INFO] [xaero.map.WorldMap/]: Loading primary client config for channel xaeroworldmap:main!
[108月2026 21:10:16.027] [modloading-worker-0/INFO] [xaero.map.WorldMap/]: Loading client config profiles for channel xaeroworldmap:main!
[108月2026 21:10:16.075] [modloading-worker-0/INFO] [Railways/]: Steam 'n' Rails v1.6.13-alpha initializing! Commit hash: dev on Create version: 6.0.10 on platform: Neoforge
[108月2026 21:10:16.076] [modloading-worker-0/INFO] [de.keksuccino.melody.Melody/]: [MELODY] Loading v1.0.10 on NEOFORGE...
[108月2026 21:10:16.135] [modloading-worker-0/WARN] [mixin/]: @ModifyConstant conflict. Skipping northstar.mixins.json:gravity.ParticleGravityMixin from mod northstar->@ModifyConstant::northstar$modifyInitialVelocity(D)D with priority 1000, already redirected by sable.mixins.json:particle.ParticleMixin from mod sable->@ModifyConstant::sable$removeUpwardsVelocity(D)D with priority 1000
[108月2026 21:10:16.144] [modloading-worker-0/INFO] [de.keksuccino.konkrete.Konkrete/]: [KONKRETE] Loading v1.9.9 in client-side mode on NEOFORGE!
[108月2026 21:10:16.144] [modloading-worker-0/INFO] [de.keksuccino.konkrete.Konkrete/]: ---------------------------
[108月2026 21:10:16.144] [modloading-worker-0/INFO] [de.keksuccino.konkrete.Konkrete/]: KONKRETE SHIPS AND USES THE FOLLOWING LIBRARIES:
[108月2026 21:10:16.144] [modloading-worker-0/INFO] [de.keksuccino.konkrete.Konkrete/]:  
[108月2026 21:10:16.144] [modloading-worker-0/INFO] [de.keksuccino.konkrete.Konkrete/]: Open Imaging Copyright © 2014 Dhyan Blum.
[108月2026 21:10:16.144] [modloading-worker-0/INFO] [de.keksuccino.konkrete.Konkrete/]: Open Imaging is licensed under Apache-2.0.
[108月2026 21:10:16.144] [modloading-worker-0/INFO] [de.keksuccino.konkrete.Konkrete/]:  
[108月2026 21:10:16.144] [modloading-worker-0/INFO] [de.keksuccino.konkrete.Konkrete/]: JsonPath Copyright © 2017 Jayway.
[108月2026 21:10:16.144] [modloading-worker-0/INFO] [de.keksuccino.konkrete.Konkrete/]: JsonPath is licensed under Apache-2.0.
[108月2026 21:10:16.144] [modloading-worker-0/INFO] [de.keksuccino.konkrete.Konkrete/]:  
[108月2026 21:10:16.144] [modloading-worker-0/INFO] [de.keksuccino.konkrete.Konkrete/]: Json-smart Copyright © netplex.
[108月2026 21:10:16.145] [modloading-worker-0/INFO] [de.keksuccino.konkrete.Konkrete/]: Json-smart is licensed under Apache-2.0.
[108月2026 21:10:16.145] [modloading-worker-0/INFO] [de.keksuccino.konkrete.Konkrete/]:  
[108月2026 21:10:16.145] [modloading-worker-0/INFO] [de.keksuccino.konkrete.Konkrete/]: Exp4j Copyright © Frank Asseg.
[108月2026 21:10:16.145] [modloading-worker-0/INFO] [de.keksuccino.konkrete.Konkrete/]: Exp4j is licensed under Apache-2.0. https://github.com/fasseg/exp4j
[108月2026 21:10:16.145] [modloading-worker-0/INFO] [de.keksuccino.konkrete.Konkrete/]: ---------------------------
[108月2026 21:10:16.145] [modloading-worker-0/INFO] [de.keksuccino.konkrete.Konkrete/]: [KONKRETE] Server-side modules initialized and ready to use!
[108月2026 21:10:16.285] [modloading-worker-0/WARN] [mixin/]: Error loading class: com/mrh0/createaddition/blocks/liquid_blaze_burner/LiquidBlazeBurnerBlock (java.lang.ClassNotFoundException: com.mrh0.createaddition.blocks.liquid_blaze_burner.LiquidBlazeBurnerBlock)
[108月2026 21:10:16.395] [modloading-worker-0/INFO] [Torchmaster/]: Initializing Torchmaster for platform NeoForge
[108月2026 21:10:16.395] [modloading-worker-0/INFO] [Torchmaster/]: Debug Logging Enabled: false
[108月2026 21:10:16.443] [modloading-worker-0/INFO] [com.arxyt.colonypathingedition.ColonyPathingEdition/]: Colony Pathing Edition mod loaded
[108月2026 21:10:16.465] [ForkJoinPool.commonPool-worker-5/WARN] [Iris/]: [Iris Update Check] This version doesn't have an update index, skipping.
[108月2026 21:10:16.610] [modloading-worker-0/INFO] [com.cupboard.Cupboard/]: Loaded config for: cupboard.json
[108月2026 21:10:16.717] [modloading-worker-0/INFO] [ObservableNet/]: Registered class observable.net.C2SPacket$InitTPSProfile
[108月2026 21:10:16.720] [modloading-worker-0/INFO] [ObservableNet/]: Registered class observable.net.C2SPacket$RequestAvailability
[108月2026 21:10:16.723] [modloading-worker-0/INFO] [ObservableNet/]: Registered class observable.net.S2CPacket$ProfilingStarted
[108月2026 21:10:16.726] [modloading-worker-0/INFO] [ObservableNet/]: Registered class observable.net.S2CPacket$ProfilingCompleted
[108月2026 21:10:16.729] [modloading-worker-0/INFO] [ObservableNet/]: Registered class observable.net.S2CPacket$ProfilerInactive
[108月2026 21:10:16.732] [modloading-worker-0/INFO] [ObservableNet/]: Registered class observable.net.S2CPacket$ProfilingResult
[108月2026 21:10:16.734] [modloading-worker-0/INFO] [ObservableNet/]: Registered class observable.net.S2CPacket$Availability
[108月2026 21:10:16.751] [modloading-worker-0/INFO] [touhou_little_maid/]: common default pack init start...
[108月2026 21:10:16.760] [modloading-worker-0/WARN] [mixin/]: Discarding @Unique public method onLoad in copycats-common.mixins.json:foundation.copycat.CopycatBlockEntityMixin from mod copycats because it already exists in com.simibubi.create.content.decoration.copycat.CopycatBlockEntity
[108月2026 21:10:16.777] [modloading-worker-0/WARN] [mixin/]: Discarding @Unique public method rotate in copycats-neoforge.mixins.json:foundation.copycat.CopycatBlockMixin from mod copycats because it already exists in com.copycatsplus.copycats.content.copycat.fluid_pipe.CopycatGlassFluidPipeBlock
[108月2026 21:10:16.777] [modloading-worker-0/WARN] [mixin/]: Discarding @Unique public method mirror in copycats-neoforge.mixins.json:foundation.copycat.CopycatBlockMixin from mod copycats because it already exists in com.copycatsplus.copycats.content.copycat.fluid_pipe.CopycatGlassFluidPipeBlock
[108月2026 21:10:16.777] [modloading-worker-0/WARN] [mixin/]: Discarding @Unique public method useItemOn in copycats-neoforge.mixins.json:foundation.copycat.CopycatBlockMixin from mod copycats because it already exists in com.copycatsplus.copycats.content.copycat.fluid_pipe.CopycatGlassFluidPipeBlock
[108月2026 21:10:16.777] [modloading-worker-0/WARN] [mixin/]: Discarding @Unique public method useWithoutItem in copycats-neoforge.mixins.json:foundation.copycat.CopycatBlockMixin from mod copycats because it already exists in com.copycatsplus.copycats.content.copycat.fluid_pipe.CopycatGlassFluidPipeBlock
[108月2026 21:10:16.786] [modloading-worker-0/WARN] [mixin/]: Discarding @Unique public method rotate in copycats-neoforge.mixins.json:foundation.copycat.CopycatBlockMixin from mod copycats because it already exists in com.copycatsplus.copycats.content.copycat.door.CopycatDoorBlock
[108月2026 21:10:16.786] [modloading-worker-0/WARN] [mixin/]: Discarding @Unique public method mirror in copycats-neoforge.mixins.json:foundation.copycat.CopycatBlockMixin from mod copycats because it already exists in com.copycatsplus.copycats.content.copycat.door.CopycatDoorBlock
[108月2026 21:10:16.786] [modloading-worker-0/WARN] [mixin/]: Discarding @Unique public method useItemOn in copycats-neoforge.mixins.json:foundation.copycat.CopycatBlockMixin from mod copycats because it already exists in com.copycatsplus.copycats.content.copycat.door.CopycatDoorBlock
[108月2026 21:10:16.786] [modloading-worker-0/WARN] [mixin/]: Discarding @Unique public method useWithoutItem in copycats-neoforge.mixins.json:foundation.copycat.CopycatBlockMixin from mod copycats because it already exists in com.copycatsplus.copycats.content.copycat.door.CopycatDoorBlock
[108月2026 21:10:16.791] [modloading-worker-0/WARN] [mixin/]: Discarding @Unique public method rotate in copycats-neoforge.mixins.json:foundation.copycat.multistate.MultiStateCopycatBlockMixin from mod copycats because it already exists in com.copycatsplus.copycats.foundation.copycat.multistate.MultiStateCopycatBlock
[108月2026 21:10:16.791] [modloading-worker-0/WARN] [mixin/]: Discarding @Unique public method mirror in copycats-neoforge.mixins.json:foundation.copycat.multistate.MultiStateCopycatBlockMixin from mod copycats because it already exists in com.copycatsplus.copycats.foundation.copycat.multistate.MultiStateCopycatBlock
[108月2026 21:10:16.791] [modloading-worker-0/WARN] [mixin/]: Discarding @Unique public method useItemOn in copycats-neoforge.mixins.json:foundation.copycat.multistate.MultiStateCopycatBlockMixin from mod copycats because it already exists in com.copycatsplus.copycats.foundation.copycat.multistate.MultiStateCopycatBlock
[108月2026 21:10:16.791] [modloading-worker-0/WARN] [mixin/]: Discarding @Unique public method useWithoutItem in copycats-neoforge.mixins.json:foundation.copycat.multistate.MultiStateCopycatBlockMixin from mod copycats because it already exists in com.copycatsplus.copycats.foundation.copycat.multistate.MultiStateCopycatBlock
[108月2026 21:10:16.800] [modloading-worker-0/WARN] [mixin/]: Discarding @Unique public method rotate in copycats-neoforge.mixins.json:foundation.copycat.CopycatBlockMixin from mod copycats because it already exists in com.copycatsplus.copycats.content.copycat.sliding_door.CopycatSlidingDoorBlock
[108月2026 21:10:16.800] [modloading-worker-0/WARN] [mixin/]: Discarding @Unique public method mirror in copycats-neoforge.mixins.json:foundation.copycat.CopycatBlockMixin from mod copycats because it already exists in com.copycatsplus.copycats.content.copycat.sliding_door.CopycatSlidingDoorBlock
[108月2026 21:10:16.800] [modloading-worker-0/WARN] [mixin/]: Discarding @Unique public method useItemOn in copycats-neoforge.mixins.json:foundation.copycat.CopycatBlockMixin from mod copycats because it already exists in com.copycatsplus.copycats.content.copycat.sliding_door.CopycatSlidingDoorBlock
[108月2026 21:10:16.800] [modloading-worker-0/WARN] [mixin/]: Discarding @Unique public method useWithoutItem in copycats-neoforge.mixins.json:foundation.copycat.CopycatBlockMixin from mod copycats because it already exists in com.copycatsplus.copycats.content.copycat.sliding_door.CopycatSlidingDoorBlock
[108月2026 21:10:16.809] [modloading-worker-0/WARN] [mixin/]: Discarding @Unique public method rotate in copycats-neoforge.mixins.json:foundation.copycat.CopycatBlockMixin from mod copycats because it already exists in com.copycatsplus.copycats.foundation.copycat.CCCopycatBlock
[108月2026 21:10:16.809] [modloading-worker-0/WARN] [mixin/]: Discarding @Unique public method mirror in copycats-neoforge.mixins.json:foundation.copycat.CopycatBlockMixin from mod copycats because it already exists in com.copycatsplus.copycats.foundation.copycat.CCCopycatBlock
[108月2026 21:10:16.809] [modloading-worker-0/WARN] [mixin/]: Discarding @Unique public method useItemOn in copycats-neoforge.mixins.json:foundation.copycat.CopycatBlockMixin from mod copycats because it already exists in com.copycatsplus.copycats.foundation.copycat.CCCopycatBlock
[108月2026 21:10:16.809] [modloading-worker-0/WARN] [mixin/]: Discarding @Unique public method useWithoutItem in copycats-neoforge.mixins.json:foundation.copycat.CopycatBlockMixin from mod copycats because it already exists in com.copycatsplus.copycats.foundation.copycat.CCCopycatBlock
[108月2026 21:10:16.892] [modloading-worker-0/WARN] [mixin/]: Discarding @Unique public method rotate in copycats-neoforge.mixins.json:foundation.copycat.CopycatBlockMixin from mod copycats because it already exists in com.copycatsplus.copycats.content.copycat.button.CopycatButtonBlock
[108月2026 21:10:16.892] [modloading-worker-0/WARN] [mixin/]: Discarding @Unique public method mirror in copycats-neoforge.mixins.json:foundation.copycat.CopycatBlockMixin from mod copycats because it already exists in com.copycatsplus.copycats.content.copycat.button.CopycatButtonBlock
[108月2026 21:10:16.892] [modloading-worker-0/WARN] [mixin/]: Discarding @Unique public method useItemOn in copycats-neoforge.mixins.json:foundation.copycat.CopycatBlockMixin from mod copycats because it already exists in com.copycatsplus.copycats.content.copycat.button.CopycatButtonBlock
[108月2026 21:10:16.892] [modloading-worker-0/WARN] [mixin/]: Discarding @Unique public method useWithoutItem in copycats-neoforge.mixins.json:foundation.copycat.CopycatBlockMixin from mod copycats because it already exists in com.copycatsplus.copycats.content.copycat.button.CopycatButtonBlock
[108月2026 21:10:16.925] [modloading-worker-0/WARN] [mixin/]: Discarding @Unique public method rotate in copycats-neoforge.mixins.json:foundation.copycat.CopycatBlockMixin from mod copycats because it already exists in com.copycatsplus.copycats.content.copycat.fence.CopycatFenceBlock
[108月2026 21:10:16.925] [modloading-worker-0/WARN] [mixin/]: Discarding @Unique public method mirror in copycats-neoforge.mixins.json:foundation.copycat.CopycatBlockMixin from mod copycats because it already exists in com.copycatsplus.copycats.content.copycat.fence.CopycatFenceBlock
[108月2026 21:10:16.925] [modloading-worker-0/WARN] [mixin/]: Discarding @Unique public method useItemOn in copycats-neoforge.mixins.json:foundation.copycat.CopycatBlockMixin from mod copycats because it already exists in com.copycatsplus.copycats.content.copycat.fence.CopycatFenceBlock
[108月2026 21:10:16.925] [modloading-worker-0/WARN] [mixin/]: Discarding @Unique public method useWithoutItem in copycats-neoforge.mixins.json:foundation.copycat.CopycatBlockMixin from mod copycats because it already exists in com.copycatsplus.copycats.content.copycat.fence.CopycatFenceBlock
[108月2026 21:10:16.933] [modloading-worker-0/WARN] [mixin/]: Discarding @Unique public method rotate in copycats-neoforge.mixins.json:foundation.copycat.CopycatBlockMixin from mod copycats because it already exists in com.copycatsplus.copycats.content.copycat.fence_gate.CopycatFenceGateBlock
[108月2026 21:10:16.933] [modloading-worker-0/WARN] [mixin/]: Discarding @Unique public method mirror in copycats-neoforge.mixins.json:foundation.copycat.CopycatBlockMixin from mod copycats because it already exists in com.copycatsplus.copycats.content.copycat.fence_gate.CopycatFenceGateBlock
[108月2026 21:10:16.933] [modloading-worker-0/WARN] [mixin/]: Discarding @Unique public method useItemOn in copycats-neoforge.mixins.json:foundation.copycat.CopycatBlockMixin from mod copycats because it already exists in com.copycatsplus.copycats.content.copycat.fence_gate.CopycatFenceGateBlock
[108月2026 21:10:16.933] [modloading-worker-0/WARN] [mixin/]: Discarding @Unique public method useWithoutItem in copycats-neoforge.mixins.json:foundation.copycat.CopycatBlockMixin from mod copycats because it already exists in com.copycatsplus.copycats.content.copycat.fence_gate.CopycatFenceGateBlock
[108月2026 21:10:16.955] [modloading-worker-0/WARN] [patchouli/]: Could not locate JEI keybindings, lookups in books may not work
[108月2026 21:10:16.987] [modloading-worker-0/WARN] [mixin/]: Discarding @Unique public method rotate in copycats-neoforge.mixins.json:foundation.copycat.CopycatBlockMixin from mod copycats because it already exists in com.copycatsplus.copycats.content.copycat.ladder.CopycatLadderBlock
[108月2026 21:10:16.987] [modloading-worker-0/WARN] [mixin/]: Discarding @Unique public method mirror in copycats-neoforge.mixins.json:foundation.copycat.CopycatBlockMixin from mod copycats because it already exists in com.copycatsplus.copycats.content.copycat.ladder.CopycatLadderBlock
[108月2026 21:10:16.987] [modloading-worker-0/WARN] [mixin/]: Discarding @Unique public method useItemOn in copycats-neoforge.mixins.json:foundation.copycat.CopycatBlockMixin from mod copycats because it already exists in com.copycatsplus.copycats.content.copycat.ladder.CopycatLadderBlock
[108月2026 21:10:16.987] [modloading-worker-0/WARN] [mixin/]: Discarding @Unique public method useWithoutItem in copycats-neoforge.mixins.json:foundation.copycat.CopycatBlockMixin from mod copycats because it already exists in com.copycatsplus.copycats.content.copycat.ladder.CopycatLadderBlock
[108月2026 21:10:16.998] [modloading-worker-0/WARN] [mixin/]: @Inject(@At("INVOKE")) Shift.BY=2 on create_connected.mixins.json:sequencedgearshift.SequencedGearshiftScreenMixin from mod create_connected::handler$cli000$create_connected$updateParamsOfRow exceeds the maximum allowed value: 0. Increase the value of maxShiftBy to suppress this warning.
[108月2026 21:10:17.005] [modloading-worker-0/WARN] [mixin/]: Discarding @Unique public method rotate in copycats-neoforge.mixins.json:foundation.copycat.CopycatBlockMixin from mod copycats because it already exists in com.copycatsplus.copycats.content.copycat.pressure_plate.CopycatPressurePlateBlock
[108月2026 21:10:17.005] [modloading-worker-0/WARN] [mixin/]: Discarding @Unique public method mirror in copycats-neoforge.mixins.json:foundation.copycat.CopycatBlockMixin from mod copycats because it already exists in com.copycatsplus.copycats.content.copycat.pressure_plate.CopycatPressurePlateBlock
[108月2026 21:10:17.005] [modloading-worker-0/WARN] [mixin/]: Discarding @Unique public method useItemOn in copycats-neoforge.mixins.json:foundation.copycat.CopycatBlockMixin from mod copycats because it already exists in com.copycatsplus.copycats.content.copycat.pressure_plate.CopycatPressurePlateBlock
[108月2026 21:10:17.005] [modloading-worker-0/WARN] [mixin/]: Discarding @Unique public method useWithoutItem in copycats-neoforge.mixins.json:foundation.copycat.CopycatBlockMixin from mod copycats because it already exists in com.copycatsplus.copycats.content.copycat.pressure_plate.CopycatPressurePlateBlock
[108月2026 21:10:17.013] [modloading-worker-0/WARN] [mixin/]: Discarding @Unique public method rotate in copycats-neoforge.mixins.json:foundation.copycat.CopycatBlockMixin from mod copycats because it already exists in com.copycatsplus.copycats.content.copycat.pressure_plate.CopycatWeightedPressurePlate
[108月2026 21:10:17.013] [modloading-worker-0/WARN] [mixin/]: Discarding @Unique public method mirror in copycats-neoforge.mixins.json:foundation.copycat.CopycatBlockMixin from mod copycats because it already exists in com.copycatsplus.copycats.content.copycat.pressure_plate.CopycatWeightedPressurePlate
[108月2026 21:10:17.013] [modloading-worker-0/WARN] [mixin/]: Discarding @Unique public method useItemOn in copycats-neoforge.mixins.json:foundation.copycat.CopycatBlockMixin from mod copycats because it already exists in com.copycatsplus.copycats.content.copycat.pressure_plate.CopycatWeightedPressurePlate
[108月2026 21:10:17.013] [modloading-worker-0/WARN] [mixin/]: Discarding @Unique public method useWithoutItem in copycats-neoforge.mixins.json:foundation.copycat.CopycatBlockMixin from mod copycats because it already exists in com.copycatsplus.copycats.content.copycat.pressure_plate.CopycatWeightedPressurePlate
[108月2026 21:10:17.039] [modloading-worker-0/WARN] [mixin/]: Discarding @Unique public method rotate in copycats-neoforge.mixins.json:foundation.copycat.CopycatBlockMixin from mod copycats because it already exists in com.copycatsplus.copycats.content.copycat.stairs.CopycatStairsBlock
[108月2026 21:10:17.039] [modloading-worker-0/WARN] [mixin/]: Discarding @Unique public method mirror in copycats-neoforge.mixins.json:foundation.copycat.CopycatBlockMixin from mod copycats because it already exists in com.copycatsplus.copycats.content.copycat.stairs.CopycatStairsBlock
[108月2026 21:10:17.039] [modloading-worker-0/WARN] [mixin/]: Discarding @Unique public method useItemOn in copycats-neoforge.mixins.json:foundation.copycat.CopycatBlockMixin from mod copycats because it already exists in com.copycatsplus.copycats.content.copycat.stairs.CopycatStairsBlock
[108月2026 21:10:17.039] [modloading-worker-0/WARN] [mixin/]: Discarding @Unique public method useWithoutItem in copycats-neoforge.mixins.json:foundation.copycat.CopycatBlockMixin from mod copycats because it already exists in com.copycatsplus.copycats.content.copycat.stairs.CopycatStairsBlock
[108月2026 21:10:17.060] [modloading-worker-0/WARN] [mixin/]: Discarding @Unique public method rotate in copycats-neoforge.mixins.json:foundation.copycat.CopycatBlockMixin from mod copycats because it already exists in com.copycatsplus.copycats.content.copycat.trapdoor.CopycatTrapdoorBlock
[108月2026 21:10:17.060] [modloading-worker-0/WARN] [mixin/]: Discarding @Unique public method mirror in copycats-neoforge.mixins.json:foundation.copycat.CopycatBlockMixin from mod copycats because it already exists in com.copycatsplus.copycats.content.copycat.trapdoor.CopycatTrapdoorBlock
[108月2026 21:10:17.060] [modloading-worker-0/WARN] [mixin/]: Discarding @Unique public method useItemOn in copycats-neoforge.mixins.json:foundation.copycat.CopycatBlockMixin from mod copycats because it already exists in com.copycatsplus.copycats.content.copycat.trapdoor.CopycatTrapdoorBlock
[108月2026 21:10:17.060] [modloading-worker-0/WARN] [mixin/]: Discarding @Unique public method useWithoutItem in copycats-neoforge.mixins.json:foundation.copycat.CopycatBlockMixin from mod copycats because it already exists in com.copycatsplus.copycats.content.copycat.trapdoor.CopycatTrapdoorBlock
[108月2026 21:10:17.083] [modloading-worker-0/WARN] [mixin/]: Discarding @Unique public method rotate in copycats-neoforge.mixins.json:foundation.copycat.CopycatBlockMixin from mod copycats because it already exists in com.copycatsplus.copycats.content.copycat.wall.CopycatWallBlock
[108月2026 21:10:17.083] [modloading-worker-0/WARN] [mixin/]: Discarding @Unique public method mirror in copycats-neoforge.mixins.json:foundation.copycat.CopycatBlockMixin from mod copycats because it already exists in com.copycatsplus.copycats.content.copycat.wall.CopycatWallBlock
[108月2026 21:10:17.083] [modloading-worker-0/WARN] [mixin/]: Discarding @Unique public method useItemOn in copycats-neoforge.mixins.json:foundation.copycat.CopycatBlockMixin from mod copycats because it already exists in com.copycatsplus.copycats.content.copycat.wall.CopycatWallBlock
[108月2026 21:10:17.083] [modloading-worker-0/WARN] [mixin/]: Discarding @Unique public method useWithoutItem in copycats-neoforge.mixins.json:foundation.copycat.CopycatBlockMixin from mod copycats because it already exists in com.copycatsplus.copycats.content.copycat.wall.CopycatWallBlock
[108月2026 21:10:17.115] [modloading-worker-0/WARN] [mixin/]: Discarding @Unique public method rotate in copycats-neoforge.mixins.json:foundation.copycat.CopycatBlockMixin from mod copycats because it already exists in com.copycatsplus.copycats.content.copycat.shaft.CopycatShaftBlock
[108月2026 21:10:17.115] [modloading-worker-0/WARN] [mixin/]: Discarding @Unique public method mirror in copycats-neoforge.mixins.json:foundation.copycat.CopycatBlockMixin from mod copycats because it already exists in com.copycatsplus.copycats.content.copycat.shaft.CopycatShaftBlock
[108月2026 21:10:17.116] [modloading-worker-0/WARN] [mixin/]: Discarding @Unique public method useItemOn in copycats-neoforge.mixins.json:foundation.copycat.CopycatBlockMixin from mod copycats because it already exists in com.copycatsplus.copycats.content.copycat.shaft.CopycatShaftBlock
[108月2026 21:10:17.116] [modloading-worker-0/WARN] [mixin/]: Discarding @Unique public method useWithoutItem in copycats-neoforge.mixins.json:foundation.copycat.CopycatBlockMixin from mod copycats because it already exists in com.copycatsplus.copycats.content.copycat.shaft.CopycatShaftBlock
[108月2026 21:10:17.127] [modloading-worker-0/WARN] [mixin/]: Discarding @Unique public method rotate in copycats-neoforge.mixins.json:foundation.copycat.multistate.MultiStateCopycatBlockMixin from mod copycats because it already exists in com.copycatsplus.copycats.content.copycat.cogwheel.CopycatCogWheelBlock
[108月2026 21:10:17.127] [modloading-worker-0/WARN] [mixin/]: Discarding @Unique public method mirror in copycats-neoforge.mixins.json:foundation.copycat.multistate.MultiStateCopycatBlockMixin from mod copycats because it already exists in com.copycatsplus.copycats.content.copycat.cogwheel.CopycatCogWheelBlock
[108月2026 21:10:17.127] [modloading-worker-0/WARN] [mixin/]: Discarding @Unique public method useItemOn in copycats-neoforge.mixins.json:foundation.copycat.multistate.MultiStateCopycatBlockMixin from mod copycats because it already exists in com.copycatsplus.copycats.content.copycat.cogwheel.CopycatCogWheelBlock
[108月2026 21:10:17.127] [modloading-worker-0/WARN] [mixin/]: Discarding @Unique public method useWithoutItem in copycats-neoforge.mixins.json:foundation.copycat.multistate.MultiStateCopycatBlockMixin from mod copycats because it already exists in com.copycatsplus.copycats.content.copycat.cogwheel.CopycatCogWheelBlock
[108月2026 21:10:17.141] [modloading-worker-0/WARN] [mixin/]: Discarding @Unique public method rotate in copycats-neoforge.mixins.json:foundation.copycat.CopycatBlockMixin from mod copycats because it already exists in com.copycatsplus.copycats.content.copycat.fluid_pipe.CopycatFluidPipeBlock
[108月2026 21:10:17.141] [modloading-worker-0/WARN] [mixin/]: Discarding @Unique public method mirror in copycats-neoforge.mixins.json:foundation.copycat.CopycatBlockMixin from mod copycats because it already exists in com.copycatsplus.copycats.content.copycat.fluid_pipe.CopycatFluidPipeBlock
[108月2026 21:10:17.141] [modloading-worker-0/WARN] [mixin/]: Discarding @Unique public method useItemOn in copycats-neoforge.mixins.json:foundation.copycat.CopycatBlockMixin from mod copycats because it already exists in com.copycatsplus.copycats.content.copycat.fluid_pipe.CopycatFluidPipeBlock
[108月2026 21:10:17.141] [modloading-worker-0/WARN] [mixin/]: Discarding @Unique public method useWithoutItem in copycats-neoforge.mixins.json:foundation.copycat.CopycatBlockMixin from mod copycats because it already exists in com.copycatsplus.copycats.content.copycat.fluid_pipe.CopycatFluidPipeBlock
[108月2026 21:10:17.170] [modloading-worker-0/WARN] [mixin/]: Discarding @Unique public method rotate in copycats-neoforge.mixins.json:foundation.copycat.CopycatBlockMixin from mod copycats because it already exists in com.copycatsplus.copycats.content.copycat.pane.CopycatPaneBlock
[108月2026 21:10:17.170] [modloading-worker-0/WARN] [mixin/]: Discarding @Unique public method mirror in copycats-neoforge.mixins.json:foundation.copycat.CopycatBlockMixin from mod copycats because it already exists in com.copycatsplus.copycats.content.copycat.pane.CopycatPaneBlock
[108月2026 21:10:17.170] [modloading-worker-0/WARN] [mixin/]: Discarding @Unique public method useItemOn in copycats-neoforge.mixins.json:foundation.copycat.CopycatBlockMixin from mod copycats because it already exists in com.copycatsplus.copycats.content.copycat.pane.CopycatPaneBlock
[108月2026 21:10:17.170] [modloading-worker-0/WARN] [mixin/]: Discarding @Unique public method useWithoutItem in copycats-neoforge.mixins.json:foundation.copycat.CopycatBlockMixin from mod copycats because it already exists in com.copycatsplus.copycats.content.copycat.pane.CopycatPaneBlock
[108月2026 21:10:17.189] [modloading-worker-0/INFO] [xaero.lib.XaeroLib/]: Registering common data for channel xaerolib:main!
[108月2026 21:10:17.191] [modloading-worker-0/INFO] [xaero.lib.XaeroLib/]: Registering client data for channel xaerolib:main!
[108月2026 21:10:17.192] [modloading-worker-0/INFO] [xaero.lib.XaeroLib/]: Loading primary common config for channel xaerolib:main!
[108月2026 21:10:17.195] [modloading-worker-0/INFO] [xaero.lib.XaeroLib/]: Loading server config profiles for channel xaerolib:main!
[108月2026 21:10:17.199] [modloading-worker-0/INFO] [xaero.lib.XaeroLib/]: Loading primary client config for channel xaerolib:main!
[108月2026 21:10:17.212] [modloading-worker-0/WARN] [mixin/]: Discarding @Unique public method onLoad in copycats-neoforge.mixins.json:foundation.copycat.CopycatBlockEntityMixin from mod copycats because it already exists in com.copycatsplus.copycats.foundation.copycat.CCCopycatBlockEntity
[108月2026 21:10:17.216] [modloading-worker-0/INFO] [xaero.lib.XaeroLib/]: Loading client config profiles for channel xaerolib:main!
[108月2026 21:10:17.216] [modloading-worker-0/WARN] [mixin/]: Discarding @Unique public method onLoad in copycats-neoforge.mixins.json:foundation.copycat.multistate.MultiStateCopycatBlockEntityMixin from mod copycats because it already exists in com.copycatsplus.copycats.foundation.copycat.multistate.MultiStateCopycatBlockEntity
[108月2026 21:10:17.222] [modloading-worker-0/WARN] [mixin/]: Discarding @Unique public method onLoad in copycats-neoforge.mixins.json:foundation.copycat.CopycatBlockEntityMixin from mod copycats because it already exists in com.copycatsplus.copycats.content.copycat.shaft.CopycatShaftBlockEntity
[108月2026 21:10:17.225] [modloading-worker-0/WARN] [mixin/]: Discarding @Unique public method onLoad in copycats-neoforge.mixins.json:foundation.copycat.multistate.MultiStateCopycatBlockEntityMixin from mod copycats because it already exists in com.copycatsplus.copycats.content.copycat.cogwheel.CopycatCogWheelBlockEntity
[108月2026 21:10:17.227] [modloading-worker-0/WARN] [mixin/]: Discarding @Unique public method onLoad in copycats-neoforge.mixins.json:foundation.copycat.CopycatBlockEntityMixin from mod copycats because it already exists in com.copycatsplus.copycats.content.copycat.fluid_pipe.CopycatFluidPipeBlockEntity
[108月2026 21:10:17.231] [modloading-worker-0/WARN] [mixin/]: Discarding @Unique public method onLoad in copycats-neoforge.mixins.json:foundation.copycat.CopycatBlockEntityMixin from mod copycats because it already exists in com.copycatsplus.copycats.content.copycat.fluid_pipe.CopycatStraightPipeBlockEntity
[108月2026 21:10:17.234] [modloading-worker-0/WARN] [mixin/]: Discarding @Unique public method onLoad in copycats-neoforge.mixins.json:foundation.copycat.CopycatBlockEntityMixin from mod copycats because it already exists in com.copycatsplus.copycats.content.copycat.sliding_door.CopycatSlidingDoorBlockEntity
[108月2026 21:10:17.284] [modloading-worker-0/INFO] [mezz.jei.library.load.PluginCaller/]: Sending ConfigManager...
[108月2026 21:10:17.291] [modloading-worker-0/INFO] [STDOUT/]: [dev.tr7zw.trender.gui.impl.client.LibGuiClient:onInitializeClient:37]: [TRender] Initializing Client...
[108月2026 21:10:17.301] [modloading-worker-0/INFO] [mezz.jei.library.load.PluginCaller/]: Sending ConfigManager took 15.93 milliseconds
[108月2026 21:10:17.362] [modloading-worker-0/INFO] [KubeJS/]: Loading vanilla registries...
[108月2026 21:10:17.397] [modloading-worker-0/INFO] [KubeJS/]: Looking for KubeJS plugins...
[108月2026 21:10:17.401] [modloading-worker-0/INFO] [KubeJS/]: Found plugin source kubejs
[108月2026 21:10:17.413] [modloading-worker-0/INFO] [KubeJS/]: Found plugin source exposure
[108月2026 21:10:17.414] [modloading-worker-0/INFO] [KubeJS/]: Found plugin source touhou_little_maid
[108月2026 21:10:17.416] [modloading-worker-0/INFO] [KubeJS/]: Found plugin source probejs
[108月2026 21:10:17.417] [modloading-worker-0/INFO] [KubeJS/]: Found plugin source northstar
[108月2026 21:10:17.462] [modloading-worker-0/INFO] [KubeJS/]: Done in 62.49 ms
[108月2026 21:10:17.515] [modloading-worker-0/WARN] [KubeJS Server/]: [Northstar] KubeJS compatibility depends on KubeJS Create, which is not installed. Northstar recipes will not be available.
[108月2026 21:10:17.605] [modloading-worker-0/INFO] [fzzy_config/]: Loaded config fzzy_config:keybinds in 1156ms
[108月2026 21:10:17.626] [modloading-worker-0/WARN] [mixin/]: Discarding @Unique public method useItemOn in copycats-common.mixins.json:copycat.step.CopycatStepBlockMixin from mod copycats because it already exists in com.simibubi.create.content.decoration.copycat.CopycatStepBlock
[108月2026 21:10:17.634] [modloading-worker-0/WARN] [mixin/]: Discarding @Unique public method useItemOn in copycats-common.mixins.json:copycat.panel.CopycatPanelBlockMixin from mod copycats because it already exists in com.simibubi.create.content.decoration.copycat.CopycatPanelBlock
[108月2026 21:10:17.634] [modloading-worker-0/WARN] [mixin/]: Discarding @Unique public method mirror in copycats-common.mixins.json:copycat.panel.CopycatPanelBlockMixin from mod copycats because it already exists in com.simibubi.create.content.decoration.copycat.CopycatPanelBlock
[108月2026 21:10:17.634] [modloading-worker-0/WARN] [mixin/]: Discarding @Unique public method rotate in copycats-common.mixins.json:copycat.panel.CopycatPanelBlockMixin from mod copycats because it already exists in com.simibubi.create.content.decoration.copycat.CopycatPanelBlock
[108月2026 21:10:17.740] [modloading-worker-0/INFO] [net.fabricmc.fabric.impl.client.indigo.Indigo/]: [Indigo] Different rendering plugin detected; not applying Indigo.
[108月2026 21:10:17.853] [modloading-worker-0/INFO] [STDOUT/]: [yalter.mousetweaks.Logger:Log:6]: [Mouse Tweaks] Main.initialize()
[108月2026 21:10:17.857] [modloading-worker-0/INFO] [STDOUT/]: [yalter.mousetweaks.Logger:Log:6]: [Mouse Tweaks] Initialized.
[108月2026 21:10:17.907] [modloading-worker-0/INFO] [thedarkcolour.kotlinforforge.neoforge.test.KotlinForForge/]: Kotlin For Forge Enabled!
[108月2026 21:10:18.560] [modloading-worker-0/INFO] [xaero.common.HudMod/]: Registering common data for channel xaerominimap:main!
[108月2026 21:10:18.584] [modloading-worker-0/INFO] [xaero.common.HudMod/]: Registering client data for channel xaerominimap:main!
[108月2026 21:10:18.634] [modloading-worker-0/INFO] [xaero.common.HudMod/]: Loading primary common config for channel xaerominimap:main!
[108月2026 21:10:18.638] [modloading-worker-0/INFO] [xaero.common.HudMod/]: Loading server config profiles for channel xaerominimap:main!
[108月2026 21:10:18.642] [modloading-worker-0/INFO] [xaero.common.HudMod/]: Loading primary client config for channel xaerominimap:main!
[108月2026 21:10:18.646] [modloading-worker-0/INFO] [xaero.common.HudMod/]: Loading client config profiles for channel xaerominimap:main!
[108月2026 21:10:18.714] [modloading-worker-0/INFO] [jecharacters/]: Good to see you, TartaricAcid
[108月2026 21:10:18.727] [modloading-worker-0/INFO] [Railways/]: Registered bogey styles from railways
[108月2026 21:10:18.767] [modloading-worker-0/INFO] [de.keksuccino.fancymenu.FancyMenu/]: [FANCYMENU] Loading v3.9.9 in client-side mode on NEOFORGE!
[108月2026 21:10:18.816] [modloading-worker-0/INFO] [touhou_little_maid/]: common default pack init finished, cost time: 2061.057 ms
[108月2026 21:10:18.841] [modloading-worker-0/INFO] [KubeJS Startup/]: startup_scripts:main.js#2: Hello, World! (Loaded startup example script)
[108月2026 21:10:18.844] [modloading-worker-0/INFO] [KubeJS Startup/]: Loaded script startup_scripts:main.js in 0.051 s
[108月2026 21:10:18.847] [modloading-worker-0/INFO] [KubeJS Startup/]: Loaded 1/1 KubeJS startup scripts in 1.303 s with 0 errors and 0 warnings
[108月2026 21:10:18.925] [modloading-worker-0/INFO] [KubeJS Client/]: client_scripts:main.js#2: Hello, World! (Loaded client example script)
[108月2026 21:10:18.926] [modloading-worker-0/INFO] [KubeJS Client/]: Loaded script client_scripts:main.js in 0.0 s
[108月2026 21:10:18.926] [modloading-worker-0/INFO] [KubeJS Client/]: Loaded 1/1 KubeJS client scripts in 0.016 s with 0 errors and 0 warnings
[108月2026 21:10:18.934] [modloading-worker-0/INFO] [KubeJS Startup/]: Validated 2 files in kubejs/assets/ in 3ms
[108月2026 21:10:18.934] [modloading-worker-0/INFO] [KubeJS Startup/]: Validated 0 files in kubejs/data/ in 0ms
[108月2026 21:10:19.014] [modloading-worker-0/INFO] [Railways/]: Registering data fixers
[108月2026 21:10:19.083] [modloading-worker-0/INFO] [Puzzles Lib/]: Constructing components for puzzleslib:common
[108月2026 21:10:19.192] [modloading-worker-0/INFO] [Puzzles Lib/]: Constructing components for overflowingbars:common
[108月2026 21:10:19.194] [modloading-worker-0/INFO] [com.simibubi.create.Create/]: Create 6.0.10 initializing! Commit hash: ac0c444d9828da3453ae8cc65338e8de063286fb
[108月2026 21:10:19.233] [modloading-worker-0/INFO] [Puzzles Lib/]: Dispatching loading event for config overflowingbars-client.toml
[108月2026 21:10:19.257] [modloading-worker-0/INFO] [Puzzles Lib/]: Constructing components for puzzleslib:client
[108月2026 21:10:19.257] [modloading-worker-0/INFO] [Puzzles Lib/]: Constructing components for overflowingbars:client
[108月2026 21:10:19.288] [modloading-worker-0/INFO] [PFSolver/]: Presence Footsteps starting
[108月2026 21:10:19.322] [modloading-worker-0/WARN] [minecolonies/]: |======================================================================================================================================|
[108月2026 21:10:19.322] [modloading-worker-0/WARN] [minecolonies/]: |                                                                                                                                      |
[108月2026 21:10:19.322] [modloading-worker-0/WARN] [minecolonies/]: | Minecolonies has detected an addon mod that alters Minecolonies core code recklessly: 'Tweaks/Compatibility addon for Minecolonies'. |
[108月2026 21:10:19.322] [modloading-worker-0/WARN] [minecolonies/]: |          Please report any bugs or issues you find directly to the authors of this addon, as the Official Minecolonies Team          |
[108月2026 21:10:19.322] [modloading-worker-0/WARN] [minecolonies/]: |               will not be able to provide you any support with potential issues that will arise when using this addon.               |
[108月2026 21:10:19.322] [modloading-worker-0/WARN] [minecolonies/]: |                                                                                                                                      |
[108月2026 21:10:19.322] [modloading-worker-0/WARN] [minecolonies/]: |======================================================================================================================================|
[108月2026 21:10:19.323] [modloading-worker-0/WARN] [io.github.reserveword.imblocker.common.IMBlockerCore/]: [IMBlocker] Class net.mehvahdjukaar.supplementaries.client.screens.TextHolderEditScreen not found, ignored.
[108月2026 21:10:19.331] [modloading-worker-0/INFO] [io.github.reserveword.imblocker.common.IMBlockerCore/]: [IMBlocker] bakelist screenWhitelist result [class dev.simulated_team.simulated.content.blocks.nameplate.NameplateScreen, class net.minecraft.client.gui.screens.inventory.AbstractSignEditScreen, class com.enxv.aeronauticsstructuretool.ToolModeScreen, class net.minecraft.client.gui.screens.inventory.BookEditScreen, class com.simibubi.create.content.equipment.clipboard.ClipboardScreen]
[108月2026 21:10:20.213] [modloading-worker-0/INFO] [dev.ryanhcode.sable.Sable/]: Sable loaded!
[108月2026 21:10:20.233] [modloading-worker-0/WARN] [dev.ryanhcode.sable.Sable/]: NOTE: Sable is loaded with Flywheel. Sable contains extensive shader overrides and a full light-storage replacement. Expect this to cause compatibility issues. If issues arise, please report them to the Sable issue tracker (https://github.com/ryanhcode/sable/issues) instead of the Flywheel issue tracker.
[108月2026 21:10:20.234] [modloading-worker-0/INFO] [com.happysg.radar.CreateRadar/]: Initializing Create Radar!
[108月2026 21:10:20.245] [modloading-worker-0/INFO] [com.happysg.radar.CreateRadar/]: Registering Items!
[108月2026 21:10:20.284] [modloading-worker-0/INFO] [com.happysg.radar.CreateRadar/]: Registering blocks!
[108月2026 21:10:20.303] [modloading-worker-0/INFO] [com.happysg.radar.CreateRadar/]: Registering block entity types!
[108月2026 21:10:20.305] [modloading-worker-0/INFO] [com.happysg.radar.CreateRadar/]: Registering CreativeTabs!
[108月2026 21:10:20.305] [modloading-worker-0/INFO] [com.happysg.radar.CreateRadar/]: Registering Lang!
[108月2026 21:10:20.327] [modloading-worker-0/INFO] [com.happysg.radar.CreateRadar/]: Registering CBC Compat Items!
[108月2026 21:10:21.986] [modloading-sync-worker/INFO] [com.happysg.radar.CreateRadar/]: Registered contraption type 'create_radar:radar_bearing'
[108月2026 21:10:22.156] [modloading-sync-worker/INFO] [steve_gall.minecolonies_tweaks.core.common.MineColoniesTweaks/]: CustomToolTypeData Added: minecolonies_tweaks:crossbow
[108月2026 21:10:22.156] [modloading-sync-worker/INFO] [steve_gall.minecolonies_tweaks.core.common.MineColoniesTweaks/]: CustomToolTypeData Added: minecolonies_tweaks:gun
[108月2026 21:10:22.156] [modloading-sync-worker/INFO] [steve_gall.minecolonies_tweaks.core.common.MineColoniesTweaks/]: CustomToolTypeData Added: minecolonies_tweaks:knife
[108月2026 21:10:22.157] [modloading-sync-worker/INFO] [steve_gall.minecolonies_tweaks.core.common.MineColoniesTweaks/]: CustomToolTypeData Added: minecolonies_tweaks:ranger_weapon
[108月2026 21:10:22.157] [modloading-sync-worker/INFO] [steve_gall.minecolonies_tweaks.core.common.MineColoniesTweaks/]: CustomToolTypeData Added: minecolonies_tweaks:knight_weapon
[108月2026 21:10:22.157] [modloading-sync-worker/INFO] [steve_gall.minecolonies_tweaks.core.common.MineColoniesTweaks/]: CustomToolTypeData Added: minecolonies_tweaks:butcher_tool
[108月2026 21:10:22.687] [Render thread/INFO] [Veil/]: GL Debug supported
[108月2026 21:10:22.703] [Render thread/INFO] [Sodium/]: Block minecraft:water_cauldron had its color provider replaced with com.ldtteam.blockui.mod.ClientLifecycleSubscriber$$Lambda/0x0000000803436658@71de7e65 and will not use per-vertex coloring
[108月2026 21:10:22.705] [Render thread/INFO] [com.klikli_dev.occultism.Occultism/]: Block color registration complete.
[108月2026 21:10:22.709] [Render thread/INFO] [com.klikli_dev.occultism.Occultism/]: Item color registration complete.
[108月2026 21:10:22.863] [Render thread/INFO] [com.klikli_dev.occultism.Occultism/]: Registered Particle Factories
[108月2026 21:10:22.890] [Render thread/INFO] [Iris/]: Hardware information:
[108月2026 21:10:22.890] [Render thread/INFO] [Iris/]: CPU: 8x 13th Gen Intel(R) Core(TM) i9-13900KF
[108月2026 21:10:22.891] [Render thread/INFO] [Iris/]: GPU: NVIDIA GeForce RTX 3060/PCIe/SSE2 (Supports OpenGL 4.6.0 NVIDIA 560.94)
[108月2026 21:10:22.891] [Render thread/INFO] [Iris/]: OS: Windows 11 (10.0)
[108月2026 21:10:23.184] [Render thread/INFO] [de.keksuccino.fancymenu.FancyMenuNeoForgeClientEvents/]: [FANCYMENU] Registered FancyMenu's resource reload listener via NeoForge API.
[108月2026 21:10:23.730] [Render thread/INFO] [mixin/]: fancymenu.mixins.json:client.IMixinRealmsNotificationsScreen from mod fancymenu->@Accessor[FIELD_GETTER]::get_trialAvailable_FancyMenu()Z should be static as its target is
[108月2026 21:10:23.730] [Render thread/INFO] [mixin/]: fancymenu.mixins.json:client.IMixinRealmsNotificationsScreen from mod fancymenu->@Accessor[FIELD_GETTER]::get_hasUnreadNews_FancyMenu()Z should be static as its target is
[108月2026 21:10:23.730] [Render thread/INFO] [mixin/]: fancymenu.mixins.json:client.IMixinRealmsNotificationsScreen from mod fancymenu->@Accessor[FIELD_GETTER]::get_hasUnseenNotifications()Z should be static as its target is
[108月2026 21:10:23.780] [Render thread/INFO] [net.minecraft.server.packs.resources.ReloadableResourceManager/]: Reloading ResourceManager: vanilla, KubeJS Virtual Resource Pack [Before Mods, assets], KubeJS Virtual Resource Pack [Internal, assets], KubeJS Virtual Resource Pack [After Mods, assets], KubeJS File Resource Pack [assets], file/Minecraft-Mod-Language-Modpack-Converted-1.21.1.zip, mod_resources, mod/sodium, mod/c2me_fixes_worldgen_threading_issues, mod/fabric_renderer_api_v1, mod/ftbessentials, mod/geckolib, mod/playeranimator, mod/towntalk, mod/create_mobile_packages, mod/aeronautics_bundled, mod/c2me_opts_natives_math, mod/sophisticatedcore, mod/c2me_fixes_general_threading_issues, mod/ritchiesprojectilelib, mod/controlling, mod/xaeroworldmap, mod/neoforge, mod/modernfix, mod/fabric_block_view_api_v2, mod/krypton_fnp, mod/iris, mod/bookshelf, mod/veil, mod/sophisticatedbackpacks, mod/simulated, mod/c2me_opts_math, mod/creeper_firework, mod/c2me, mod/clientsort, mod/railways, mod/prickle, mod/melody, mod/c2me_base, mod/exposure, mod/cloth_config, mod/fzzy_config, mod/c2me_fixes_worldgen_vanilla_bugs, mod/konkrete, mod/create_connected, mod/farmersdelight, mod/torchmaster, mod/colonypathingedition, mod/ambientsounds, mod/c2me_fixes_chunkio_threading_issues, mod/c2me_client_uncapvd, mod/c2me_opts_dfc, mod/fidworkblock, mod/touhou_little_maid, mod/netmusic, mod/curios, mod/blockui, mod/patchouli, mod/searchables, mod/thirst, mod/createliquidfuel, mod/architectury, mod/aiimprovements, mod/cupboard, mod/conditional_mixin, mod/transition, mod/dynamic_fps, mod/fabric_rendering_data_attachment_v1, mod/c2me_rewrites_chunkio, mod/probejs, mod/fastrecipesearch, mod/observable, mod/fastleafdecay, mod/create_factory_abstractions, mod/yeetusexperimentus, mod/c2me_opts_allocs, mod/smartbrainlib, mod/rhino, mod/createbigcannons, mod/c2me_threading_lighting, mod/colorwheel_patcher, mod/ftblibrary, mod/ftbteams, mod/copycats, mod/jei, mod/kubejs, mod/irons_lib, mod/xaerolib, mod/attributefix, mod/aeronautics, mod/trender, mod/yes_steve_model, mod/caelus, mod/reap, mod/fabric_renderer_indigo, mod/naturescompass, mod/mr_lithosphere, mod/c2me_rewrites_chunk_system, mod/farsight_view, mod/ftbchunks, mod/c2me_opts_worldgen_vanilla, mod/simpletomb, mod/c2me_opts_scheduling, mod/offroad, mod/always_eat, mod/flavor_immersed_daily, mod/fabric_api_base, mod/mousetweaks, mod/ftbquests, mod/jade, mod/creativecore, mod/alltheleaks, mod/c2me_server_utils, mod/domum_ornamentum, mod/kotlinforforge, mod/sablecompanion, mod/create_aeronautics_toolgun, mod/xaerominimap, mod/polymorph, mod/c2me_notickvd, mod/irons_spellbooks, mod/immersive_paintings, mod/jecharacters, mod/entityculling, mod/c2me_opts_worldgen_general, mod/c2me_opts_chunkio, mod/structurize, mod/multipiston, mod/modonomicon, mod/fancymenu, mod/continuity, mod/minecolonies, mod/minecolonies_tweaks, mod/minecolonies_compatibility, mod/betteradvancedtooltips, mod/appleskin, mod/ferritecore, mod/occultism, mod/solcarrot, mod/puzzleslib, mod/colorwheel, mod/flywheel, mod/ponder, mod/create, mod/create_integrated_farming, mod/createprism, mod/create_dragons_plus, mod/create_central_kitchen, mod/northstar, mod/sable, mod/constructionwand, mod/muhc, mod/drivebywire, mod/create_radar, mod/tracks, mod/overflowingbars, mod/imblocker, mod/presencefootsteps, mod/winefoxs_spellbooks, mod/towntalk:respack, KubeJS Virtual Resource Pack [Last, assets]
[108月2026 21:10:23.797] [Worker-ResourceReload-0/INFO] [simplebedrockmodel/]: Loading bedrock model file: touhou_little_maid:models/bedrock/block/shrine.json
[108月2026 21:10:23.809] [Worker-ResourceReload-0/INFO] [simplebedrockmodel/]: Loading bedrock model file: touhou_little_maid:models/bedrock/block/altar.json
[108月2026 21:10:23.819] [Worker-ResourceReload-0/INFO] [simplebedrockmodel/]: Loading bedrock model file: touhou_little_maid:models/bedrock/entity/backpack/tank_backpack.json
[108月2026 21:10:23.820] [Worker-ResourceReload-0/INFO] [simplebedrockmodel/]: Loading bedrock model file: touhou_little_maid:models/bedrock/entity/maid_fairy.json
[108月2026 21:10:23.825] [Worker-ResourceReload-0/INFO] [simplebedrockmodel/]: Loading bedrock model file: touhou_little_maid:models/bedrock/entity/backpack/small_backpack.json
[108月2026 21:10:23.825] [Worker-ResourceReload-0/INFO] [simplebedrockmodel/]: Loading bedrock model file: touhou_little_maid:models/bedrock/entity/broom.json
[108月2026 21:10:23.826] [Worker-ResourceReload-0/INFO] [simplebedrockmodel/]: Loading bedrock model file: touhou_little_maid:models/bedrock/entity/baby_maid_fairy.json
[108月2026 21:10:23.829] [Worker-ResourceReload-0/INFO] [simplebedrockmodel/]: Loading bedrock model file: touhou_little_maid:models/bedrock/block/maid_bed/black.json
[108月2026 21:10:23.830] [Worker-ResourceReload-0/INFO] [simplebedrockmodel/]: Loading bedrock model file: touhou_little_maid:models/bedrock/block/cchess.json
[108月2026 21:10:23.830] [Worker-ResourceReload-0/INFO] [simplebedrockmodel/]: Loading bedrock model file: touhou_little_maid:models/bedrock/block/gomoku.json
[108月2026 21:10:23.830] [Worker-ResourceReload-0/INFO] [simplebedrockmodel/]: Loading bedrock model file: touhou_little_maid:models/bedrock/block/maid_bed/yellow.json
[108月2026 21:10:23.831] [Worker-ResourceReload-0/INFO] [simplebedrockmodel/]: Loading bedrock model file: touhou_little_maid:models/bedrock/block/computer.json
[108月2026 21:10:23.833] [Worker-ResourceReload-0/INFO] [simplebedrockmodel/]: Loading bedrock model file: touhou_little_maid:models/bedrock/block/gomoku_piece.json
[108月2026 21:10:23.833] [Worker-ResourceReload-0/INFO] [simplebedrockmodel/]: Loading bedrock model file: touhou_little_maid:models/bedrock/block/bookshelf.json
[108月2026 21:10:23.836] [Worker-ResourceReload-0/INFO] [simplebedrockmodel/]: Loading bedrock model file: touhou_little_maid:models/bedrock/block/maid_bed/blue.json
[108月2026 21:10:23.841] [Worker-ResourceReload-0/INFO] [simplebedrockmodel/]: Loading bedrock model file: touhou_little_maid:models/bedrock/entity/backpack/end_chest_backpack.json
[108月2026 21:10:23.842] [Worker-ResourceReload-0/INFO] [simplebedrockmodel/]: Loading bedrock model file: touhou_little_maid:models/bedrock/block/keyboard.json
[108月2026 21:10:23.844] [Worker-ResourceReload-0/INFO] [simplebedrockmodel/]: Loading bedrock model file: touhou_little_maid:models/bedrock/entity/backpack/crafting_table_backpack.json
[108月2026 21:10:23.845] [Worker-ResourceReload-0/INFO] [simplebedrockmodel/]: Loading bedrock model file: touhou_little_maid:models/bedrock/block/picnic_mat.json
[108月2026 21:10:23.848] [Worker-ResourceReload-0/INFO] [simplebedrockmodel/]: Loading bedrock model file: touhou_little_maid:models/bedrock/block/snack_cabinet.json
[108月2026 21:10:23.849] [Worker-ResourceReload-0/INFO] [simplebedrockmodel/]: Loading bedrock model file: touhou_little_maid:models/bedrock/block/statue_base.json
[108月2026 21:10:23.850] [Worker-ResourceReload-0/INFO] [simplebedrockmodel/]: Loading bedrock model file: touhou_little_maid:models/bedrock/block/wchess.json
[108月2026 21:10:23.850] [Worker-ResourceReload-0/INFO] [simplebedrockmodel/]: Loading bedrock model file: touhou_little_maid:models/bedrock/block/picnic_basket.json
[108月2026 21:10:23.850] [Worker-ResourceReload-0/INFO] [simplebedrockmodel/]: Loading bedrock model file: touhou_little_maid:models/bedrock/entity/maid_banner.json
[108月2026 21:10:23.851] [Worker-ResourceReload-0/INFO] [simplebedrockmodel/]: Loading bedrock model file: touhou_little_maid:models/bedrock/block/cchess_pieces.json
[108月2026 21:10:23.861] [Worker-ResourceReload-0/INFO] [simplebedrockmodel/]: Loading bedrock model file: touhou_little_maid:models/bedrock/block/maid_bed/purple.json
[108月2026 21:10:23.862] [Worker-ResourceReload-0/INFO] [simplebedrockmodel/]: Loading bedrock model file: touhou_little_maid:models/bedrock/entity/tombstone.json
[108月2026 21:10:23.863] [Worker-ResourceReload-0/INFO] [simplebedrockmodel/]: Loading bedrock model file: touhou_little_maid:models/bedrock/entity/cake_box.json
[108月2026 21:10:23.863] [Worker-ResourceReload-0/INFO] [simplebedrockmodel/]: Loading bedrock model file: touhou_little_maid:models/bedrock/entity/backpack/middle_backpack.json
[108月2026 21:10:23.865] [Worker-ResourceReload-0/INFO] [simplebedrockmodel/]: Loading bedrock model file: touhou_little_maid:models/bedrock/entity/new_maid_fairy.json
[108月2026 21:10:23.866] [Worker-ResourceReload-0/INFO] [simplebedrockmodel/]: Loading bedrock model file: touhou_little_maid:models/bedrock/entity/backpack/big_backpack.json
[108月2026 21:10:23.867] [Worker-ResourceReload-0/INFO] [simplebedrockmodel/]: Loading bedrock model file: touhou_little_maid:models/bedrock/block/maid_bed/pink.json
[108月2026 21:10:23.868] [Worker-ResourceReload-0/INFO] [simplebedrockmodel/]: Loading bedrock model file: touhou_little_maid:models/bedrock/block/maid_bed/green.json
[108月2026 21:10:23.868] [Worker-ResourceReload-0/INFO] [simplebedrockmodel/]: Loading bedrock model file: touhou_little_maid:models/bedrock/entity/marisa_yukkuri.json
[108月2026 21:10:23.869] [Worker-ResourceReload-0/INFO] [simplebedrockmodel/]: Loading bedrock model file: touhou_little_maid:models/bedrock/block/wchess_pieces.json
[108月2026 21:10:23.869] [Worker-ResourceReload-0/INFO] [simplebedrockmodel/]: Loading bedrock model file: touhou_little_maid:models/bedrock/entity/backpack/furnace_backpack.json
[108月2026 21:10:23.870] [Worker-ResourceReload-0/INFO] [simplebedrockmodel/]: Loading bedrock model file: touhou_little_maid:models/bedrock/entity/reimu_yukkuri.json
[108月2026 21:10:23.870] [Worker-ResourceReload-0/INFO] [simplebedrockmodel/]: Loading bedrock model file: touhou_little_maid:models/bedrock/block/maid_bed/white.json
[108月2026 21:10:25.508] [NeoForge Version Check/INFO] [net.neoforged.fml.VersionChecker/]: [controlling] Starting version check at https://updates.blamejared.com/get?n=controlling&gv=1.21.1&ml=neoforge
[108月2026 21:10:25.518] [Worker-ResourceReload-4/WARN] [GeckoLib/]: Unsupported geometry json version: 1.21.0 for model northstar:geo/entity/moon_lunar_hydra.geo.json. Supported versions: 1.12.0. Remove any rotated face UVs and re-export the model to fix
[108月2026 21:10:25.519] [Worker-ResourceReload-4/WARN] [GeckoLib/]: Unsupported geometry json version: 1.21.0 for model northstar:geo/entity/moon_snail.geo.json. Supported versions: 1.12.0. Remove any rotated face UVs and re-export the model to fix
[108月2026 21:10:25.559] [Worker-ResourceReload-4/INFO] [com.fidtest.ExampleMod/]: FidworkBlock cooking system ready!
[108月2026 21:10:25.667] [Worker-ResourceReload-4/INFO] [colorwheel_patcher/]: No user config.json found
[108月2026 21:10:25.668] [Worker-ResourceReload-4/INFO] [colorwheel_patcher/]: Available patches: 6
[108月2026 21:10:25.668] [Worker-ResourceReload-4/INFO] [colorwheel_patcher/]:  - EuphoriaPatches [1.6.3, 1.6.4, 1.6.5, 1.6.6, 1.6.7, 1.6.8] (jar)
[108月2026 21:10:25.668] [Worker-ResourceReload-4/INFO] [colorwheel_patcher/]:  - Complementary [5.6, 5.6.1] (jar)
[108月2026 21:10:25.668] [Worker-ResourceReload-4/INFO] [colorwheel_patcher/]:  - rethinking-voxels [0.1-beta9] (jar)
[108月2026 21:10:25.668] [Worker-ResourceReload-4/INFO] [colorwheel_patcher/]:  - BSL [10.1] (jar)
[108月2026 21:10:25.668] [Worker-ResourceReload-4/INFO] [colorwheel_patcher/]:  - Bliss [2.1.1, 2.1.2] (jar)
[108月2026 21:10:25.668] [Worker-ResourceReload-4/INFO] [colorwheel_patcher/]:  - photon [1.3a] (jar)
[108月2026 21:10:25.670] [Worker-ResourceReload-4/INFO] [colorwheel_patcher/]: Existing base shaders: 3
[108月2026 21:10:25.672] [Worker-ResourceReload-4/INFO] [colorwheel_patcher/]:  - photon_v1.3a.zip [1.0.5]
[108月2026 21:10:25.672] [Worker-ResourceReload-4/INFO] [colorwheel_patcher/]:  - Bliss_v2.1.2_(Chocapic13_Shaders_edit).zip [1.0.5]
[108月2026 21:10:25.672] [Worker-ResourceReload-4/INFO] [colorwheel_patcher/]:  - ComplementaryUnbound_r5.7.1.zip []
[108月2026 21:10:25.673] [Worker-ResourceReload-4/INFO] [colorwheel_patcher/]: 'photon_v1.3a.zip' already patched with version 1.0.5
[108月2026 21:10:25.673] [Worker-ResourceReload-4/INFO] [colorwheel_patcher/]: 'Bliss_v2.1.2_(Chocapic13_Shaders_edit).zip' already patched with version 1.0.5
[108月2026 21:10:25.673] [Worker-ResourceReload-4/INFO] [colorwheel_patcher/]: Found patch 'Complementary' for ComplementaryUnbound_r5.7.1.zip
[108月2026 21:10:25.673] [Worker-ResourceReload-4/INFO] [colorwheel_patcher/]: 'ComplementaryUnbound_r5.7.1.zip' version is unknown or unsupported
[108月2026 21:10:25.673] [Worker-ResourceReload-4/INFO] [xaero.lib.XaeroLib/]: Loading XaeroLib common 1/2!
[108月2026 21:10:25.676] [Worker-ResourceReload-6/INFO] [fzzy_config/]: Loaded config immersive_paintings:common_config in 184ms
[108月2026 21:10:25.690] [Worker-ResourceReload-6/INFO] [fzzy_config/]: Loaded config immersive_paintings:client_config in 11ms
[108月2026 21:10:25.693] [Worker-ResourceReload-4/INFO] [com.farsight.FarsightMod/]: farsight_view mod initialized
[108月2026 21:10:25.829] [Render thread/INFO] [de.keksuccino.fancymenu.customization.ScreenCustomization/]: [FANCYMENU] Initializing screen customization engine! Addons should NOT REGISTER TO REGISTRIES anymore now!
[108月2026 21:10:25.836] [Worker-ResourceReload-5/WARN] [GeckoLib/]: Found animation file with improper file name format; animation files should end in .animation.json: 'irons_spellbooks:animations/casting_animations.json'
[108月2026 21:10:25.841] [Worker-ResourceReload-4/INFO] [com.klikli_dev.occultism.Occultism/]: Common setup complete.
[108月2026 21:10:25.885] [Worker-ResourceReload-4/INFO] [com.happysg.radar.CreateRadar/]: Registering Display Sources!
[108月2026 21:10:25.888] [Worker-ResourceReload-4/INFO] [dev.polaris_light.constructionwand.ConstructionWand/]: ConstructionWand says hello - may the odds be ever in your favor.
[108月2026 21:10:25.889] [Worker-ResourceReload-4/INFO] [dev.polaris_light.constructionwand.ConstructionWand/]: Curios integration added
[108月2026 21:10:25.890] [Worker-ResourceReload-4/INFO] [dev.polaris_light.constructionwand.ConstructionWand/]: Occultism integration added
[108月2026 21:10:25.897] [Worker-ResourceReload-3/INFO] [net.minecraft.client.gui.font.providers.UnihexProvider/]: Found unifont_all_no_pua-15.1.05.hex, loading
[108月2026 21:10:25.913] [Worker-ResourceReload-5/WARN] [GeckoLib/]: Found animation file with improper file name format; animation files should end in .animation.json: 'irons_spellbooks:animations/ice_block_animations.json'
[108月2026 21:10:25.913] [Worker-ResourceReload-5/WARN] [GeckoLib/]: Found animation file with improper file name format; animation files should end in .animation.json: 'irons_spellbooks:animations/root_animations.json'
[108月2026 21:10:25.914] [Worker-ResourceReload-5/WARN] [GeckoLib/]: Found animation file with improper file name format; animation files should end in .animation.json: 'irons_spellbooks:animations/spectral_hammer.json'
[108月2026 21:10:25.915] [Worker-ResourceReload-5/WARN] [GeckoLib/]: Found animation file with improper file name format; animation files should end in .animation.json: 'irons_spellbooks:animations/summoned_weapon_animations.json'
[108月2026 21:10:25.915] [Worker-ResourceReload-5/WARN] [GeckoLib/]: Found animation file with improper file name format; animation files should end in .animation.json: 'irons_spellbooks:animations/void_tentacle_animations.json'
[108月2026 21:10:25.916] [Worker-ResourceReload-5/WARN] [GeckoLib/]: Found animation file with improper file name format; animation files should end in .animation.json: 'irons_lib:animations/wizard_armor_animation.json'
[108月2026 21:10:25.916] [Worker-ResourceReload-5/WARN] [GeckoLib/]: Found animation file with improper file name format; animation files should end in .animation.json: 'irons_spellbooks:animations/wizard_armor_animation.json'
[108月2026 21:10:25.970] [Worker-ResourceReload-0/ERROR] [net.minecraft.Util/]: Invalid path in pack: flavor_immersed_daily:models/custom/chao_guo_1(1).json, ignoring
[108月2026 21:10:26.027] [Worker-ResourceReload-3/INFO] [net.minecraft.client.gui.font.providers.UnihexProvider/]: Found unifont_jp_patch-15.1.05.hex, loading
[108月2026 21:10:26.132] [NeoForge Version Check/INFO] [net.neoforged.fml.VersionChecker/]: [controlling] Found status: BETA Current: 19.0.5 Target: 19.0.5
[108月2026 21:10:26.132] [NeoForge Version Check/INFO] [net.neoforged.fml.VersionChecker/]: [krypton_fnp] Starting version check at https://mvnc.pkg.one/update/mod/krypton_fnp/forge_update.json
[108月2026 21:10:26.524] [Render thread/INFO] [de.keksuccino.fancymenu.FancyMenu/]: [FANCYMENU] Starting late client initialization phase..
[108月2026 21:10:26.588] [Render thread/INFO] [de.keksuccino.konkrete.Konkrete/]: [KONKRETE] Client-side modules initialized and ready to use!
[108月2026 21:10:26.597] [Render thread/INFO] [KubeJS Client/]: Client resource reload complete!
[108月2026 21:10:26.791] [NeoForge Version Check/INFO] [net.neoforged.fml.VersionChecker/]: [krypton_fnp] Found status: OUTDATED Current: 0.2.28.1-1.21.1 Target: 26.2.1-1.21.1
[108月2026 21:10:26.791] [NeoForge Version Check/INFO] [net.neoforged.fml.VersionChecker/]: [bookshelf] Starting version check at https://updates.blamejared.com/get?n=bookshelf&gv=1.21.1&ml=neoforge
[108月2026 21:10:26.968] [NeoForge Version Check/INFO] [net.neoforged.fml.VersionChecker/]: [bookshelf] Found status: BETA Current: 21.1.81 Target: 21.1.81
[108月2026 21:10:26.968] [NeoForge Version Check/INFO] [net.neoforged.fml.VersionChecker/]: [prickle] Starting version check at https://updates.blamejared.com/get?n=prickle&gv=1.21.1&ml=neoforge
[108月2026 21:10:27.144] [NeoForge Version Check/INFO] [net.neoforged.fml.VersionChecker/]: [prickle] Found status: BETA Current: 21.1.11 Target: 21.1.11
[108月2026 21:10:27.144] [NeoForge Version Check/INFO] [net.neoforged.fml.VersionChecker/]: [create_connected] Starting version check at https://raw.githubusercontent.com/hlysine/create_connected/main/update.json
[108月2026 21:10:27.774] [Worker-ResourceReload-0/ERROR] [net.minecraft.client.resources.model.ModelManager/]: Failed to load model trackwork:models/block/wheels.json
com.google.gson.JsonSyntaxException: Missing axis, expected to find a string
	at TRANSFORMER/minecraft@1.21.1/net.minecraft.util.GsonHelper.getAsString(GsonHelper.java:128) ~[client-1.21.1-20240808.144430-srg.jar%23304!/:?]
	at TRANSFORMER/minecraft@1.21.1/net.minecraft.client.renderer.block.model.BlockElement$Deserializer.getAxis(BlockElement.java:122) ~[client-1.21.1-20240808.144430-srg.jar%23304!/:?]
	at TRANSFORMER/minecraft@1.21.1/net.minecraft.client.renderer.block.model.BlockElement$Deserializer.getRotation(BlockElement.java:103) ~[client-1.21.1-20240808.144430-srg.jar%23304!/:?]
	at TRANSFORMER/minecraft@1.21.1/net.minecraft.client.renderer.block.model.BlockElement$Deserializer.deserialize(BlockElement.java:84) ~[client-1.21.1-20240808.144430-srg.jar%23304!/:?]
	at TRANSFORMER/minecraft@1.21.1/net.minecraft.client.renderer.block.model.BlockElement$Deserializer.deserialize(BlockElement.java:76) ~[client-1.21.1-20240808.144430-srg.jar%23304!/:?]
	at MC-BOOTSTRAP/com.google.gson@2.10.1/com.google.gson.internal.bind.TreeTypeAdapter.read(TreeTypeAdapter.java:76) ~[gson-2.10.1.jar%23107!/:?]
	at MC-BOOTSTRAP/com.google.gson@2.10.1/com.google.gson.Gson.fromJson(Gson.java:1227) ~[gson-2.10.1.jar%23107!/:?]
	at MC-BOOTSTRAP/com.google.gson@2.10.1/com.google.gson.Gson.fromJson(Gson.java:1329) ~[gson-2.10.1.jar%23107!/:?]
	at MC-BOOTSTRAP/com.google.gson@2.10.1/com.google.gson.Gson.fromJson(Gson.java:1300) ~[gson-2.10.1.jar%23107!/:?]
	at MC-BOOTSTRAP/com.google.gson@2.10.1/com.google.gson.internal.bind.TreeTypeAdapter$GsonContextImpl.deserialize(TreeTypeAdapter.java:179) ~[gson-2.10.1.jar%23107!/:?]
	at TRANSFORMER/minecraft@1.21.1/net.minecraft.client.renderer.block.model.BlockModel$Deserializer.getElements(BlockModel.java:409) ~[client-1.21.1-20240808.144430-srg.jar%23304!/:?]
	at TRANSFORMER/minecraft@1.21.1/net.minecraft.client.renderer.block.model.BlockModel$Deserializer.deserialize(BlockModel.java:338) ~[client-1.21.1-20240808.144430-srg.jar%23304!/:?]
	at TRANSFORMER/neoforge@21.1.248/net.neoforged.neoforge.client.model.ExtendedBlockModelDeserializer.deserialize(ExtendedBlockModelDeserializer.java:51) ~[neoforge-21.1.248-universal.jar%23305!/:?]
	at TRANSFORMER/neoforge@21.1.248/net.neoforged.neoforge.client.model.ExtendedBlockModelDeserializer.deserialize(ExtendedBlockModelDeserializer.java:37) ~[neoforge-21.1.248-universal.jar%23305!/:?]
	at MC-BOOTSTRAP/com.google.gson@2.10.1/com.google.gson.internal.bind.TreeTypeAdapter.read(TreeTypeAdapter.java:76) ~[gson-2.10.1.jar%23107!/:?]
	at TRANSFORMER/minecraft@1.21.1/net.minecraft.util.GsonHelper.fromNullableJson(GsonHelper.java:525) ~[client-1.21.1-20240808.144430-srg.jar%23304!/:?]
	at TRANSFORMER/minecraft@1.21.1/net.minecraft.util.GsonHelper.fromJson(GsonHelper.java:532) ~[client-1.21.1-20240808.144430-srg.jar%23304!/:?]
	at TRANSFORMER/minecraft@1.21.1/net.minecraft.util.GsonHelper.fromJson(GsonHelper.java:582) ~[client-1.21.1-20240808.144430-srg.jar%23304!/:?]
	at TRANSFORMER/minecraft@1.21.1/net.minecraft.client.renderer.block.model.BlockModel.fromStream(BlockModel.java:83) ~[client-1.21.1-20240808.144430-srg.jar%23304!/:?]
	at TRANSFORMER/minecraft@1.21.1/net.minecraft.client.resources.model.ModelManager.lambda$loadBlockModels$8(ModelManager.java:144) ~[client-1.21.1-20240808.144430-srg.jar%23304!/:?]
	at java.base/java.util.concurrent.CompletableFuture$AsyncSupply.run(CompletableFuture.java:1768) [?:?]
	at java.base/java.util.concurrent.CompletableFuture$AsyncSupply.exec(CompletableFuture.java:1760) [?:?]
	at java.base/java.util.concurrent.ForkJoinTask.doExec(ForkJoinTask.java:387) [?:?]
	at java.base/java.util.concurrent.ForkJoinPool$WorkQueue.topLevelExec(ForkJoinPool.java:1312) [?:?]
	at java.base/java.util.concurrent.ForkJoinPool.scan(ForkJoinPool.java:1843) [?:?]
	at java.base/java.util.concurrent.ForkJoinPool.runWorker(ForkJoinPool.java:1808) [?:?]
	at java.base/java.util.concurrent.ForkJoinWorkerThread.run(ForkJoinWorkerThread.java:188) [?:?]
[108月2026 21:10:27.932] [Worker-ResourceReload-0/ERROR] [net.minecraft.client.resources.model.ModelManager/]: Failed to load model flavor_immersed_daily:models/custom/zheng_long_0d.json
com.google.gson.JsonParseException: Invalid rotation 42.5 found, only -45/-22.5/0/22.5/45 allowed
	at TRANSFORMER/minecraft@1.21.1/net.minecraft.client.renderer.block.model.BlockElement$Deserializer.getAngle(BlockElement.java:115) ~[client-1.21.1-20240808.144430-srg.jar%23304!/:?]
	at TRANSFORMER/minecraft@1.21.1/net.minecraft.client.renderer.block.model.BlockElement$Deserializer.getRotation(BlockElement.java:104) ~[client-1.21.1-20240808.144430-srg.jar%23304!/:?]
	at TRANSFORMER/minecraft@1.21.1/net.minecraft.client.renderer.block.model.BlockElement$Deserializer.deserialize(BlockElement.java:84) ~[client-1.21.1-20240808.144430-srg.jar%23304!/:?]
	at TRANSFORMER/minecraft@1.21.1/net.minecraft.client.renderer.block.model.BlockElement$Deserializer.deserialize(BlockElement.java:76) ~[client-1.21.1-20240808.144430-srg.jar%23304!/:?]
	at MC-BOOTSTRAP/com.google.gson@2.10.1/com.google.gson.internal.bind.TreeTypeAdapter.read(TreeTypeAdapter.java:76) ~[gson-2.10.1.jar%23107!/:?]
	at MC-BOOTSTRAP/com.google.gson@2.10.1/com.google.gson.Gson.fromJson(Gson.java:1227) ~[gson-2.10.1.jar%23107!/:?]
	at MC-BOOTSTRAP/com.google.gson@2.10.1/com.google.gson.Gson.fromJson(Gson.java:1329) ~[gson-2.10.1.jar%23107!/:?]
	at MC-BOOTSTRAP/com.google.gson@2.10.1/com.google.gson.Gson.fromJson(Gson.java:1300) ~[gson-2.10.1.jar%23107!/:?]
	at MC-BOOTSTRAP/com.google.gson@2.10.1/com.google.gson.internal.bind.TreeTypeAdapter$GsonContextImpl.deserialize(TreeTypeAdapter.java:179) ~[gson-2.10.1.jar%23107!/:?]
	at TRANSFORMER/minecraft@1.21.1/net.minecraft.client.renderer.block.model.BlockModel$Deserializer.getElements(BlockModel.java:409) ~[client-1.21.1-20240808.144430-srg.jar%23304!/:?]
	at TRANSFORMER/minecraft@1.21.1/net.minecraft.client.renderer.block.model.BlockModel$Deserializer.deserialize(BlockModel.java:338) ~[client-1.21.1-20240808.144430-srg.jar%23304!/:?]
	at TRANSFORMER/neoforge@21.1.248/net.neoforged.neoforge.client.model.ExtendedBlockModelDeserializer.deserialize(ExtendedBlockModelDeserializer.java:51) ~[neoforge-21.1.248-universal.jar%23305!/:?]
	at TRANSFORMER/neoforge@21.1.248/net.neoforged.neoforge.client.model.ExtendedBlockModelDeserializer.deserialize(ExtendedBlockModelDeserializer.java:37) ~[neoforge-21.1.248-universal.jar%23305!/:?]
	at MC-BOOTSTRAP/com.google.gson@2.10.1/com.google.gson.internal.bind.TreeTypeAdapter.read(TreeTypeAdapter.java:76) ~[gson-2.10.1.jar%23107!/:?]
	at TRANSFORMER/minecraft@1.21.1/net.minecraft.util.GsonHelper.fromNullableJson(GsonHelper.java:525) ~[client-1.21.1-20240808.144430-srg.jar%23304!/:?]
	at TRANSFORMER/minecraft@1.21.1/net.minecraft.util.GsonHelper.fromJson(GsonHelper.java:532) ~[client-1.21.1-20240808.144430-srg.jar%23304!/:?]
	at TRANSFORMER/minecraft@1.21.1/net.minecraft.util.GsonHelper.fromJson(GsonHelper.java:582) ~[client-1.21.1-20240808.144430-srg.jar%23304!/:?]
	at TRANSFORMER/minecraft@1.21.1/net.minecraft.client.renderer.block.model.BlockModel.fromStream(BlockModel.java:83) ~[client-1.21.1-20240808.144430-srg.jar%23304!/:?]
	at TRANSFORMER/minecraft@1.21.1/net.minecraft.client.resources.model.ModelManager.lambda$loadBlockModels$8(ModelManager.java:144) ~[client-1.21.1-20240808.144430-srg.jar%23304!/:?]
	at java.base/java.util.concurrent.CompletableFuture$AsyncSupply.run(CompletableFuture.java:1768) [?:?]
	at java.base/java.util.concurrent.CompletableFuture$AsyncSupply.exec(CompletableFuture.java:1760) [?:?]
	at java.base/java.util.concurrent.ForkJoinTask.doExec(ForkJoinTask.java:387) [?:?]
	at java.base/java.util.concurrent.ForkJoinPool$WorkQueue.topLevelExec(ForkJoinPool.java:1312) [?:?]
	at java.base/java.util.concurrent.ForkJoinPool.scan(ForkJoinPool.java:1843) [?:?]
	at java.base/java.util.concurrent.ForkJoinPool.runWorker(ForkJoinPool.java:1808) [?:?]
	at java.base/java.util.concurrent.ForkJoinWorkerThread.run(ForkJoinWorkerThread.java:188) [?:?]
[108月2026 21:10:27.933] [Worker-ResourceReload-0/ERROR] [net.minecraft.client.resources.model.ModelManager/]: Failed to load model flavor_immersed_daily:models/custom/zheng_long_0dd.json
com.google.gson.JsonParseException: Invalid rotation 42.5 found, only -45/-22.5/0/22.5/45 allowed
	at TRANSFORMER/minecraft@1.21.1/net.minecraft.client.renderer.block.model.BlockElement$Deserializer.getAngle(BlockElement.java:115) ~[client-1.21.1-20240808.144430-srg.jar%23304!/:?]
	at TRANSFORMER/minecraft@1.21.1/net.minecraft.client.renderer.block.model.BlockElement$Deserializer.getRotation(BlockElement.java:104) ~[client-1.21.1-20240808.144430-srg.jar%23304!/:?]
	at TRANSFORMER/minecraft@1.21.1/net.minecraft.client.renderer.block.model.BlockElement$Deserializer.deserialize(BlockElement.java:84) ~[client-1.21.1-20240808.144430-srg.jar%23304!/:?]
	at TRANSFORMER/minecraft@1.21.1/net.minecraft.client.renderer.block.model.BlockElement$Deserializer.deserialize(BlockElement.java:76) ~[client-1.21.1-20240808.144430-srg.jar%23304!/:?]
	at MC-BOOTSTRAP/com.google.gson@2.10.1/com.google.gson.internal.bind.TreeTypeAdapter.read(TreeTypeAdapter.java:76) ~[gson-2.10.1.jar%23107!/:?]
	at MC-BOOTSTRAP/com.google.gson@2.10.1/com.google.gson.Gson.fromJson(Gson.java:1227) ~[gson-2.10.1.jar%23107!/:?]
	at MC-BOOTSTRAP/com.google.gson@2.10.1/com.google.gson.Gson.fromJson(Gson.java:1329) ~[gson-2.10.1.jar%23107!/:?]
	at MC-BOOTSTRAP/com.google.gson@2.10.1/com.google.gson.Gson.fromJson(Gson.java:1300) ~[gson-2.10.1.jar%23107!/:?]
	at MC-BOOTSTRAP/com.google.gson@2.10.1/com.google.gson.internal.bind.TreeTypeAdapter$GsonContextImpl.deserialize(TreeTypeAdapter.java:179) ~[gson-2.10.1.jar%23107!/:?]
	at TRANSFORMER/minecraft@1.21.1/net.minecraft.client.renderer.block.model.BlockModel$Deserializer.getElements(BlockModel.java:409) ~[client-1.21.1-20240808.144430-srg.jar%23304!/:?]
	at TRANSFORMER/minecraft@1.21.1/net.minecraft.client.renderer.block.model.BlockModel$Deserializer.deserialize(BlockModel.java:338) ~[client-1.21.1-20240808.144430-srg.jar%23304!/:?]
	at TRANSFORMER/neoforge@21.1.248/net.neoforged.neoforge.client.model.ExtendedBlockModelDeserializer.deserialize(ExtendedBlockModelDeserializer.java:51) ~[neoforge-21.1.248-universal.jar%23305!/:?]
	at TRANSFORMER/neoforge@21.1.248/net.neoforged.neoforge.client.model.ExtendedBlockModelDeserializer.deserialize(ExtendedBlockModelDeserializer.java:37) ~[neoforge-21.1.248-universal.jar%23305!/:?]
	at MC-BOOTSTRAP/com.google.gson@2.10.1/com.google.gson.internal.bind.TreeTypeAdapter.read(TreeTypeAdapter.java:76) ~[gson-2.10.1.jar%23107!/:?]
	at TRANSFORMER/minecraft@1.21.1/net.minecraft.util.GsonHelper.fromNullableJson(GsonHelper.java:525) ~[client-1.21.1-20240808.144430-srg.jar%23304!/:?]
	at TRANSFORMER/minecraft@1.21.1/net.minecraft.util.GsonHelper.fromJson(GsonHelper.java:532) ~[client-1.21.1-20240808.144430-srg.jar%23304!/:?]
	at TRANSFORMER/minecraft@1.21.1/net.minecraft.util.GsonHelper.fromJson(GsonHelper.java:582) ~[client-1.21.1-20240808.144430-srg.jar%23304!/:?]
	at TRANSFORMER/minecraft@1.21.1/net.minecraft.client.renderer.block.model.BlockModel.fromStream(BlockModel.java:83) ~[client-1.21.1-20240808.144430-srg.jar%23304!/:?]
	at TRANSFORMER/minecraft@1.21.1/net.minecraft.client.resources.model.ModelManager.lambda$loadBlockModels$8(ModelManager.java:144) ~[client-1.21.1-20240808.144430-srg.jar%23304!/:?]
	at java.base/java.util.concurrent.CompletableFuture$AsyncSupply.run(CompletableFuture.java:1768) [?:?]
	at java.base/java.util.concurrent.CompletableFuture$AsyncSupply.exec(CompletableFuture.java:1760) [?:?]
	at java.base/java.util.concurrent.ForkJoinTask.doExec(ForkJoinTask.java:387) [?:?]
	at java.base/java.util.concurrent.ForkJoinPool$WorkQueue.topLevelExec(ForkJoinPool.java:1312) [?:?]
	at java.base/java.util.concurrent.ForkJoinPool.scan(ForkJoinPool.java:1843) [?:?]
	at java.base/java.util.concurrent.ForkJoinPool.runWorker(ForkJoinPool.java:1808) [?:?]
	at java.base/java.util.concurrent.ForkJoinWorkerThread.run(ForkJoinWorkerThread.java:188) [?:?]
[108月2026 21:10:27.934] [Worker-ResourceReload-0/ERROR] [net.minecraft.client.resources.model.ModelManager/]: Failed to load model flavor_immersed_daily:models/custom/zheng_long_2d.json
com.google.gson.JsonParseException: Invalid rotation 42.5 found, only -45/-22.5/0/22.5/45 allowed
	at TRANSFORMER/minecraft@1.21.1/net.minecraft.client.renderer.block.model.BlockElement$Deserializer.getAngle(BlockElement.java:115) ~[client-1.21.1-20240808.144430-srg.jar%23304!/:?]
	at TRANSFORMER/minecraft@1.21.1/net.minecraft.client.renderer.block.model.BlockElement$Deserializer.getRotation(BlockElement.java:104) ~[client-1.21.1-20240808.144430-srg.jar%23304!/:?]
	at TRANSFORMER/minecraft@1.21.1/net.minecraft.client.renderer.block.model.BlockElement$Deserializer.deserialize(BlockElement.java:84) ~[client-1.21.1-20240808.144430-srg.jar%23304!/:?]
	at TRANSFORMER/minecraft@1.21.1/net.minecraft.client.renderer.block.model.BlockElement$Deserializer.deserialize(BlockElement.java:76) ~[client-1.21.1-20240808.144430-srg.jar%23304!/:?]
	at MC-BOOTSTRAP/com.google.gson@2.10.1/com.google.gson.internal.bind.TreeTypeAdapter.read(TreeTypeAdapter.java:76) ~[gson-2.10.1.jar%23107!/:?]
	at MC-BOOTSTRAP/com.google.gson@2.10.1/com.google.gson.Gson.fromJson(Gson.java:1227) ~[gson-2.10.1.jar%23107!/:?]
	at MC-BOOTSTRAP/com.google.gson@2.10.1/com.google.gson.Gson.fromJson(Gson.java:1329) ~[gson-2.10.1.jar%23107!/:?]
	at MC-BOOTSTRAP/com.google.gson@2.10.1/com.google.gson.Gson.fromJson(Gson.java:1300) ~[gson-2.10.1.jar%23107!/:?]
	at MC-BOOTSTRAP/com.google.gson@2.10.1/com.google.gson.internal.bind.TreeTypeAdapter$GsonContextImpl.deserialize(TreeTypeAdapter.java:179) ~[gson-2.10.1.jar%23107!/:?]
	at TRANSFORMER/minecraft@1.21.1/net.minecraft.client.renderer.block.model.BlockModel$Deserializer.getElements(BlockModel.java:409) ~[client-1.21.1-20240808.144430-srg.jar%23304!/:?]
	at TRANSFORMER/minecraft@1.21.1/net.minecraft.client.renderer.block.model.BlockModel$Deserializer.deserialize(BlockModel.java:338) ~[client-1.21.1-20240808.144430-srg.jar%23304!/:?]
	at TRANSFORMER/neoforge@21.1.248/net.neoforged.neoforge.client.model.ExtendedBlockModelDeserializer.deserialize(ExtendedBlockModelDeserializer.java:51) ~[neoforge-21.1.248-universal.jar%23305!/:?]
	at TRANSFORMER/neoforge@21.1.248/net.neoforged.neoforge.client.model.ExtendedBlockModelDeserializer.deserialize(ExtendedBlockModelDeserializer.java:37) ~[neoforge-21.1.248-universal.jar%23305!/:?]
	at MC-BOOTSTRAP/com.google.gson@2.10.1/com.google.gson.internal.bind.TreeTypeAdapter.read(TreeTypeAdapter.java:76) ~[gson-2.10.1.jar%23107!/:?]
	at TRANSFORMER/minecraft@1.21.1/net.minecraft.util.GsonHelper.fromNullableJson(GsonHelper.java:525) ~[client-1.21.1-20240808.144430-srg.jar%23304!/:?]
	at TRANSFORMER/minecraft@1.21.1/net.minecraft.util.GsonHelper.fromJson(GsonHelper.java:532) ~[client-1.21.1-20240808.144430-srg.jar%23304!/:?]
	at TRANSFORMER/minecraft@1.21.1/net.minecraft.util.GsonHelper.fromJson(GsonHelper.java:582) ~[client-1.21.1-20240808.144430-srg.jar%23304!/:?]
	at TRANSFORMER/minecraft@1.21.1/net.minecraft.client.renderer.block.model.BlockModel.fromStream(BlockModel.java:83) ~[client-1.21.1-20240808.144430-srg.jar%23304!/:?]
	at TRANSFORMER/minecraft@1.21.1/net.minecraft.client.resources.model.ModelManager.lambda$loadBlockModels$8(ModelManager.java:144) ~[client-1.21.1-20240808.144430-srg.jar%23304!/:?]
	at java.base/java.util.concurrent.CompletableFuture$AsyncSupply.run(CompletableFuture.java:1768) [?:?]
	at java.base/java.util.concurrent.CompletableFuture$AsyncSupply.exec(CompletableFuture.java:1760) [?:?]
	at java.base/java.util.concurrent.ForkJoinTask.doExec(ForkJoinTask.java:387) [?:?]
	at java.base/java.util.concurrent.ForkJoinPool$WorkQueue.topLevelExec(ForkJoinPool.java:1312) [?:?]
	at java.base/java.util.concurrent.ForkJoinPool.scan(ForkJoinPool.java:1843) [?:?]
	at java.base/java.util.concurrent.ForkJoinPool.runWorker(ForkJoinPool.java:1808) [?:?]
	at java.base/java.util.concurrent.ForkJoinWorkerThread.run(ForkJoinWorkerThread.java:188) [?:?]
[108月2026 21:10:27.935] [Worker-ResourceReload-0/ERROR] [net.minecraft.client.resources.model.ModelManager/]: Failed to load model flavor_immersed_daily:models/custom/zheng_long_2dd.json
com.google.gson.JsonParseException: Invalid rotation 42.5 found, only -45/-22.5/0/22.5/45 allowed
	at TRANSFORMER/minecraft@1.21.1/net.minecraft.client.renderer.block.model.BlockElement$Deserializer.getAngle(BlockElement.java:115) ~[client-1.21.1-20240808.144430-srg.jar%23304!/:?]
	at TRANSFORMER/minecraft@1.21.1/net.minecraft.client.renderer.block.model.BlockElement$Deserializer.getRotation(BlockElement.java:104) ~[client-1.21.1-20240808.144430-srg.jar%23304!/:?]
	at TRANSFORMER/minecraft@1.21.1/net.minecraft.client.renderer.block.model.BlockElement$Deserializer.deserialize(BlockElement.java:84) ~[client-1.21.1-20240808.144430-srg.jar%23304!/:?]
	at TRANSFORMER/minecraft@1.21.1/net.minecraft.client.renderer.block.model.BlockElement$Deserializer.deserialize(BlockElement.java:76) ~[client-1.21.1-20240808.144430-srg.jar%23304!/:?]
	at MC-BOOTSTRAP/com.google.gson@2.10.1/com.google.gson.internal.bind.TreeTypeAdapter.read(TreeTypeAdapter.java:76) ~[gson-2.10.1.jar%23107!/:?]
	at MC-BOOTSTRAP/com.google.gson@2.10.1/com.google.gson.Gson.fromJson(Gson.java:1227) ~[gson-2.10.1.jar%23107!/:?]
	at MC-BOOTSTRAP/com.google.gson@2.10.1/com.google.gson.Gson.fromJson(Gson.java:1329) ~[gson-2.10.1.jar%23107!/:?]
	at MC-BOOTSTRAP/com.google.gson@2.10.1/com.google.gson.Gson.fromJson(Gson.java:1300) ~[gson-2.10.1.jar%23107!/:?]
	at MC-BOOTSTRAP/com.google.gson@2.10.1/com.google.gson.internal.bind.TreeTypeAdapter$GsonContextImpl.deserialize(TreeTypeAdapter.java:179) ~[gson-2.10.1.jar%23107!/:?]
	at TRANSFORMER/minecraft@1.21.1/net.minecraft.client.renderer.block.model.BlockModel$Deserializer.getElements(BlockModel.java:409) ~[client-1.21.1-20240808.144430-srg.jar%23304!/:?]
	at TRANSFORMER/minecraft@1.21.1/net.minecraft.client.renderer.block.model.BlockModel$Deserializer.deserialize(BlockModel.java:338) ~[client-1.21.1-20240808.144430-srg.jar%23304!/:?]
	at TRANSFORMER/neoforge@21.1.248/net.neoforged.neoforge.client.model.ExtendedBlockModelDeserializer.deserialize(ExtendedBlockModelDeserializer.java:51) ~[neoforge-21.1.248-universal.jar%23305!/:?]
	at TRANSFORMER/neoforge@21.1.248/net.neoforged.neoforge.client.model.ExtendedBlockModelDeserializer.deserialize(ExtendedBlockModelDeserializer.java:37) ~[neoforge-21.1.248-universal.jar%23305!/:?]
	at MC-BOOTSTRAP/com.google.gson@2.10.1/com.google.gson.internal.bind.TreeTypeAdapter.read(TreeTypeAdapter.java:76) ~[gson-2.10.1.jar%23107!/:?]
	at TRANSFORMER/minecraft@1.21.1/net.minecraft.util.GsonHelper.fromNullableJson(GsonHelper.java:525) ~[client-1.21.1-20240808.144430-srg.jar%23304!/:?]
	at TRANSFORMER/minecraft@1.21.1/net.minecraft.util.GsonHelper.fromJson(GsonHelper.java:532) ~[client-1.21.1-20240808.144430-srg.jar%23304!/:?]
	at TRANSFORMER/minecraft@1.21.1/net.minecraft.util.GsonHelper.fromJson(GsonHelper.java:582) ~[client-1.21.1-20240808.144430-srg.jar%23304!/:?]
	at TRANSFORMER/minecraft@1.21.1/net.minecraft.client.renderer.block.model.BlockModel.fromStream(BlockModel.java:83) ~[client-1.21.1-20240808.144430-srg.jar%23304!/:?]
	at TRANSFORMER/minecraft@1.21.1/net.minecraft.client.resources.model.ModelManager.lambda$loadBlockModels$8(ModelManager.java:144) ~[client-1.21.1-20240808.144430-srg.jar%23304!/:?]
	at java.base/java.util.concurrent.CompletableFuture$AsyncSupply.run(CompletableFuture.java:1768) [?:?]
	at java.base/java.util.concurrent.CompletableFuture$AsyncSupply.exec(CompletableFuture.java:1760) [?:?]
	at java.base/java.util.concurrent.ForkJoinTask.doExec(ForkJoinTask.java:387) [?:?]
	at java.base/java.util.concurrent.ForkJoinPool$WorkQueue.topLevelExec(ForkJoinPool.java:1312) [?:?]
	at java.base/java.util.concurrent.ForkJoinPool.scan(ForkJoinPool.java:1843) [?:?]
	at java.base/java.util.concurrent.ForkJoinPool.runWorker(ForkJoinPool.java:1808) [?:?]
	at java.base/java.util.concurrent.ForkJoinWorkerThread.run(ForkJoinWorkerThread.java:188) [?:?]
[108月2026 21:10:28.547] [Worker-ResourceReload-0/WARN] [net.minecraft.client.resources.model.BlockStateModelLoader/]: Exception loading blockstate definition: 'torchmaster:invisible_light' in resourcepack: 'mod/torchmaster': Neither 'variants' nor 'multipart' found
[108月2026 21:10:28.547] [Worker-ResourceReload-0/WARN] [net.minecraft.client.resources.model.BlockStateModelLoader/]: Exception loading blockstate definition: 'torchmaster:blockstates/invisible_light.json' missing model for variant: 'torchmaster:invisible_light#'
[108月2026 21:10:28.561] [Worker-ResourceReload-0/WARN] [net.minecraft.client.resources.model.ModelBakery/]: Unable to load model: 'flavor_immersed_daily:custom/pi_dan_shou_rou_zhou_' referenced from: flavor_immersed_daily:block/pi_dan_shou_rou_zhou: java.io.FileNotFoundException: flavor_immersed_daily:models/custom/pi_dan_shou_rou_zhou_.json
[108月2026 21:10:28.649] [Worker-ResourceReload-0/WARN] [net.minecraft.client.resources.model.BlockStateModelLoader/]: Exception loading blockstate definition: 'occultism:blockstates/otherglass.json' missing model for variant: 'occultism:otherglass#'
[108月2026 21:10:28.786] [Worker-ResourceReload-0/WARN] [net.minecraft.client.resources.model.ModelBakery/]: Unable to load model: 'occultism:item/ritual_dummy_misc' referenced from: occultism:item/jei_dummy/none: java.io.FileNotFoundException: occultism:models/item/ritual_dummy_misc.json
[108月2026 21:10:28.806] [Worker-ResourceReload-0/WARN] [net.minecraft.client.resources.model.ModelBakery/]: Unable to load model: 'irons_spellbooks:item/template_open_spell_book_model' referenced from: irons_spellbooks:item/template_open_spell_book_model: java.io.FileNotFoundException: irons_spellbooks:models/item/template_open_spell_book_model.json
[108月2026 21:10:28.807] [Worker-ResourceReload-0/WARN] [net.minecraft.client.resources.model.ModelBakery/]: Unable to load model: 'create:block/belt' referenced from: tracks:block/track_link: java.io.FileNotFoundException: create:models/block/belt.json
[108月2026 21:10:37.209] [Worker-ResourceReload-2/INFO] [xaero.map.WorldMap/]: Loading Xaero's World Map - Stage 1/2
[108月2026 21:10:37.327] [Worker-ResourceReload-2/INFO] [xaero.lib.XaeroLib/]: Loading XaeroLib client 1/2!
[108月2026 21:10:37.843] [Worker-ResourceReload-1/INFO] [xaero.minimap.XaeroMinimap/]: Loading Xaero's Minimap - Stage 1/2
[108月2026 21:10:37.846] [Structurize IO Worker #0/INFO] [structurize/]: Registered structure pack: Medieval Spruce
[108月2026 21:10:37.846] [Structurize IO Worker #0/INFO] [structurize/]: Registered structure pack: Warped Netherlands
[108月2026 21:10:37.846] [Structurize IO Worker #0/INFO] [structurize/]: Registered structure pack: Space Wars
[108月2026 21:10:37.846] [Structurize IO Worker #0/INFO] [structurize/]: Registered structure pack: Stalactite Caves
[108月2026 21:10:37.847] [Structurize IO Worker #0/INFO] [structurize/]: Registered structure pack: Urban Birch
[108月2026 21:10:37.847] [Structurize IO Worker #0/INFO] [structurize/]: Registered structure pack: Ancient Athens
[108月2026 21:10:37.847] [Structurize IO Worker #0/INFO] [structurize/]: Registered structure pack: Desert Oasis
[108月2026 21:10:37.847] [Structurize IO Worker #0/INFO] [structurize/]: Registered structure pack: Colonial
[108月2026 21:10:37.847] [Structurize IO Worker #0/INFO] [structurize/]: Registered structure pack: Fortress
[108月2026 21:10:37.847] [Structurize IO Worker #0/INFO] [structurize/]: Registered structure pack: Cavern
[108月2026 21:10:37.847] [Structurize IO Worker #0/INFO] [structurize/]: Registered structure pack: Dark Oak Treehouse
[108月2026 21:10:37.847] [Structurize IO Worker #0/INFO] [structurize/]: Registered structure pack: Lost Mesa City
[108月2026 21:10:37.847] [Structurize IO Worker #0/INFO] [structurize/]: Registered structure pack: Minecolonies Original
[108月2026 21:10:37.847] [Structurize IO Worker #0/INFO] [structurize/]: Registered structure pack: Urban Savanna
[108月2026 21:10:37.847] [Structurize IO Worker #0/INFO] [structurize/]: Registered structure pack: Pagoda
[108月2026 21:10:37.847] [Structurize IO Worker #0/INFO] [structurize/]: Registered structure pack: Caledonia
[108月2026 21:10:37.847] [Structurize IO Worker #0/INFO] [structurize/]: Registered structure pack: Medieval Birch
[108月2026 21:10:37.847] [Structurize IO Worker #0/INFO] [structurize/]: Registered structure pack: Jungle Treehouse
[108月2026 21:10:37.848] [Structurize IO Worker #0/INFO] [structurize/]: Registered structure pack: Incan
[108月2026 21:10:37.848] [Structurize IO Worker #0/INFO] [structurize/]: Registered structure pack: Nordic Spruce
[108月2026 21:10:37.848] [Structurize IO Worker #0/INFO] [structurize/]: Registered structure pack: Shire
[108月2026 21:10:37.848] [Structurize IO Worker #0/INFO] [structurize/]: Registered structure pack: Medieval Oak
[108月2026 21:10:37.848] [Structurize IO Worker #0/INFO] [structurize/]: Registered structure pack: Medieval Dark Oak
[108月2026 21:10:37.849] [Structurize IO Worker #0/INFO] [structurize/]: Registered structure pack: kamishiro121
[108月2026 21:10:37.849] [Structurize IO Worker #0/WARN] [structurize/]: Finished discovering Client Structure packs
[108月2026 21:10:37.893] [Worker-ResourceReload-1/INFO] [com.klikli_dev.occultism.Occultism/]: Client setup complete.
[108月2026 21:10:38.411] [Worker-ResourceReload-4/ERROR] [net.minecraft.Util/]: Invalid path in pack: yes_steve_model:builtin/wine_fox/21_saint/textures/gui/背景.png, ignoring
[108月2026 21:10:38.412] [Worker-ResourceReload-4/ERROR] [net.minecraft.Util/]: Invalid path in pack: yes_steve_model:builtin/wine_fox/21_saint/textures/gui/前景.png, ignoring
[108月2026 21:10:38.412] [Worker-ResourceReload-4/ERROR] [net.minecraft.Util/]: Invalid path in pack: yes_steve_model:builtin/wine_fox/21_saint/functions/ArrowShoot@player_ctrl_use.molang, ignoring
[108月2026 21:10:38.412] [Worker-ResourceReload-4/ERROR] [net.minecraft.Util/]: Invalid path in pack: yes_steve_model:builtin/wine_fox/18_wedding/functions/随机眨眼初始化@player_init.molang, ignoring
[108月2026 21:10:38.412] [Worker-ResourceReload-4/ERROR] [net.minecraft.Util/]: Invalid path in pack: yes_steve_model:builtin/wine_fox/18_wedding/functions/简单倒走动画@player_ctrl_main.molang, ignoring
[108月2026 21:10:38.412] [Worker-ResourceReload-4/ERROR] [net.minecraft.Util/]: Invalid path in pack: yes_steve_model:builtin/wine_fox/18_wedding/functions/简单万用BC动画控制器@player_ctrl_swing.molang, ignoring
[108月2026 21:10:38.412] [Worker-ResourceReload-4/ERROR] [net.minecraft.Util/]: Invalid path in pack: yes_steve_model:builtin/wine_fox/18_wedding/functions/碰墙抬手初始化@player_init.molang, ignoring
[108月2026 21:10:38.412] [Worker-ResourceReload-4/ERROR] [net.minecraft.Util/]: Invalid path in pack: yes_steve_model:builtin/wine_fox/18_wedding/functions/碰墙抬手@player_ctrl_parallel_5.molang, ignoring
[108月2026 21:10:38.412] [Worker-ResourceReload-4/ERROR] [net.minecraft.Util/]: Invalid path in pack: yes_steve_model:builtin/wine_fox/18_wedding/functions/更随机的眨眼@player_ctrl_pre_parallel_3.molang, ignoring
[108月2026 21:10:38.412] [Worker-ResourceReload-4/ERROR] [net.minecraft.Util/]: Invalid path in pack: yes_steve_model:builtin/wine_fox/18_wedding/functions/印度格挡（格挡连招控制器）@player_ctrl_use.molang, ignoring
[108月2026 21:10:38.412] [Worker-ResourceReload-4/ERROR] [net.minecraft.Util/]: Invalid path in pack: yes_steve_model:builtin/wine_fox/18_wedding/functions/move@player_update.molang, ignoring
[108月2026 21:10:38.413] [Worker-ResourceReload-4/ERROR] [net.minecraft.Util/]: Invalid path in pack: yes_steve_model:builtin/wine_fox/15_kluonoa/sounds/萝莉摇.ogg, ignoring
[108月2026 21:10:38.413] [Worker-ResourceReload-4/ERROR] [net.minecraft.Util/]: Invalid path in pack: yes_steve_model:builtin/wine_fox/15_kluonoa/sounds/A Cup Of Liber-Tea.ogg, ignoring
[108月2026 21:10:38.413] [Worker-ResourceReload-4/ERROR] [net.minecraft.Util/]: Invalid path in pack: yes_steve_model:builtin/wine_fox/15_kluonoa/functions/eventsubscriber@sync.molang, ignoring
[108月2026 21:10:38.413] [Worker-ResourceReload-4/ERROR] [net.minecraft.Util/]: Invalid path in pack: yes_steve_model:builtin/wine_fox/15_kluonoa/functions/car_stuff@player_ctrl_parallel_6.molang, ignoring
[108月2026 21:10:38.413] [Worker-ResourceReload-4/ERROR] [net.minecraft.Util/]: Invalid path in pack: yes_steve_model:builtin/wine_fox/15_kluonoa/functions/@player_ctrl_pre_main.molang, ignoring
[108月2026 21:10:38.413] [Worker-ResourceReload-4/ERROR] [net.minecraft.Util/]: Invalid path in pack: yes_steve_model:builtin/wine_fox/15_kluonoa/controller/车辆动画相关.json, ignoring
[108月2026 21:10:38.413] [Worker-ResourceReload-4/ERROR] [net.minecraft.Util/]: Invalid path in pack: yes_steve_model:builtin/wine_fox/15_kluonoa/controller/并行动画修改.json, ignoring
[108月2026 21:10:38.413] [Worker-ResourceReload-4/ERROR] [net.minecraft.Util/]: Invalid path in pack: yes_steve_model:builtin/wine_fox/15_kluonoa/controller/主动画修改.json, ignoring
[108月2026 21:10:38.413] [Worker-ResourceReload-4/ERROR] [net.minecraft.Util/]: Invalid path in pack: yes_steve_model:builtin/wine_fox/15_kluonoa/avatar/自动服务网络.avif, ignoring
[108月2026 21:10:38.413] [Worker-ResourceReload-4/ERROR] [net.minecraft.Util/]: Invalid path in pack: yes_steve_model:builtin/wine_fox/15_kluonoa/avatar/秋风.avif, ignoring
[108月2026 21:10:38.413] [Worker-ResourceReload-4/ERROR] [net.minecraft.Util/]: Invalid path in pack: yes_steve_model:builtin/wine_fox/15_kluonoa/avatar/星屑海螺.avif, ignoring
[108月2026 21:10:38.413] [Worker-ResourceReload-4/ERROR] [net.minecraft.Util/]: Invalid path in pack: yes_steve_model:builtin/wine_fox/15_kluonoa/avatar/咖啡鱼.avif, ignoring
[108月2026 21:10:38.413] [Worker-ResourceReload-4/ERROR] [net.minecraft.Util/]: Invalid path in pack: yes_steve_model:builtin/wine_fox/15_kluonoa/avatar/Maks怜悯.avif, ignoring
[108月2026 21:10:38.413] [Worker-ResourceReload-4/ERROR] [net.minecraft.Util/]: Invalid path in pack: yes_steve_model:builtin/wine_fox/15_kluonoa/animations/马术动画.json, ignoring
[108月2026 21:10:38.413] [Worker-ResourceReload-4/ERROR] [net.minecraft.Util/]: Invalid path in pack: yes_steve_model:builtin/wine_fox/15_kluonoa/animations/轮盘动画.json, ignoring
[108月2026 21:10:38.413] [Worker-ResourceReload-4/ERROR] [net.minecraft.Util/]: Invalid path in pack: yes_steve_model:builtin/wine_fox/15_kluonoa/animations/跑酷动画.json, ignoring
[108月2026 21:10:38.413] [Worker-ResourceReload-4/ERROR] [net.minecraft.Util/]: Invalid path in pack: yes_steve_model:builtin/wine_fox/15_kluonoa/animations/搬运动画.json, ignoring
[108月2026 21:10:38.413] [Worker-ResourceReload-4/ERROR] [net.minecraft.Util/]: Invalid path in pack: yes_steve_model:builtin/wine_fox/15_kluonoa/animations/手臂动画.json, ignoring
[108月2026 21:10:38.413] [Worker-ResourceReload-4/ERROR] [net.minecraft.Util/]: Invalid path in pack: yes_steve_model:builtin/wine_fox/15_kluonoa/animations/女仆动画.json, ignoring
[108月2026 21:10:38.413] [Worker-ResourceReload-4/ERROR] [net.minecraft.Util/]: Invalid path in pack: yes_steve_model:builtin/wine_fox/15_kluonoa/animations/主动画.json, ignoring
[108月2026 21:10:38.413] [Worker-ResourceReload-4/ERROR] [net.minecraft.Util/]: Invalid path in pack: yes_steve_model:builtin/wine_fox/15_kluonoa/animations/TAC动画.json, ignoring
[108月2026 21:10:38.414] [Worker-ResourceReload-4/ERROR] [net.minecraft.Util/]: Invalid path in pack: yes_steve_model:builtin/wine_fox/10_zhiban/avatar/狱际星芒.avif, ignoring
[108月2026 21:10:38.414] [Worker-ResourceReload-4/ERROR] [net.minecraft.Util/]: Invalid path in pack: yes_steve_model:builtin/wine_fox/09_hailuo/avatar/雒仁.avif, ignoring
[108月2026 21:10:38.414] [Worker-ResourceReload-4/ERROR] [net.minecraft.Util/]: Invalid path in pack: yes_steve_model:builtin/wine_fox/09_hailuo/avatar/纸板.avif, ignoring
[108月2026 21:10:38.414] [Worker-ResourceReload-4/ERROR] [net.minecraft.Util/]: Invalid path in pack: yes_steve_model:builtin/wine_fox/09_hailuo/avatar/白帆小喵.avif, ignoring
[108月2026 21:10:38.414] [Worker-ResourceReload-4/ERROR] [net.minecraft.Util/]: Invalid path in pack: yes_steve_model:builtin/wine_fox/09_hailuo/avatar/星屑海螺.avif, ignoring
[108月2026 21:10:38.414] [Worker-ResourceReload-4/ERROR] [net.minecraft.Util/]: Invalid path in pack: yes_steve_model:builtin/wine_fox/08_sta/sounds/A Cup Of Liber-Tea.ogg, ignoring
[108月2026 21:10:38.421] [Worker-ResourceReload-4/ERROR] [net.minecraft.Util/]: Invalid path in pack: flavor_immersed_daily:models/custom/chao_guo_1(1).json, ignoring
[108月2026 21:10:38.452] [Worker-ResourceReload-2/WARN] [xaero.lib.XaeroLib/]: io exception while checking patreon: Read timed out
[108月2026 21:10:38.457] [Render thread/INFO] [xaero.map.WorldMap/]: Loading Xaero's World Map - Stage 2/2
[108月2026 21:10:38.461] [Render thread/INFO] [xaero.map.WorldMap/]: New world map region cache hash code: -1708853741
[108月2026 21:10:38.499] [Worker-ResourceReload-5/WARN] [net.minecraft.client.renderer.texture.atlas.sources.SingleFile/]: Missing sprite: minecraft:textures/map/map_icons.png
[108月2026 21:10:38.499] [Worker-ResourceReload-5/WARN] [net.minecraft.client.renderer.texture.atlas.sources.SingleFile/]: Missing sprite: untitledduckmod:textures/entity/duck.png
[108月2026 21:10:38.499] [Worker-ResourceReload-5/WARN] [net.minecraft.client.renderer.texture.atlas.sources.SingleFile/]: Missing sprite: untitledduckmod:textures/entity/duck_female.png
[108月2026 21:10:38.499] [Worker-ResourceReload-5/WARN] [net.minecraft.client.renderer.texture.atlas.sources.SingleFile/]: Missing sprite: untitledduckmod:textures/entity/duck_campbell.png
[108月2026 21:10:38.499] [Worker-ResourceReload-5/WARN] [net.minecraft.client.renderer.texture.atlas.sources.SingleFile/]: Missing sprite: untitledduckmod:textures/entity/duck_pekin.png
[108月2026 21:10:38.499] [Worker-ResourceReload-5/WARN] [net.minecraft.client.renderer.texture.atlas.sources.SingleFile/]: Missing sprite: untitledduckmod:textures/entity/goose.png
[108月2026 21:10:38.499] [Worker-ResourceReload-5/WARN] [net.minecraft.client.renderer.texture.atlas.sources.SingleFile/]: Missing sprite: untitledduckmod:textures/entity/canadian_goose.png
[108月2026 21:10:38.499] [Worker-ResourceReload-5/WARN] [net.minecraft.client.renderer.texture.atlas.sources.SingleFile/]: Missing sprite: untitledduckmod:textures/entity/greylag_goose.png
[108月2026 21:10:38.499] [Worker-ResourceReload-5/WARN] [net.minecraft.client.renderer.texture.atlas.sources.SingleFile/]: Missing sprite: untitledduckmod:textures/entity/sus_goose.png
[108月2026 21:10:38.499] [Worker-ResourceReload-5/WARN] [net.minecraft.client.renderer.texture.atlas.sources.SingleFile/]: Missing sprite: untitledduckmod:textures/entity/ping_goose.png
[108月2026 21:10:38.499] [Worker-ResourceReload-5/WARN] [net.minecraft.client.renderer.texture.atlas.sources.SingleFile/]: Missing sprite: untitledduckmod:textures/entity/untitled_goose.png
[108月2026 21:10:38.795] [Worker-ResourceReload-6/WARN] [net.minecraft.client.renderer.texture.SpriteContents/]: Unused frames in sprite irons_spellbooks:item/upgrade_orb_ender: [1, 5, 6, 7]
[108月2026 21:10:38.797] [Worker-ResourceReload-2/WARN] [net.minecraft.client.renderer.texture.SpriteContents/]: Unused frames in sprite irons_spellbooks:item/energized_core_energy: [11]
[108月2026 21:10:38.803] [Worker-ResourceReload-5/WARN] [net.minecraft.client.renderer.texture.SpriteLoader/]: Texture flavor_immersed_daily:item/fidfood with size 24x24 limits mip level from 4 to 3
[108月2026 21:10:38.803] [Worker-ResourceReload-5/WARN] [net.minecraft.client.renderer.texture.SpriteLoader/]: Texture create_radar:block/spotlight_light with size 10x10 limits mip level from 3 to 1
[108月2026 21:10:38.803] [Worker-ResourceReload-5/WARN] [net.minecraft.client.renderer.texture.SpriteLoader/]: Texture minecolonies:icons/player_position with size 5x7 limits mip level from 1 to 0
[108月2026 21:10:40.032] [Worker-ResourceReload-5/WARN] [net.minecraft.client.resources.model.ModelManager/]: Missing textures in model flavor_immersed_daily:kao_liang_seed#blockstate=3,facing=north:
    minecraft:textures/atlas/blocks.png:flavor_immersed_daily:block/cai_hua_21
[108月2026 21:10:40.032] [Worker-ResourceReload-5/WARN] [net.minecraft.client.resources.model.ModelManager/]: Missing textures in model flavor_immersed_daily:gan_bian_si_ji_dou#blockstate=1,facing=south:
    minecraft:textures/atlas/blocks.png:flavor_immersed_daily:block/gan_bian_si_ji_dou_
[108月2026 21:10:40.032] [Worker-ResourceReload-5/WARN] [net.minecraft.client.resources.model.ModelManager/]: Missing textures in model flavor_immersed_daily:kao_liang_seed#blockstate=1,facing=south:
    minecraft:textures/atlas/blocks.png:flavor_immersed_daily:block/cai_hua_21
[108月2026 21:10:40.032] [Worker-ResourceReload-5/WARN] [net.minecraft.client.resources.model.ModelManager/]: Missing textures in model minecolonies:blockhutdyer#facing=south:
    minecraft:textures/atlas/blocks.png:minecraft:map/map_icons
[108月2026 21:10:40.033] [Worker-ResourceReload-5/WARN] [net.minecraft.client.resources.model.ModelManager/]: Missing textures in model flavor_immersed_daily:kao_liang_seed#blockstate=4,facing=west:
    minecraft:textures/atlas/blocks.png:flavor_immersed_daily:block/cai_hua_21
[108月2026 21:10:40.033] [Worker-ResourceReload-5/WARN] [net.minecraft.client.resources.model.ModelManager/]: Missing textures in model simpletomb:tombstone#facing=east,is_engraved=false,model_texture=0:
    minecraft:textures/atlas/blocks.png:minecraft:blocks/concrete_white
[108月2026 21:10:40.033] [Worker-ResourceReload-5/WARN] [net.minecraft.client.resources.model.ModelManager/]: Missing textures in model flavor_immersed_daily:loofahblock#blockstate=0:
    minecraft:textures/atlas/blocks.png:flavor_immersed_daily:block/yu_xiang_rou_si_
[108月2026 21:10:40.033] [Worker-ResourceReload-5/WARN] [net.minecraft.client.resources.model.ModelManager/]: Missing textures in model flavor_immersed_daily:loofahblock#blockstate=1:
    minecraft:textures/atlas/blocks.png:flavor_immersed_daily:block/yu_xiang_rou_si_
[108月2026 21:10:40.033] [Worker-ResourceReload-5/WARN] [net.minecraft.client.resources.model.ModelManager/]: Missing textures in model flavor_immersed_daily:kao_liang_seed#blockstate=3,facing=west:
    minecraft:textures/atlas/blocks.png:flavor_immersed_daily:block/cai_hua_21
[108月2026 21:10:40.033] [Worker-ResourceReload-5/WARN] [net.minecraft.client.resources.model.ModelManager/]: Missing textures in model flavor_immersed_daily:loofahblock#blockstate=2:
    minecraft:textures/atlas/blocks.png:flavor_immersed_daily:block/yu_xiang_rou_si_
[108月2026 21:10:40.033] [Worker-ResourceReload-5/WARN] [net.minecraft.client.resources.model.ModelManager/]: Missing textures in model flavor_immersed_daily:cauliflower_seed#blockstate=4,facing=north:
    minecraft:textures/atlas/blocks.png:flavor_immersed_daily:block/cai_hua_21
[108月2026 21:10:40.033] [Worker-ResourceReload-5/WARN] [net.minecraft.client.resources.model.ModelManager/]: Missing textures in model flavor_immersed_daily:loofahblock#blockstate=3:
    minecraft:textures/atlas/blocks.png:flavor_immersed_daily:block/yu_xiang_rou_si_
[108月2026 21:10:40.033] [Worker-ResourceReload-5/WARN] [net.minecraft.client.resources.model.ModelManager/]: Missing textures in model flavor_immersed_daily:loofahblock#blockstate=4:
    minecraft:textures/atlas/blocks.png:flavor_immersed_daily:block/yu_xiang_rou_si_
[108月2026 21:10:40.033] [Worker-ResourceReload-5/WARN] [net.minecraft.client.resources.model.ModelManager/]: Missing textures in model flavor_immersed_daily:kao_liang_seed#blockstate=2,facing=west:
    minecraft:textures/atlas/blocks.png:flavor_immersed_daily:block/cai_hua_21
[108月2026 21:10:40.033] [Worker-ResourceReload-5/WARN] [net.minecraft.client.resources.model.ModelManager/]: Missing textures in model flavor_immersed_daily:red_tea_seed#blockstate=3,facing=north:
    minecraft:textures/atlas/blocks.png:flavor_immersed_daily:block/bo_cai_31
[108月2026 21:10:40.033] [Worker-ResourceReload-5/WARN] [net.minecraft.client.resources.model.ModelManager/]: Missing textures in model flavor_immersed_daily:kao_liang_seed#blockstate=1,facing=west:
    minecraft:textures/atlas/blocks.png:flavor_immersed_daily:block/cai_hua_21
[108月2026 21:10:40.033] [Worker-ResourceReload-5/WARN] [net.minecraft.client.resources.model.ModelManager/]: Missing textures in model minecolonies:blockhutdyer#facing=east:
    minecraft:textures/atlas/blocks.png:minecraft:map/map_icons
[108月2026 21:10:40.033] [Worker-ResourceReload-5/WARN] [net.minecraft.client.resources.model.ModelManager/]: Missing textures in model minecolonies:blockhutbeekeeper#facing=west:
    minecraft:textures/atlas/blocks.png:minecraft:map/map_icons
[108月2026 21:10:40.033] [Worker-ResourceReload-5/WARN] [net.minecraft.client.resources.model.ModelManager/]: Missing textures in model flavor_immersed_daily:kao_liang_seed#blockstate=0,facing=west:
    minecraft:textures/atlas/blocks.png:flavor_immersed_daily:block/cai_hua_21
[108月2026 21:10:40.033] [Worker-ResourceReload-5/WARN] [net.minecraft.client.resources.model.ModelManager/]: Missing textures in model minecolonies:blockhutuniversity#facing=west:
    minecraft:textures/atlas/blocks.png:minecraft:map/map_icons
[108月2026 21:10:40.033] [Worker-ResourceReload-5/WARN] [net.minecraft.client.resources.model.ModelManager/]: Missing textures in model minecolonies:blockhutfletcher#facing=south:
    minecraft:textures/atlas/blocks.png:minecraft:map/map_icons
[108月2026 21:10:40.033] [Worker-ResourceReload-5/WARN] [net.minecraft.client.resources.model.ModelManager/]: Missing textures in model flavor_immersed_daily:rawapple#blockstate=0:
    minecraft:textures/atlas/blocks.png:flavor_immersed_daily:block/ping_guo_shu_cong_2
[108月2026 21:10:40.033] [Worker-ResourceReload-5/WARN] [net.minecraft.client.resources.model.ModelManager/]: Missing textures in model flavor_immersed_daily:red_tea_seed#blockstate=3,facing=west:
    minecraft:textures/atlas/blocks.png:flavor_immersed_daily:block/bo_cai_31
[108月2026 21:10:40.033] [Worker-ResourceReload-5/WARN] [net.minecraft.client.resources.model.ModelManager/]: Missing textures in model minecolonies:blockhutuniversity#inventory:
    minecraft:textures/atlas/blocks.png:minecraft:map/map_icons
[108月2026 21:10:40.033] [Worker-ResourceReload-5/WARN] [net.minecraft.client.resources.model.ModelManager/]: Missing textures in model flavor_immersed_daily:gan_bian_si_ji_dou#blockstate=0,facing=west:
    minecraft:textures/atlas/blocks.png:flavor_immersed_daily:block/gan_bian_si_ji_dou_
[108月2026 21:10:40.033] [Worker-ResourceReload-5/WARN] [net.minecraft.client.resources.model.ModelManager/]: Missing textures in model flavor_immersed_daily:rawapple#blockstate=1:
    minecraft:textures/atlas/blocks.png:flavor_immersed_daily:block/ping_guo_shu_cong_2
[108月2026 21:10:40.033] [Worker-ResourceReload-5/WARN] [net.minecraft.client.resources.model.ModelManager/]: Missing textures in model simpletomb:tombstone#facing=south,is_engraved=false,model_texture=0:
    minecraft:textures/atlas/blocks.png:minecraft:blocks/concrete_white
[108月2026 21:10:40.033] [Worker-ResourceReload-5/WARN] [net.minecraft.client.resources.model.ModelManager/]: Missing textures in model flavor_immersed_daily:gan_bian_si_ji_dou#blockstate=2,facing=west:
    minecraft:textures/atlas/blocks.png:flavor_immersed_daily:block/gan_bian_si_ji_dou_
[108月2026 21:10:40.033] [Worker-ResourceReload-5/WARN] [net.minecraft.client.resources.model.ModelManager/]: Missing textures in model flavor_immersed_daily:gan_bian_si_ji_dou#blockstate=1,facing=west:
    minecraft:textures/atlas/blocks.png:flavor_immersed_daily:block/gan_bian_si_ji_dou_
[108月2026 21:10:40.033] [Worker-ResourceReload-5/WARN] [net.minecraft.client.resources.model.ModelManager/]: Missing textures in model flavor_immersed_daily:red_tea_seed#blockstate=4,facing=west:
    minecraft:textures/atlas/blocks.png:flavor_immersed_daily:block/bo_cai_31
[108月2026 21:10:40.033] [Worker-ResourceReload-5/WARN] [net.minecraft.client.resources.model.ModelManager/]: Missing textures in model flavor_immersed_daily:rawapple#inventory:
    minecraft:textures/atlas/blocks.png:flavor_immersed_daily:block/ping_guo_shu_cong_2
[108月2026 21:10:40.033] [Worker-ResourceReload-5/WARN] [net.minecraft.client.resources.model.ModelManager/]: Missing textures in model flavor_immersed_daily:gan_bian_si_ji_dou#blockstate=2,facing=north:
    minecraft:textures/atlas/blocks.png:flavor_immersed_daily:block/gan_bian_si_ji_dou_
[108月2026 21:10:40.033] [Worker-ResourceReload-5/WARN] [net.minecraft.client.resources.model.ModelManager/]: Missing textures in model flavor_immersed_daily:lilac_seed#blockstate=2,facing=west:
    minecraft:textures/atlas/blocks.png:flavor_immersed_daily:block/cai_hua_21
[108月2026 21:10:40.033] [Worker-ResourceReload-5/WARN] [net.minecraft.client.resources.model.ModelManager/]: Missing textures in model create_connected:fan_soul_stripping_catalyst#inventory:
    minecraft:textures/atlas/blocks.png:createnetherindustry:block/soul_stripping_block
[108月2026 21:10:40.033] [Worker-ResourceReload-5/WARN] [net.minecraft.client.resources.model.ModelManager/]: Missing textures in model flavor_immersed_daily:lilac_seed#blockstate=1,facing=west:
    minecraft:textures/atlas/blocks.png:flavor_immersed_daily:block/cai_hua_21
[108月2026 21:10:40.033] [Worker-ResourceReload-5/WARN] [net.minecraft.client.resources.model.ModelManager/]: Missing textures in model flavor_immersed_daily:lilac_seed#blockstate=3,facing=west:
    minecraft:textures/atlas/blocks.png:flavor_immersed_daily:block/cai_hua_21
[108月2026 21:10:40.033] [Worker-ResourceReload-5/WARN] [net.minecraft.client.resources.model.ModelManager/]: Missing textures in model flavor_immersed_daily:lilac_seed#blockstate=0,facing=west:
    minecraft:textures/atlas/blocks.png:flavor_immersed_daily:block/cai_hua_21
[108月2026 21:10:40.033] [Worker-ResourceReload-5/WARN] [net.minecraft.client.resources.model.ModelManager/]: Missing textures in model flavor_immersed_daily:lilac_seed#blockstate=4,facing=west:
    minecraft:textures/atlas/blocks.png:flavor_immersed_daily:block/cai_hua_21
[108月2026 21:10:40.033] [Worker-ResourceReload-5/WARN] [net.minecraft.client.resources.model.ModelManager/]: Missing textures in model flavor_immersed_daily:gan_bian_si_ji_dou#blockstate=0,facing=north:
    minecraft:textures/atlas/blocks.png:flavor_immersed_daily:block/gan_bian_si_ji_dou_
[108月2026 21:10:40.033] [Worker-ResourceReload-5/WARN] [net.minecraft.client.resources.model.ModelManager/]: Missing textures in model flavor_immersed_daily:gan_bian_si_ji_dou#blockstate=0,facing=south:
    minecraft:textures/atlas/blocks.png:flavor_immersed_daily:block/gan_bian_si_ji_dou_
[108月2026 21:10:40.033] [Worker-ResourceReload-5/WARN] [net.minecraft.client.resources.model.ModelManager/]: Missing textures in model minecolonies:blockhutfletcher#inventory:
    minecraft:textures/atlas/blocks.png:minecraft:map/map_icons
[108月2026 21:10:40.033] [Worker-ResourceReload-5/WARN] [net.minecraft.client.resources.model.ModelManager/]: Missing textures in model minecolonies:blockhutuniversity#facing=north:
    minecraft:textures/atlas/blocks.png:minecraft:map/map_icons
[108月2026 21:10:40.033] [Worker-ResourceReload-5/WARN] [net.minecraft.client.resources.model.ModelManager/]: Missing textures in model minecolonies:blockhutuniversity#facing=east:
    minecraft:textures/atlas/blocks.png:minecraft:map/map_icons
[108月2026 21:10:40.033] [Worker-ResourceReload-5/WARN] [net.minecraft.client.resources.model.ModelManager/]: Missing textures in model create_connected:fan_glooming_catalyst#:
    minecraft:textures/atlas/blocks.png:twilightforest:block/deadrock
    minecraft:textures/atlas/blocks.png:create_shimmer:block/ominous_campfire_fire
[108月2026 21:10:40.033] [Worker-ResourceReload-5/WARN] [net.minecraft.client.resources.model.ModelManager/]: Missing textures in model simpletomb:tombstone#facing=west,is_engraved=false,model_texture=0:
    minecraft:textures/atlas/blocks.png:minecraft:blocks/concrete_white
[108月2026 21:10:40.033] [Worker-ResourceReload-5/WARN] [net.minecraft.client.resources.model.ModelManager/]: Missing textures in model create_connected:fan_transmutation_catalyst#:
    minecraft:textures/atlas/blocks.png:create_shimmer:fluid/shimmer_flow
[108月2026 21:10:40.034] [Worker-ResourceReload-5/WARN] [net.minecraft.client.resources.model.ModelManager/]: Missing textures in model flavor_immersed_daily:cauliflower_seed#blockstate=3,facing=north:
    minecraft:textures/atlas/blocks.png:flavor_immersed_daily:block/cai_hua_21
[108月2026 21:10:40.034] [Worker-ResourceReload-5/WARN] [net.minecraft.client.resources.model.ModelManager/]: Missing textures in model flavor_immersed_daily:red_tea_seed#blockstate=2,facing=north:
    minecraft:textures/atlas/blocks.png:flavor_immersed_daily:block/bo_cai_31
[108月2026 21:10:40.034] [Worker-ResourceReload-5/WARN] [net.minecraft.client.resources.model.ModelManager/]: Missing textures in model flavor_immersed_daily:red_tea_seed#blockstate=2,facing=west:
    minecraft:textures/atlas/blocks.png:flavor_immersed_daily:block/bo_cai_31
[108月2026 21:10:40.034] [Worker-ResourceReload-5/WARN] [net.minecraft.client.resources.model.ModelManager/]: Missing textures in model minecolonies:blockhutcombatacademy#facing=south:
    minecraft:textures/atlas/blocks.png:minecraft:map/map_icons
[108月2026 21:10:40.034] [Worker-ResourceReload-5/WARN] [net.minecraft.client.resources.model.ModelManager/]: Missing textures in model flavor_immersed_daily:red_tea_seed#blockstate=4,facing=north:
    minecraft:textures/atlas/blocks.png:flavor_immersed_daily:block/bo_cai_31
[108月2026 21:10:40.034] [Worker-ResourceReload-5/WARN] [net.minecraft.client.resources.model.ModelManager/]: Missing textures in model minecolonies:blockhutdyer#facing=west:
    minecraft:textures/atlas/blocks.png:minecraft:map/map_icons
[108月2026 21:10:40.034] [Worker-ResourceReload-5/WARN] [net.minecraft.client.resources.model.ModelManager/]: Missing textures in model flavor_immersed_daily:red_tea_seed#blockstate=1,facing=west:
    minecraft:textures/atlas/blocks.png:flavor_immersed_daily:block/bo_cai_31
[108月2026 21:10:40.034] [Worker-ResourceReload-5/WARN] [net.minecraft.client.resources.model.ModelManager/]: Missing textures in model flavor_immersed_daily:red_tea_seed#blockstate=0,facing=west:
    minecraft:textures/atlas/blocks.png:flavor_immersed_daily:block/bo_cai_31
[108月2026 21:10:40.034] [Worker-ResourceReload-5/WARN] [net.minecraft.client.resources.model.ModelManager/]: Missing textures in model minecolonies:blockhutuniversity#facing=south:
    minecraft:textures/atlas/blocks.png:minecraft:map/map_icons
[108月2026 21:10:40.034] [Worker-ResourceReload-5/WARN] [net.minecraft.client.resources.model.ModelManager/]: Missing textures in model flavor_immersed_daily:scallion_seed#blockstate=0,facing=east:
    minecraft:textures/atlas/blocks.png:flavor_immersed_daily:block/cai_hua_21
[108月2026 21:10:40.034] [Worker-ResourceReload-5/WARN] [net.minecraft.client.resources.model.ModelManager/]: Missing textures in model simpletomb:tombstone#facing=north,is_engraved=false,model_texture=0:
    minecraft:textures/atlas/blocks.png:minecraft:blocks/concrete_white
[108月2026 21:10:40.034] [Worker-ResourceReload-5/WARN] [net.minecraft.client.resources.model.ModelManager/]: Missing textures in model flavor_immersed_daily:scallion_seed#blockstate=1,facing=east:
    minecraft:textures/atlas/blocks.png:flavor_immersed_daily:block/cai_hua_21
[108月2026 21:10:40.034] [Worker-ResourceReload-5/WARN] [net.minecraft.client.resources.model.ModelManager/]: Missing textures in model flavor_immersed_daily:cauliflower_seed#blockstate=1,facing=north:
    minecraft:textures/atlas/blocks.png:flavor_immersed_daily:block/cai_hua_21
[108月2026 21:10:40.034] [Worker-ResourceReload-5/WARN] [net.minecraft.client.resources.model.ModelManager/]: Missing textures in model flavor_immersed_daily:kao_liang_seed#blockstate=3,facing=east:
    minecraft:textures/atlas/blocks.png:flavor_immersed_daily:block/cai_hua_21
[108月2026 21:10:40.034] [Worker-ResourceReload-5/WARN] [net.minecraft.client.resources.model.ModelManager/]: Missing textures in model flavor_immersed_daily:cauliflower_seed#blockstate=0,facing=east:
    minecraft:textures/atlas/blocks.png:flavor_immersed_daily:block/cai_hua_21
[108月2026 21:10:40.034] [Worker-ResourceReload-5/WARN] [net.minecraft.client.resources.model.ModelManager/]: Missing textures in model flavor_immersed_daily:lilac_seed#blockstate=0,facing=north:
    minecraft:textures/atlas/blocks.png:flavor_immersed_daily:block/cai_hua_21
[108月2026 21:10:40.034] [Worker-ResourceReload-5/WARN] [net.minecraft.client.resources.model.ModelManager/]: Missing textures in model flavor_immersed_daily:red_tea_seed#blockstate=2,facing=south:
    minecraft:textures/atlas/blocks.png:flavor_immersed_daily:block/bo_cai_31
[108月2026 21:10:40.034] [Worker-ResourceReload-5/WARN] [net.minecraft.client.resources.model.ModelManager/]: Missing textures in model flavor_immersed_daily:kao_liang_seed#blockstate=2,facing=east:
    minecraft:textures/atlas/blocks.png:flavor_immersed_daily:block/cai_hua_21
[108月2026 21:10:40.034] [Worker-ResourceReload-5/WARN] [net.minecraft.client.resources.model.ModelManager/]: Missing textures in model flavor_immersed_daily:kao_liang_seed#blockstate=4,facing=east:
    minecraft:textures/atlas/blocks.png:flavor_immersed_daily:block/cai_hua_21
[108月2026 21:10:40.034] [Worker-ResourceReload-5/WARN] [net.minecraft.client.resources.model.ModelManager/]: Missing textures in model flavor_immersed_daily:cauliflower_seed#blockstate=2,facing=east:
    minecraft:textures/atlas/blocks.png:flavor_immersed_daily:block/cai_hua_21
[108月2026 21:10:40.034] [Worker-ResourceReload-5/WARN] [net.minecraft.client.resources.model.ModelManager/]: Missing textures in model flavor_immersed_daily:red_tea_seed#blockstate=0,facing=north:
    minecraft:textures/atlas/blocks.png:flavor_immersed_daily:block/bo_cai_31
[108月2026 21:10:40.034] [Worker-ResourceReload-5/WARN] [net.minecraft.client.resources.model.ModelManager/]: Missing textures in model flavor_immersed_daily:cauliflower_seed#blockstate=1,facing=east:
    minecraft:textures/atlas/blocks.png:flavor_immersed_daily:block/cai_hua_21
[108月2026 21:10:40.034] [Worker-ResourceReload-5/WARN] [net.minecraft.client.resources.model.ModelManager/]: Missing textures in model flavor_immersed_daily:lilac_seed#blockstate=2,facing=north:
    minecraft:textures/atlas/blocks.png:flavor_immersed_daily:block/cai_hua_21
[108月2026 21:10:40.035] [Worker-ResourceReload-5/WARN] [net.minecraft.client.resources.model.ModelManager/]: Missing textures in model flavor_immersed_daily:red_tea_seed#blockstate=4,facing=south:
    minecraft:textures/atlas/blocks.png:flavor_immersed_daily:block/bo_cai_31
[108月2026 21:10:40.035] [Worker-ResourceReload-5/WARN] [net.minecraft.client.resources.model.ModelManager/]: Missing textures in model flavor_immersed_daily:cauliflower_seed#blockstate=4,facing=east:
    minecraft:textures/atlas/blocks.png:flavor_immersed_daily:block/cai_hua_21
[108月2026 21:10:40.035] [Worker-ResourceReload-5/WARN] [net.minecraft.client.resources.model.ModelManager/]: Missing textures in model flavor_immersed_daily:scallion_seed#blockstate=1,facing=north:
    minecraft:textures/atlas/blocks.png:flavor_immersed_daily:block/cai_hua_21
[108月2026 21:10:40.035] [Worker-ResourceReload-5/WARN] [net.minecraft.client.resources.model.ModelManager/]: Missing textures in model flavor_immersed_daily:scallion_seed#blockstate=3,facing=north:
    minecraft:textures/atlas/blocks.png:flavor_immersed_daily:block/cai_hua_21
[108月2026 21:10:40.035] [Worker-ResourceReload-5/WARN] [net.minecraft.client.resources.model.ModelManager/]: Missing textures in model flavor_immersed_daily:cauliflower_seed#blockstate=3,facing=south:
    minecraft:textures/atlas/blocks.png:flavor_immersed_daily:block/cai_hua_21
[108月2026 21:10:40.035] [Worker-ResourceReload-5/WARN] [net.minecraft.client.resources.model.ModelManager/]: Missing textures in model flavor_immersed_daily:cauliflower_seed#blockstate=3,facing=east:
    minecraft:textures/atlas/blocks.png:flavor_immersed_daily:block/cai_hua_21
[108月2026 21:10:40.035] [Worker-ResourceReload-5/WARN] [net.minecraft.client.resources.model.ModelManager/]: Missing textures in model flavor_immersed_daily:lilac_seed#blockstate=4,facing=south:
    minecraft:textures/atlas/blocks.png:flavor_immersed_daily:block/cai_hua_21
[108月2026 21:10:40.035] [Worker-ResourceReload-5/WARN] [net.minecraft.client.resources.model.ModelManager/]: Missing textures in model flavor_immersed_daily:scallion_seed#blockstate=1,facing=south:
    minecraft:textures/atlas/blocks.png:flavor_immersed_daily:block/cai_hua_21
[108月2026 21:10:40.035] [Worker-ResourceReload-5/WARN] [net.minecraft.client.resources.model.ModelManager/]: Missing textures in model minecolonies:blockhutfletcher#facing=east:
    minecraft:textures/atlas/blocks.png:minecraft:map/map_icons
[108月2026 21:10:40.035] [Worker-ResourceReload-5/WARN] [net.minecraft.client.resources.model.ModelManager/]: Missing textures in model flavor_immersed_daily:lilac_seed#blockstate=0,facing=south:
    minecraft:textures/atlas/blocks.png:flavor_immersed_daily:block/cai_hua_21
[108月2026 21:10:40.035] [Worker-ResourceReload-5/WARN] [net.minecraft.client.resources.model.ModelManager/]: Missing textures in model flavor_immersed_daily:scallion_seed#blockstate=2,facing=east:
    minecraft:textures/atlas/blocks.png:flavor_immersed_daily:block/cai_hua_21
[108月2026 21:10:40.035] [Worker-ResourceReload-5/WARN] [net.minecraft.client.resources.model.ModelManager/]: Missing textures in model minecolonies:blockhutcombatacademy#facing=east:
    minecraft:textures/atlas/blocks.png:minecraft:map/map_icons
[108月2026 21:10:40.035] [Worker-ResourceReload-5/WARN] [net.minecraft.client.resources.model.ModelManager/]: Missing textures in model flavor_immersed_daily:scallion_seed#blockstate=4,facing=east:
    minecraft:textures/atlas/blocks.png:flavor_immersed_daily:block/cai_hua_21
[108月2026 21:10:40.035] [Worker-ResourceReload-5/WARN] [net.minecraft.client.resources.model.ModelManager/]: Missing textures in model flavor_immersed_daily:red_tea_seed#blockstate=0,facing=south:
    minecraft:textures/atlas/blocks.png:flavor_immersed_daily:block/bo_cai_31
[108月2026 21:10:40.035] [Worker-ResourceReload-5/WARN] [net.minecraft.client.resources.model.ModelManager/]: Missing textures in model flavor_immersed_daily:lilac_seed#blockstate=2,facing=south:
    minecraft:textures/atlas/blocks.png:flavor_immersed_daily:block/cai_hua_21
[108月2026 21:10:40.035] [Worker-ResourceReload-5/WARN] [net.minecraft.client.resources.model.ModelManager/]: Missing textures in model flavor_immersed_daily:scallion_seed#blockstate=3,facing=south:
    minecraft:textures/atlas/blocks.png:flavor_immersed_daily:block/cai_hua_21
[108月2026 21:10:40.035] [Worker-ResourceReload-5/WARN] [net.minecraft.client.resources.model.ModelManager/]: Missing textures in model flavor_immersed_daily:cauliflower_seed#blockstate=1,facing=south:
    minecraft:textures/atlas/blocks.png:flavor_immersed_daily:block/cai_hua_21
[108月2026 21:10:40.035] [Worker-ResourceReload-5/WARN] [net.minecraft.client.resources.model.ModelManager/]: Missing textures in model flavor_immersed_daily:gan_bian_si_ji_dou#blockstate=2,facing=south:
    minecraft:textures/atlas/blocks.png:flavor_immersed_daily:block/gan_bian_si_ji_dou_
[108月2026 21:10:40.035] [Worker-ResourceReload-5/WARN] [net.minecraft.client.resources.model.ModelManager/]: Missing textures in model flavor_immersed_daily:scallion_seed#blockstate=3,facing=east:
    minecraft:textures/atlas/blocks.png:flavor_immersed_daily:block/cai_hua_21
[108月2026 21:10:40.035] [Worker-ResourceReload-5/WARN] [net.minecraft.client.resources.model.ModelManager/]: Missing textures in model flavor_immersed_daily:rawpear#inventory:
    minecraft:textures/atlas/blocks.png:flavor_immersed_daily:block/bai_cai_11
[108月2026 21:10:40.035] [Worker-ResourceReload-5/WARN] [net.minecraft.client.resources.model.ModelManager/]: Missing textures in model flavor_immersed_daily:red_tea_seed#blockstate=2,facing=east:
    minecraft:textures/atlas/blocks.png:flavor_immersed_daily:block/bo_cai_31
[108月2026 21:10:40.035] [Worker-ResourceReload-5/WARN] [net.minecraft.client.resources.model.ModelManager/]: Missing textures in model flavor_immersed_daily:scallion_seed#blockstate=4,facing=west:
    minecraft:textures/atlas/blocks.png:flavor_immersed_daily:block/cai_hua_21
[108月2026 21:10:40.035] [Worker-ResourceReload-5/WARN] [net.minecraft.client.resources.model.ModelManager/]: Missing textures in model minecolonies:blockhutcombatacademy#facing=west:
    minecraft:textures/atlas/blocks.png:minecraft:map/map_icons
[108月2026 21:10:40.035] [Worker-ResourceReload-5/WARN] [net.minecraft.client.resources.model.ModelManager/]: Missing textures in model flavor_immersed_daily:gan_bian_si_ji_dou#blockstate=1,facing=north:
    minecraft:textures/atlas/blocks.png:flavor_immersed_daily:block/gan_bian_si_ji_dou_
[108月2026 21:10:40.035] [Worker-ResourceReload-5/WARN] [net.minecraft.client.resources.model.ModelManager/]: Missing textures in model flavor_immersed_daily:kao_liang_seed#blockstate=3,facing=south:
    minecraft:textures/atlas/blocks.png:flavor_immersed_daily:block/cai_hua_21
[108月2026 21:10:40.035] [Worker-ResourceReload-5/WARN] [net.minecraft.client.resources.model.ModelManager/]: Missing textures in model flavor_immersed_daily:kao_liang_seed#blockstate=1,facing=north:
    minecraft:textures/atlas/blocks.png:flavor_immersed_daily:block/cai_hua_21
[108月2026 21:10:40.035] [Worker-ResourceReload-5/WARN] [net.minecraft.client.resources.model.ModelManager/]: Missing textures in model flavor_immersed_daily:red_tea_seed#blockstate=4,facing=east:
    minecraft:textures/atlas/blocks.png:flavor_immersed_daily:block/bo_cai_31
[108月2026 21:10:40.035] [Worker-ResourceReload-5/WARN] [net.minecraft.client.resources.model.ModelManager/]: Missing textures in model flavor_immersed_daily:red_tea_seed#blockstate=0,facing=east:
    minecraft:textures/atlas/blocks.png:flavor_immersed_daily:block/bo_cai_31
[108月2026 21:10:40.035] [Worker-ResourceReload-5/WARN] [net.minecraft.client.resources.model.ModelManager/]: Missing textures in model flavor_immersed_daily:scallion_seed#blockstate=2,facing=west:
    minecraft:textures/atlas/blocks.png:flavor_immersed_daily:block/cai_hua_21
[108月2026 21:10:40.035] [Worker-ResourceReload-5/WARN] [net.minecraft.client.resources.model.ModelManager/]: Missing textures in model flavor_immersed_daily:scallion_seed#blockstate=3,facing=west:
    minecraft:textures/atlas/blocks.png:flavor_immersed_daily:block/cai_hua_21
[108月2026 21:10:40.035] [Worker-ResourceReload-5/WARN] [net.minecraft.client.resources.model.ModelManager/]: Missing textures in model flavor_immersed_daily:red_tea_seed#blockstate=1,facing=east:
    minecraft:textures/atlas/blocks.png:flavor_immersed_daily:block/bo_cai_31
[108月2026 21:10:40.035] [Worker-ResourceReload-5/WARN] [net.minecraft.client.resources.model.ModelManager/]: Missing textures in model minecolonies:blockhutdyer#facing=north:
    minecraft:textures/atlas/blocks.png:minecraft:map/map_icons
[108月2026 21:10:40.035] [Worker-ResourceReload-5/WARN] [net.minecraft.client.resources.model.ModelManager/]: Missing textures in model flavor_immersed_daily:scallion_seed#blockstate=1,facing=west:
    minecraft:textures/atlas/blocks.png:flavor_immersed_daily:block/cai_hua_21
[108月2026 21:10:40.035] [Worker-ResourceReload-5/WARN] [net.minecraft.client.resources.model.ModelManager/]: Missing textures in model flavor_immersed_daily:scallion_seed#blockstate=0,facing=west:
    minecraft:textures/atlas/blocks.png:flavor_immersed_daily:block/cai_hua_21
[108月2026 21:10:40.035] [Worker-ResourceReload-5/WARN] [net.minecraft.client.resources.model.ModelManager/]: Missing textures in model minecolonies:blockhutcombatacademy#inventory:
    minecraft:textures/atlas/blocks.png:minecraft:map/map_icons
[108月2026 21:10:40.035] [Worker-ResourceReload-5/WARN] [net.minecraft.client.resources.model.ModelManager/]: Missing textures in model flavor_immersed_daily:red_tea_seed#blockstate=3,facing=east:
    minecraft:textures/atlas/blocks.png:flavor_immersed_daily:block/bo_cai_31
[108月2026 21:10:40.035] [Worker-ResourceReload-5/WARN] [net.minecraft.client.resources.model.ModelManager/]: Missing textures in model flavor_immersed_daily:kao_liang_seed#blockstate=0,facing=east:
    minecraft:textures/atlas/blocks.png:flavor_immersed_daily:block/cai_hua_21
[108月2026 21:10:40.035] [Worker-ResourceReload-5/WARN] [net.minecraft.client.resources.model.ModelManager/]: Missing textures in model flavor_immersed_daily:kao_liang_seed#blockstate=1,facing=east:
    minecraft:textures/atlas/blocks.png:flavor_immersed_daily:block/cai_hua_21
[108月2026 21:10:40.035] [Worker-ResourceReload-5/WARN] [net.minecraft.client.resources.model.ModelManager/]: Missing textures in model flavor_immersed_daily:red_tea_seed#blockstate=1,facing=north:
    minecraft:textures/atlas/blocks.png:flavor_immersed_daily:block/bo_cai_31
[108月2026 21:10:40.035] [Worker-ResourceReload-5/WARN] [net.minecraft.client.resources.model.ModelManager/]: Missing textures in model flavor_immersed_daily:lilac_seed#blockstate=4,facing=north:
    minecraft:textures/atlas/blocks.png:flavor_immersed_daily:block/cai_hua_21
[108月2026 21:10:40.035] [Worker-ResourceReload-5/WARN] [net.minecraft.client.resources.model.ModelManager/]: Missing textures in model flavor_immersed_daily:rawlychee#blockstate=0:
    minecraft:textures/atlas/blocks.png:flavor_immersed_daily:block/chao_la_zi_ji_1
[108月2026 21:10:40.035] [Worker-ResourceReload-5/WARN] [net.minecraft.client.resources.model.ModelManager/]: Missing textures in model create_connected:fan_glooming_catalyst#inventory:
    minecraft:textures/atlas/blocks.png:twilightforest:block/deadrock
    minecraft:textures/atlas/blocks.png:create_shimmer:block/ominous_campfire_fire
[108月2026 21:10:40.035] [Worker-ResourceReload-5/WARN] [net.minecraft.client.resources.model.ModelManager/]: Missing textures in model flavor_immersed_daily:rawlychee#blockstate=1:
    minecraft:textures/atlas/blocks.png:flavor_immersed_daily:block/chao_la_zi_ji_1
[108月2026 21:10:40.035] [Worker-ResourceReload-5/WARN] [net.minecraft.client.resources.model.ModelManager/]: Missing textures in model create_connected:fan_enriched_catalyst#:
    minecraft:textures/atlas/blocks.png:createnuclear:block/enriched_soul_soil
    minecraft:textures/atlas/blocks.png:createnuclear:block/enriching/campfire/enriching_flame
[108月2026 21:10:40.035] [Worker-ResourceReload-5/WARN] [net.minecraft.client.resources.model.ModelManager/]: Missing textures in model minecolonies:blockhutdyer#inventory:
    minecraft:textures/atlas/blocks.png:minecraft:map/map_icons
[108月2026 21:10:40.035] [Worker-ResourceReload-5/WARN] [net.minecraft.client.resources.model.ModelManager/]: Missing textures in model flavor_immersed_daily:rawpear#blockstate=1:
    minecraft:textures/atlas/blocks.png:flavor_immersed_daily:block/bai_cai_11
[108月2026 21:10:40.035] [Worker-ResourceReload-5/WARN] [net.minecraft.client.resources.model.ModelManager/]: Missing textures in model flavor_immersed_daily:rawpear#blockstate=0:
    minecraft:textures/atlas/blocks.png:flavor_immersed_daily:block/bai_cai_11
[108月2026 21:10:40.035] [Worker-ResourceReload-5/WARN] [net.minecraft.client.resources.model.ModelManager/]: Missing textures in model minecolonies:blockhutcombatacademy#facing=north:
    minecraft:textures/atlas/blocks.png:minecraft:map/map_icons
[108月2026 21:10:40.035] [Worker-ResourceReload-5/WARN] [net.minecraft.client.resources.model.ModelManager/]: Missing textures in model create_connected:fan_enriched_catalyst#inventory:
    minecraft:textures/atlas/blocks.png:createnuclear:block/enriched_soul_soil
    minecraft:textures/atlas/blocks.png:createnuclear:block/enriching/campfire/enriching_flame
[108月2026 21:10:40.035] [Worker-ResourceReload-5/WARN] [net.minecraft.client.resources.model.ModelManager/]: Missing textures in model minecolonies:blockhutfletcher#facing=north:
    minecraft:textures/atlas/blocks.png:minecraft:map/map_icons
[108月2026 21:10:40.036] [Worker-ResourceReload-5/WARN] [net.minecraft.client.resources.model.ModelManager/]: Missing textures in model create_connected:fan_soul_stripping_catalyst#:
    minecraft:textures/atlas/blocks.png:createnetherindustry:block/soul_stripping_block
[108月2026 21:10:40.036] [Worker-ResourceReload-5/WARN] [net.minecraft.client.resources.model.ModelManager/]: Missing textures in model create_connected:fan_transmutation_catalyst#inventory:
    minecraft:textures/atlas/blocks.png:create_shimmer:fluid/shimmer_flow
[108月2026 21:10:40.036] [Worker-ResourceReload-5/WARN] [net.minecraft.client.resources.model.ModelManager/]: Missing textures in model flavor_immersed_daily:rawlychee#inventory:
    minecraft:textures/atlas/blocks.png:flavor_immersed_daily:block/chao_la_zi_ji_1
[108月2026 21:10:40.036] [Worker-ResourceReload-5/WARN] [net.minecraft.client.resources.model.ModelManager/]: Missing textures in model flavor_immersed_daily:cauliflower_seed#blockstate=1,facing=west:
    minecraft:textures/atlas/blocks.png:flavor_immersed_daily:block/cai_hua_21
[108月2026 21:10:40.036] [Worker-ResourceReload-5/WARN] [net.minecraft.client.resources.model.ModelManager/]: Missing textures in model flavor_immersed_daily:greengrapeblock#blockstate=2:
    minecraft:textures/atlas/blocks.png:flavor_immersed_daily:block/zi_shu_00
[108月2026 21:10:40.036] [Worker-ResourceReload-5/WARN] [net.minecraft.client.resources.model.ModelManager/]: Missing textures in model flavor_immersed_daily:kao_liang_seed#blockstate=2,facing=south:
    minecraft:textures/atlas/blocks.png:flavor_immersed_daily:block/cai_hua_21
[108月2026 21:10:40.036] [Worker-ResourceReload-5/WARN] [net.minecraft.client.resources.model.ModelManager/]: Missing textures in model flavor_immersed_daily:kao_liang_seed#blockstate=4,facing=north:
    minecraft:textures/atlas/blocks.png:flavor_immersed_daily:block/cai_hua_21
[108月2026 21:10:40.036] [Worker-ResourceReload-5/WARN] [net.minecraft.client.resources.model.ModelManager/]: Missing textures in model flavor_immersed_daily:greengrapeblock#blockstate=1:
    minecraft:textures/atlas/blocks.png:flavor_immersed_daily:block/zi_shu_00
[108月2026 21:10:40.036] [Worker-ResourceReload-5/WARN] [net.minecraft.client.resources.model.ModelManager/]: Missing textures in model flavor_immersed_daily:cauliflower_seed#blockstate=0,facing=west:
    minecraft:textures/atlas/blocks.png:flavor_immersed_daily:block/cai_hua_21
[108月2026 21:10:40.036] [Worker-ResourceReload-5/WARN] [net.minecraft.client.resources.model.ModelManager/]: Missing textures in model flavor_immersed_daily:cauliflower_seed#blockstate=2,facing=west:
    minecraft:textures/atlas/blocks.png:flavor_immersed_daily:block/cai_hua_21
[108月2026 21:10:40.036] [Worker-ResourceReload-5/WARN] [net.minecraft.client.resources.model.ModelManager/]: Missing textures in model flavor_immersed_daily:greengrapeblock#blockstate=0:
    minecraft:textures/atlas/blocks.png:flavor_immersed_daily:block/zi_shu_00
[108月2026 21:10:40.036] [Worker-ResourceReload-5/WARN] [net.minecraft.client.resources.model.ModelManager/]: Missing textures in model flavor_immersed_daily:kao_liang_seed#blockstate=0,facing=south:
    minecraft:textures/atlas/blocks.png:flavor_immersed_daily:block/cai_hua_21
[108月2026 21:10:40.036] [Worker-ResourceReload-5/WARN] [net.minecraft.client.resources.model.ModelManager/]: Missing textures in model minecolonies:blockhutbeekeeper#facing=east:
    minecraft:textures/atlas/blocks.png:minecraft:map/map_icons
[108月2026 21:10:40.036] [Worker-ResourceReload-5/WARN] [net.minecraft.client.resources.model.ModelManager/]: Missing textures in model minecolonies:blockhutfletcher#facing=west:
    minecraft:textures/atlas/blocks.png:minecraft:map/map_icons
[108月2026 21:10:40.036] [Worker-ResourceReload-5/WARN] [net.minecraft.client.resources.model.ModelManager/]: Missing textures in model flavor_immersed_daily:greengrapeblock#blockstate=4:
    minecraft:textures/atlas/blocks.png:flavor_immersed_daily:block/zi_shu_00
[108月2026 21:10:40.036] [Worker-ResourceReload-5/WARN] [net.minecraft.client.resources.model.ModelManager/]: Missing textures in model flavor_immersed_daily:kao_liang_seed#blockstate=2,facing=north:
    minecraft:textures/atlas/blocks.png:flavor_immersed_daily:block/cai_hua_21
[108月2026 21:10:40.036] [Worker-ResourceReload-5/WARN] [net.minecraft.client.resources.model.ModelManager/]: Missing textures in model flavor_immersed_daily:greengrapeblock#blockstate=3:
    minecraft:textures/atlas/blocks.png:flavor_immersed_daily:block/zi_shu_00
[108月2026 21:10:40.036] [Worker-ResourceReload-5/WARN] [net.minecraft.client.resources.model.ModelManager/]: Missing textures in model flavor_immersed_daily:cauliflower_seed#blockstate=4,facing=west:
    minecraft:textures/atlas/blocks.png:flavor_immersed_daily:block/cai_hua_21
[108月2026 21:10:40.036] [Worker-ResourceReload-5/WARN] [net.minecraft.client.resources.model.ModelManager/]: Missing textures in model minecolonies:blockhutbeekeeper#facing=north:
    minecraft:textures/atlas/blocks.png:minecraft:map/map_icons
[108月2026 21:10:40.036] [Worker-ResourceReload-5/WARN] [net.minecraft.client.resources.model.ModelManager/]: Missing textures in model flavor_immersed_daily:cauliflower_seed#blockstate=3,facing=west:
    minecraft:textures/atlas/blocks.png:flavor_immersed_daily:block/cai_hua_21
[108月2026 21:10:40.036] [Worker-ResourceReload-5/WARN] [net.minecraft.client.resources.model.ModelManager/]: Missing textures in model flavor_immersed_daily:kao_liang_seed#blockstate=0,facing=north:
    minecraft:textures/atlas/blocks.png:flavor_immersed_daily:block/cai_hua_21
[108月2026 21:10:40.036] [Worker-ResourceReload-5/WARN] [net.minecraft.client.resources.model.ModelManager/]: Missing textures in model flavor_immersed_daily:scallion_seed#blockstate=4,facing=north:
    minecraft:textures/atlas/blocks.png:flavor_immersed_daily:block/cai_hua_21
[108月2026 21:10:40.036] [Worker-ResourceReload-5/WARN] [net.minecraft.client.resources.model.ModelManager/]: Missing textures in model flavor_immersed_daily:kao_liang_seed#blockstate=4,facing=south:
    minecraft:textures/atlas/blocks.png:flavor_immersed_daily:block/cai_hua_21
[108月2026 21:10:40.036] [Worker-ResourceReload-5/WARN] [net.minecraft.client.resources.model.ModelManager/]: Missing textures in model flavor_immersed_daily:lilac_seed#blockstate=3,facing=north:
    minecraft:textures/atlas/blocks.png:flavor_immersed_daily:block/cai_hua_21
[108月2026 21:10:40.036] [Worker-ResourceReload-5/WARN] [net.minecraft.client.resources.model.ModelManager/]: Missing textures in model flavor_immersed_daily:lilac_seed#blockstate=1,facing=east:
    minecraft:textures/atlas/blocks.png:flavor_immersed_daily:block/cai_hua_21
[108月2026 21:10:40.036] [Worker-ResourceReload-5/WARN] [net.minecraft.client.resources.model.ModelManager/]: Missing textures in model flavor_immersed_daily:red_tea_seed#blockstate=3,facing=south:
    minecraft:textures/atlas/blocks.png:flavor_immersed_daily:block/bo_cai_31
[108月2026 21:10:40.036] [Worker-ResourceReload-5/WARN] [net.minecraft.client.resources.model.ModelManager/]: Missing textures in model minecolonies:blockhutbeekeeper#inventory:
    minecraft:textures/atlas/blocks.png:minecraft:map/map_icons
[108月2026 21:10:40.036] [Worker-ResourceReload-5/WARN] [net.minecraft.client.resources.model.ModelManager/]: Missing textures in model flavor_immersed_daily:lilac_seed#blockstate=1,facing=north:
    minecraft:textures/atlas/blocks.png:flavor_immersed_daily:block/cai_hua_21
[108月2026 21:10:40.036] [Worker-ResourceReload-5/WARN] [net.minecraft.client.resources.model.ModelManager/]: Missing textures in model flavor_immersed_daily:cauliflower_seed#blockstate=2,facing=north:
    minecraft:textures/atlas/blocks.png:flavor_immersed_daily:block/cai_hua_21
[108月2026 21:10:40.036] [Worker-ResourceReload-5/WARN] [net.minecraft.client.resources.model.ModelManager/]: Missing textures in model flavor_immersed_daily:lilac_seed#blockstate=0,facing=east:
    minecraft:textures/atlas/blocks.png:flavor_immersed_daily:block/cai_hua_21
[108月2026 21:10:40.036] [Worker-ResourceReload-5/WARN] [net.minecraft.client.resources.model.ModelManager/]: Missing textures in model flavor_immersed_daily:lilac_seed#blockstate=2,facing=east:
    minecraft:textures/atlas/blocks.png:flavor_immersed_daily:block/cai_hua_21
[108月2026 21:10:40.036] [Worker-ResourceReload-5/WARN] [net.minecraft.client.resources.model.ModelManager/]: Missing textures in model flavor_immersed_daily:cauliflower_seed#blockstate=0,facing=north:
    minecraft:textures/atlas/blocks.png:flavor_immersed_daily:block/cai_hua_21
[108月2026 21:10:40.036] [Worker-ResourceReload-5/WARN] [net.minecraft.client.resources.model.ModelManager/]: Missing textures in model flavor_immersed_daily:grapeblock#blockstate=4:
    minecraft:textures/atlas/blocks.png:flavor_immersed_daily:block/zi_shu_00
[108月2026 21:10:40.036] [Worker-ResourceReload-5/WARN] [net.minecraft.client.resources.model.ModelManager/]: Missing textures in model flavor_immersed_daily:gan_bian_si_ji_dou#blockstate=0,facing=east:
    minecraft:textures/atlas/blocks.png:flavor_immersed_daily:block/gan_bian_si_ji_dou_
[108月2026 21:10:40.036] [Worker-ResourceReload-5/WARN] [net.minecraft.client.resources.model.ModelManager/]: Missing textures in model flavor_immersed_daily:scallion_seed#blockstate=0,facing=south:
    minecraft:textures/atlas/blocks.png:flavor_immersed_daily:block/cai_hua_21
[108月2026 21:10:40.036] [Worker-ResourceReload-5/WARN] [net.minecraft.client.resources.model.ModelManager/]: Missing textures in model flavor_immersed_daily:grapeblock#blockstate=2:
    minecraft:textures/atlas/blocks.png:flavor_immersed_daily:block/zi_shu_00
[108月2026 21:10:40.036] [Worker-ResourceReload-5/WARN] [net.minecraft.client.resources.model.ModelManager/]: Missing textures in model flavor_immersed_daily:grapeblock#blockstate=3:
    minecraft:textures/atlas/blocks.png:flavor_immersed_daily:block/zi_shu_00
[108月2026 21:10:40.036] [Worker-ResourceReload-5/WARN] [net.minecraft.client.resources.model.ModelManager/]: Missing textures in model flavor_immersed_daily:scallion_seed#blockstate=2,facing=north:
    minecraft:textures/atlas/blocks.png:flavor_immersed_daily:block/cai_hua_21
[108月2026 21:10:40.036] [Worker-ResourceReload-5/WARN] [net.minecraft.client.resources.model.ModelManager/]: Missing textures in model flavor_immersed_daily:scallion_seed#blockstate=2,facing=south:
    minecraft:textures/atlas/blocks.png:flavor_immersed_daily:block/cai_hua_21
[108月2026 21:10:40.036] [Worker-ResourceReload-5/WARN] [net.minecraft.client.resources.model.ModelManager/]: Missing textures in model flavor_immersed_daily:lilac_seed#blockstate=4,facing=east:
    minecraft:textures/atlas/blocks.png:flavor_immersed_daily:block/cai_hua_21
[108月2026 21:10:40.036] [Worker-ResourceReload-5/WARN] [net.minecraft.client.resources.model.ModelManager/]: Missing textures in model flavor_immersed_daily:lilac_seed#blockstate=3,facing=south:
    minecraft:textures/atlas/blocks.png:flavor_immersed_daily:block/cai_hua_21
[108月2026 21:10:40.036] [Worker-ResourceReload-5/WARN] [net.minecraft.client.resources.model.ModelManager/]: Missing textures in model flavor_immersed_daily:grapeblock#blockstate=0:
    minecraft:textures/atlas/blocks.png:flavor_immersed_daily:block/zi_shu_00
[108月2026 21:10:40.036] [Worker-ResourceReload-5/WARN] [net.minecraft.client.resources.model.ModelManager/]: Missing textures in model flavor_immersed_daily:scallion_seed#blockstate=0,facing=north:
    minecraft:textures/atlas/blocks.png:flavor_immersed_daily:block/cai_hua_21
[108月2026 21:10:40.036] [Worker-ResourceReload-5/WARN] [net.minecraft.client.resources.model.ModelManager/]: Missing textures in model flavor_immersed_daily:cauliflower_seed#blockstate=4,facing=south:
    minecraft:textures/atlas/blocks.png:flavor_immersed_daily:block/cai_hua_21
[108月2026 21:10:40.036] [Worker-ResourceReload-5/WARN] [net.minecraft.client.resources.model.ModelManager/]: Missing textures in model flavor_immersed_daily:grapeblock#blockstate=1:
    minecraft:textures/atlas/blocks.png:flavor_immersed_daily:block/zi_shu_00
[108月2026 21:10:40.036] [Worker-ResourceReload-5/WARN] [net.minecraft.client.resources.model.ModelManager/]: Missing textures in model flavor_immersed_daily:gan_bian_si_ji_dou#blockstate=1,facing=east:
    minecraft:textures/atlas/blocks.png:flavor_immersed_daily:block/gan_bian_si_ji_dou_
[108月2026 21:10:40.036] [Worker-ResourceReload-5/WARN] [net.minecraft.client.resources.model.ModelManager/]: Missing textures in model flavor_immersed_daily:lilac_seed#blockstate=3,facing=east:
    minecraft:textures/atlas/blocks.png:flavor_immersed_daily:block/cai_hua_21
[108月2026 21:10:40.036] [Worker-ResourceReload-5/WARN] [net.minecraft.client.resources.model.ModelManager/]: Missing textures in model flavor_immersed_daily:red_tea_seed#blockstate=1,facing=south:
    minecraft:textures/atlas/blocks.png:flavor_immersed_daily:block/bo_cai_31
[108月2026 21:10:40.036] [Worker-ResourceReload-5/WARN] [net.minecraft.client.resources.model.ModelManager/]: Missing textures in model flavor_immersed_daily:gan_bian_si_ji_dou#blockstate=2,facing=east:
    minecraft:textures/atlas/blocks.png:flavor_immersed_daily:block/gan_bian_si_ji_dou_
[108月2026 21:10:40.036] [Worker-ResourceReload-5/WARN] [net.minecraft.client.resources.model.ModelManager/]: Missing textures in model flavor_immersed_daily:cauliflower_seed#blockstate=0,facing=south:
    minecraft:textures/atlas/blocks.png:flavor_immersed_daily:block/cai_hua_21
[108月2026 21:10:40.036] [Worker-ResourceReload-5/WARN] [net.minecraft.client.resources.model.ModelManager/]: Missing textures in model flavor_immersed_daily:cauliflower_seed#blockstate=2,facing=south:
    minecraft:textures/atlas/blocks.png:flavor_immersed_daily:block/cai_hua_21
[108月2026 21:10:40.036] [Worker-ResourceReload-5/WARN] [net.minecraft.client.resources.model.ModelManager/]: Missing textures in model minecolonies:blockhutbeekeeper#facing=south:
    minecraft:textures/atlas/blocks.png:minecraft:map/map_icons
[108月2026 21:10:40.036] [Worker-ResourceReload-5/WARN] [net.minecraft.client.resources.model.ModelManager/]: Missing textures in model flavor_immersed_daily:lilac_seed#blockstate=1,facing=south:
    minecraft:textures/atlas/blocks.png:flavor_immersed_daily:block/cai_hua_21
[108月2026 21:10:40.036] [Worker-ResourceReload-5/WARN] [net.minecraft.client.resources.model.ModelManager/]: Missing textures in model flavor_immersed_daily:scallion_seed#blockstate=4,facing=south:
    minecraft:textures/atlas/blocks.png:flavor_immersed_daily:block/cai_hua_21
[108月2026 21:10:40.445] [Render thread/INFO] [xaero.map.WorldMap/]: Registered player tracker system: map_synced
[108月2026 21:10:40.448] [Render thread/INFO] [xaero.map.WorldMap/]: Xaero's WorldMap Mod: Xaero's minimap found!
[108月2026 21:10:40.452] [Render thread/INFO] [xaero.map.WorldMap/]: Registered player tracker system: minimap_synced
[108月2026 21:10:40.452] [Render thread/INFO] [xaero.map.WorldMap/]: No Optifine!
[108月2026 21:10:40.452] [Render thread/INFO] [xaero.map.WorldMap/]: Xaero's World Map: No Vivecraft!
[108月2026 21:10:40.452] [Render thread/INFO] [xaero.map.WorldMap/]: Xaero's World Map: Iris found!
[108月2026 21:10:40.470] [Render thread/WARN] [net.neoforged.fml.DeferredWorkQueue/LOADING]: Mod 'xaeroworldmap' took 2.013 s to run a deferred task.
[108月2026 21:10:40.523] [Render thread/INFO] [KubeJS/]: Started the local web server at http://localhost:61423
[108月2026 21:10:40.664] [TLM Downloader 0/INFO] [touhou_little_maid/]: The download info file was successfully updated and loaded
[108月2026 21:10:40.743] [Render thread/INFO] [xaero.minimap.XaeroMinimap/]: Loading Xaero's Minimap - Stage 2/2
[108月2026 21:10:42.067] [Render thread/WARN] [xaero.hud.minimap.MinimapLogs/]: io exception while checking versions: Read timed out
[108月2026 21:10:42.068] [Render thread/INFO] [xaero.hud.minimap.MinimapLogs/]: Registered player tracker system: minimap_synced
[108月2026 21:10:42.068] [Render thread/INFO] [xaero.hud.minimap.MinimapLogs/]: Xaero's Minimap: World Map found!
[108月2026 21:10:42.068] [Render thread/INFO] [xaero.hud.minimap.MinimapLogs/]: No Optifine!
[108月2026 21:10:42.068] [Render thread/INFO] [xaero.hud.minimap.MinimapLogs/]: Xaero's Minimap: No Vivecraft!
[108月2026 21:10:42.068] [Render thread/INFO] [xaero.hud.minimap.MinimapLogs/]: Xaero's Minimap: Iris found!
[108月2026 21:10:42.068] [Render thread/WARN] [net.neoforged.fml.DeferredWorkQueue/LOADING]: Mod 'xaerominimap' took 1.324 s to run a deferred task.
[108月2026 21:10:42.077] [Render thread/INFO] [xaero.lib.XaeroLib/]: Loading XaeroLib common 2/2!
[108月2026 21:10:42.077] [Render thread/INFO] [xaero.lib.XaeroLib/]: Loading XaeroLib client 2/2!
[108月2026 21:10:42.145] [NeoForge Version Check/WARN] [net.neoforged.fml.VersionChecker/]: Failed to process update information
java.net.http.HttpConnectTimeoutException: HTTP connect timed out
	at java.net.http/jdk.internal.net.http.HttpClientImpl.send(HttpClientImpl.java:946) ~[java.net.http:?]
	at java.net.http/jdk.internal.net.http.HttpClientFacade.send(HttpClientFacade.java:133) ~[java.net.http:?]
	at MC-BOOTSTRAP/fml_loader@4.0.43/net.neoforged.fml.VersionChecker$1.openUrlString(VersionChecker.java:129) ~[loader-4.0.43.jar%23161!/:4.0]
	at MC-BOOTSTRAP/fml_loader@4.0.43/net.neoforged.fml.VersionChecker$1.process(VersionChecker.java:162) ~[loader-4.0.43.jar%23161!/:4.0]
	at java.base/java.lang.Iterable.forEach(Iterable.java:75) [?:?]
	at MC-BOOTSTRAP/fml_loader@4.0.43/net.neoforged.fml.VersionChecker$1.run(VersionChecker.java:105) [loader-4.0.43.jar%23161!/:4.0]
Caused by: java.net.http.HttpConnectTimeoutException: HTTP connect timed out
	at java.net.http/jdk.internal.net.http.ResponseTimerEvent.handle(ResponseTimerEvent.java:68) ~[java.net.http:?]
	at java.net.http/jdk.internal.net.http.HttpClientImpl.purgeTimeoutsAndReturnNextDeadline(HttpClientImpl.java:1781) ~[java.net.http:?]
	at java.net.http/jdk.internal.net.http.HttpClientImpl$SelectorManager.run(HttpClientImpl.java:1379) ~[java.net.http:?]
Caused by: java.net.ConnectException: HTTP connect timed out
	at java.net.http/jdk.internal.net.http.ResponseTimerEvent.handle(ResponseTimerEvent.java:69) ~[java.net.http:?]
	at java.net.http/jdk.internal.net.http.HttpClientImpl.purgeTimeoutsAndReturnNextDeadline(HttpClientImpl.java:1781) ~[java.net.http:?]
	at java.net.http/jdk.internal.net.http.HttpClientImpl$SelectorManager.run(HttpClientImpl.java:1379) ~[java.net.http:?]
[108月2026 21:10:42.146] [NeoForge Version Check/INFO] [net.neoforged.fml.VersionChecker/]: [searchables] Starting version check at https://updates.blamejared.com/get?n=searchables&gv=1.21.1&ml=neoforge
[108月2026 21:10:42.161] [Render thread/INFO] [Veil/]: Loaded 0 shader modifications
[108月2026 21:10:42.244] [Render thread/INFO] [Veil/]: Loaded 29 shaders from: pinwheel/shaders/program
[108月2026 21:10:42.388] [Worker-ResourceReload-4/INFO] [io.redspace.ironsspellbooks.IronsSpellbooks/]: Got IMC []
[108月2026 21:10:42.421] [Worker-ResourceReload-2/INFO] [AttributeFix/]: Changing maximum value for minecraft:generic.armor from 30.0 to 1000000.0.
[108月2026 21:10:42.421] [Worker-ResourceReload-1/WARN] [minecolonies/]: Register mappings
[108月2026 21:10:42.423] [Worker-ResourceReload-2/INFO] [AttributeFix/]: Changing maximum value for minecraft:generic.armor_toughness from 20.0 to 1000000.0.
[108月2026 21:10:42.424] [Worker-ResourceReload-2/INFO] [AttributeFix/]: Changing maximum value for minecraft:generic.attack_damage from 2048.0 to 1000000.0.
[108月2026 21:10:42.425] [Worker-ResourceReload-2/INFO] [AttributeFix/]: Changing maximum value for minecraft:generic.attack_knockback from 5.0 to 1000000.0.
[108月2026 21:10:42.435] [Worker-ResourceReload-5/INFO] [snownee.jade.Jade/]: Start loading plugin from de.theidler.create_mobile_packages.compat.jade.JadePlugin
[108月2026 21:10:42.437] [Worker-ResourceReload-2/INFO] [AttributeFix/]: Changing maximum value for minecraft:generic.max_health from 1024.0 to 1000000.0.
[108月2026 21:10:42.449] [Worker-ResourceReload-5/INFO] [snownee.jade.Jade/]: Start loading plugin from io.github.mortuusars.exposure.integration.jade.ExposureJadePlugin
[108月2026 21:10:42.451] [Worker-ResourceReload-5/INFO] [snownee.jade.Jade/]: Start loading plugin from com.github.tartaricacid.touhoulittlemaid.compat.jade.JadePlugin
[108月2026 21:10:42.453] [Worker-ResourceReload-5/INFO] [snownee.jade.Jade/]: Start loading plugin from com.elfmcys.yesstevemodel.O0oo0o0o0oOoo0O0O0OOoO0O
[108月2026 21:10:42.454] [Worker-ResourceReload-5/INFO] [snownee.jade.Jade/]: Start loading plugin from snownee.jade.addon.vanilla.VanillaPlugin
[108月2026 21:10:42.478] [Worker-ResourceReload-5/INFO] [snownee.jade.Jade/]: Start loading plugin from snownee.jade.addon.universal.UniversalPlugin
[108月2026 21:10:42.483] [Worker-ResourceReload-5/INFO] [snownee.jade.Jade/]: Start loading plugin from snownee.jade.addon.debug.DebugPlugin
[108月2026 21:10:42.485] [Worker-ResourceReload-5/INFO] [snownee.jade.Jade/]: Start loading plugin from snownee.jade.addon.core.CorePlugin
[108月2026 21:10:42.488] [Worker-ResourceReload-5/INFO] [snownee.jade.Jade/]: Start loading plugin from snownee.jade.addon.access.AccessibilityPlugin
[108月2026 21:10:42.493] [Worker-ResourceReload-5/INFO] [snownee.jade.Jade/]: Start loading plugin from steve_gall.minecolonies_compatibility.module.common.jade.JadePlugin
[108月2026 21:10:42.494] [Worker-ResourceReload-5/INFO] [snownee.jade.Jade/]: Start loading plugin from com.klikli_dev.occultism.integration.waila.OccultismPlugin
[108月2026 21:10:42.496] [Worker-ResourceReload-5/INFO] [snownee.jade.Jade/]: Start loading plugin from net.magicterra.winefoxsspellbooks.compat.jade.JadePlugin
[108月2026 21:10:42.496] [Worker-ResourceReload-6/INFO] [com.happysg.radar.CreateRadar/]: Registering Ponder!
[108月2026 21:10:42.533] [Worker-ResourceReload-6/INFO] [PonderIndex/]: Registering Ponder Scenes took 122.9 ms
[108月2026 21:10:42.540] [Worker-ResourceReload-6/INFO] [PonderIndex/]: Registering Ponder Tags took 6.765 ms
[108月2026 21:10:42.655] [Render thread/INFO] [Railways/]: Registering Railways network payloads...
[108月2026 21:10:42.656] [Render thread/INFO] [Railways/]: Railways network payloads registered successfully
[108月2026 21:10:42.816] [NeoForge Version Check/INFO] [net.neoforged.fml.VersionChecker/]: [searchables] Found status: BETA Current: 1.0.2 Target: 1.0.2
[108月2026 21:10:42.816] [NeoForge Version Check/INFO] [net.neoforged.fml.VersionChecker/]: [dynamic_fps] Starting version check at https://api.lostluma.net/updates/dynamic-fps?platform=neoforge
[108月2026 21:10:43.007] [Render thread/WARN] [net.minecraft.client.resources.language.ClientLanguage/]: Skipped language file: isometric-renders:lang/zh_cn.json (com.google.gson.JsonSyntaxException: Expected gui.isometric-renders.mesh_corrupt to be a string, was an object ({"te...d"}))
[108月2026 21:10:43.299] [Render thread/WARN] [net.minecraft.client.sounds.SoundEngine/]: Missing sound for event: minecraft:item.goat_horn.play
[108月2026 21:10:43.299] [Render thread/WARN] [net.minecraft.client.sounds.SoundEngine/]: Missing sound for event: minecraft:entity.goat.screaming.horn_break
[108月2026 21:10:43.299] [Render thread/WARN] [net.minecraft.client.sounds.SoundEngine/]: Missing sound for event: irons_spellbooks:entity.generic.swing_weird
[108月2026 21:10:43.299] [Render thread/WARN] [net.minecraft.client.sounds.SoundEngine/]: Missing sound for event: irons_spellbooks:entity.dead_king.music.drum_loop
[108月2026 21:10:43.301] [Render thread/WARN] [net.minecraft.client.sounds.SoundEngine/]: Missing sound for event: northstar:mars_cobra_death
[108月2026 21:10:43.342] [Render thread/INFO] [com.mojang.blaze3d.audio.Library/]: OpenAL initialized on device OpenAL Soft on 扬声器 (High Definition Audio Device)
[108月2026 21:10:43.342] [Render thread/INFO] [net.minecraft.client.sounds.SoundEngine/SOUNDS]: Sound engine started
[108月2026 21:10:43.344] [Render thread/INFO] [net.minecraft.client.sounds.SoundEngine/]: [FANCYMENU] Reloading AudioResourceHandler after Minecraft SoundEngine reload..
[108月2026 21:10:43.400] [Render thread/INFO] [net.minecraft.client.renderer.texture.TextureAtlas/]: Created: 4096x4096x4 minecraft:textures/atlas/blocks.png-atlas
[108月2026 21:10:43.430] [NeoForge Version Check/INFO] [net.neoforged.fml.VersionChecker/]: [dynamic_fps] Found status: UP_TO_DATE Current: 3.11.4 Target: null
[108月2026 21:10:43.430] [NeoForge Version Check/INFO] [net.neoforged.fml.VersionChecker/]: [copycats] Starting version check at https://raw.githubusercontent.com/copycats-plus/copycats/multiloader/update.json
[108月2026 21:10:43.461] [Render thread/INFO] [net.minecraft.client.renderer.texture.TextureAtlas/]: Created: 512x256x4 minecraft:textures/atlas/signs.png-atlas
[108月2026 21:10:43.463] [Render thread/INFO] [net.minecraft.client.renderer.texture.TextureAtlas/]: Created: 1024x512x4 minecraft:textures/atlas/banner_patterns.png-atlas
[108月2026 21:10:43.464] [Render thread/INFO] [net.minecraft.client.renderer.texture.TextureAtlas/]: Created: 2048x1024x4 minecraft:textures/atlas/shield_patterns.png-atlas
[108月2026 21:10:43.466] [Render thread/INFO] [net.minecraft.client.renderer.texture.TextureAtlas/]: Created: 2048x1024x4 minecraft:textures/atlas/armor_trims.png-atlas
[108月2026 21:10:43.472] [Render thread/INFO] [net.minecraft.client.renderer.texture.TextureAtlas/]: Created: 128x64x4 minecraft:textures/atlas/decorated_pot.png-atlas
[108月2026 21:10:43.472] [Render thread/INFO] [net.minecraft.client.renderer.texture.TextureAtlas/]: Created: 256x256x4 minecraft:textures/atlas/chest.png-atlas
[108月2026 21:10:43.474] [Render thread/INFO] [net.minecraft.client.renderer.texture.TextureAtlas/]: Created: 512x256x4 minecraft:textures/atlas/shulker_boxes.png-atlas
[108月2026 21:10:43.474] [Render thread/INFO] [net.minecraft.client.renderer.texture.TextureAtlas/]: Created: 512x256x4 minecraft:textures/atlas/beds.png-atlas
[108月2026 21:10:43.627] [Render thread/INFO] [net.minecraft.client.renderer.texture.TextureAtlas/]: Created: 2048x1024x0 minecraft:textures/atlas/particles.png-atlas
[108月2026 21:10:43.631] [Render thread/INFO] [net.minecraft.client.renderer.texture.TextureAtlas/]: Created: 512x256x0 minecraft:textures/atlas/paintings.png-atlas
[108月2026 21:10:43.632] [Render thread/INFO] [net.minecraft.client.renderer.texture.TextureAtlas/]: Created: 256x256x0 minecraft:textures/atlas/mob_effects.png-atlas
[108月2026 21:10:43.632] [Render thread/INFO] [net.minecraft.client.renderer.texture.TextureAtlas/]: Created: 64x64x0 minecraft:textures/atlas/map_decorations.png-atlas
[108月2026 21:10:43.633] [Render thread/INFO] [net.minecraft.client.renderer.texture.TextureAtlas/]: Created: 1024x1024x0 minecraft:textures/atlas/gui.png-atlas
[108月2026 21:10:43.667] [Render thread/WARN] [net.minecraft.client.renderer.ShaderInstance/]: Shader rendertype_entity_translucent_emissive could not find sampler named Sampler2 in the specified shader program.
[108月2026 21:10:43.978] [Render thread/INFO] [net.neoforged.neoforge.client.entity.animation.json.AnimationLoader/]: Loaded 0 entity animations
[108月2026 21:10:43.979] [Render thread/INFO] [Veil/]: Loaded 3 framebuffers
[108月2026 21:10:43.988] [Render thread/INFO] [Veil/]: Loaded 6 post pipelines
[108月2026 21:10:43.990] [Render thread/INFO] [Veil/]: Loaded 4 render types
[108月2026 21:10:43.992] [Render thread/INFO] [Veil/]: Enabled bloom pipeline
[108月2026 21:10:43.992] [Render thread/INFO] [Veil/]: Loaded 0 quasar particles
[108月2026 21:10:43.992] [Render thread/INFO] [Veil/]: Loaded 0 templates
[108月2026 21:10:43.992] [Render thread/INFO] [Veil/]: Loaded 0 modules
[108月2026 21:10:46.768] [Render thread/INFO] [touhou_little_maid/]: Model loading time: 2293.699 ms
[108月2026 21:10:46.768] [Render thread/INFO] [net.minecraft.client.renderer.texture.TextureAtlas/]: Created: 256x128x0 blockui:textures/atlas/blockui_gui.png-atlas
[108月2026 21:10:46.770] [Render thread/INFO] [patchouli/]: BookContentResourceListenerLoader preloaded 411 jsons
[108月2026 21:10:46.775] [Render thread/INFO] [net.minecraft.client.renderer.texture.TextureAtlas/]: Created: 256x256x0 jei:textures/atlas/gui.png-atlas
[108月2026 21:10:46.793] [Render thread/INFO] [xaero.lib.XaeroLib/]: Successfully reloaded the XaeroLib shaders!
[108月2026 21:10:46.794] [Render thread/INFO] [de.keksuccino.fancymenu.util.resource.ResourceHandlers/]: [FANCYMENU] Reloading resources..
[108月2026 21:10:46.795] [Render thread/INFO] [de.keksuccino.fancymenu.util.resource.preload.ResourcePreLoader/]: [FANCYMENU] Pre-loading resources..
[108月2026 21:10:46.809] [Render thread/INFO] [net.minecraft.client.renderer.texture.TextureAtlas/]: Created: 128x128x0 minecolonies:textures/atlas/minecolonies_gui.png-atlas
[108月2026 21:10:46.915] [Render thread/INFO] [flywheel/backend/shaders/]: Loaded 106 shader sources in 102.828 ms
[108月2026 21:10:47.021] [Render thread/INFO] [com.simibubi.create.Create/]: Loaded 59 train hat configurations.
[108月2026 21:10:47.021] [Render thread/INFO] [net.minecraft.client.renderer.texture.TextureAtlas/]: Created: 128x64x0 northstar:textures/atlas/planets.png-atlas
[108月2026 21:10:47.043] [Render thread/INFO] [de.keksuccino.fancymenu.util.resource.resources.audio.AudioEngineReloadHandler/]: [FANCYMENU] Sound engine reload detected. Releasing cached audio resources.
[108月2026 21:10:47.064] [Render thread/INFO] [de.keksuccino.fancymenu.customization.layer.ScreenCustomizationLayerHandler/]: [FANCYMENU] Minecraft resource reload: FINISHED
[108月2026 21:10:47.092] [Render thread/INFO] [de.keksuccino.fancymenu.customization.layer.ScreenCustomizationLayerHandler/]: [FANCYMENU] ScreenCustomizationLayer registered: title_screen
[108月2026 21:10:47.104] [Render thread/INFO] [Iris/]: Creating pipeline for dimension minecraft:overworld
[108月2026 21:10:47.421] [Thread-12/WARN] [io.github.mortuusars.exposure.Exposure/]: Cannot read file from 'https://raw.githubusercontent.com/mortuusars/resources/refs/heads/main/supporters/uuids/gilded.json': Connection timed out: connect
[108月2026 21:10:47.443] [Thread-13/WARN] [io.github.mortuusars.exposure.Exposure/]: Cannot read file from 'https://raw.githubusercontent.com/mortuusars/resources/refs/heads/main/supporters/patreon/uuids/copper.json': Connection timed out: connect
[108月2026 21:10:47.745] [Render thread/INFO] [ambientsounds/]: Loaded AmbientEngine 'basic' v3.2.5. 11 dimension(s), 11 features, 11 blockgroups, 2 sound collections, 38 regions, 60 sounds, 12 sound categories, 6 solids and 2 biome types
[108月2026 21:10:49.070] [Render thread/WARN] [ModernFix/]: Game took 46.913 seconds to start
[108月2026 21:10:49.366] [Render thread/INFO] [com.mojang.blaze3d.platform.GlDebug/]: OpenGL debug message: id=1281, source=API, type=ERROR, severity=HIGH, message='GL_INVALID_VALUE error generated. <length> cannot be larger than GL_MAX_DEBUG_MESSAGE_LENGTH'
[108月2026 21:10:49.367] [Render thread/INFO] [de.keksuccino.fancymenu.util.rendering.text.smooth.SmoothFontAtlas/]: [FANCYMENU] Smooth font atlas initialized: file='noto_sans_sc.ttf', source=4, size=36px, style=plain, sizePx=1024x1024.
[108月2026 21:10:58.430] [NeoForge Version Check/WARN] [net.neoforged.fml.VersionChecker/]: Failed to process update information
java.net.http.HttpConnectTimeoutException: HTTP connect timed out
	at java.net.http/jdk.internal.net.http.HttpClientImpl.send(HttpClientImpl.java:946) ~[java.net.http:?]
	at java.net.http/jdk.internal.net.http.HttpClientFacade.send(HttpClientFacade.java:133) ~[java.net.http:?]
	at MC-BOOTSTRAP/fml_loader@4.0.43/net.neoforged.fml.VersionChecker$1.openUrlString(VersionChecker.java:129) ~[loader-4.0.43.jar%23161!/:4.0]
	at MC-BOOTSTRAP/fml_loader@4.0.43/net.neoforged.fml.VersionChecker$1.process(VersionChecker.java:162) ~[loader-4.0.43.jar%23161!/:4.0]
	at java.base/java.lang.Iterable.forEach(Iterable.java:75) [?:?]
	at MC-BOOTSTRAP/fml_loader@4.0.43/net.neoforged.fml.VersionChecker$1.run(VersionChecker.java:105) [loader-4.0.43.jar%23161!/:4.0]
Caused by: java.net.http.HttpConnectTimeoutException: HTTP connect timed out
	at java.net.http/jdk.internal.net.http.ResponseTimerEvent.handle(ResponseTimerEvent.java:68) ~[java.net.http:?]
	at java.net.http/jdk.internal.net.http.HttpClientImpl.purgeTimeoutsAndReturnNextDeadline(HttpClientImpl.java:1781) ~[java.net.http:?]
	at java.net.http/jdk.internal.net.http.HttpClientImpl$SelectorManager.run(HttpClientImpl.java:1379) ~[java.net.http:?]
Caused by: java.net.ConnectException: HTTP connect timed out
	at java.net.http/jdk.internal.net.http.ResponseTimerEvent.handle(ResponseTimerEvent.java:69) ~[java.net.http:?]
	at java.net.http/jdk.internal.net.http.HttpClientImpl.purgeTimeoutsAndReturnNextDeadline(HttpClientImpl.java:1781) ~[java.net.http:?]
	at java.net.http/jdk.internal.net.http.HttpClientImpl$SelectorManager.run(HttpClientImpl.java:1379) ~[java.net.http:?]
[108月2026 21:10:58.430] [NeoForge Version Check/INFO] [net.neoforged.fml.VersionChecker/]: [attributefix] Starting version check at https://updates.blamejared.com/get?n=attributefix&gv=1.21.1&ml=neoforge
[108月2026 21:10:59.093] [NeoForge Version Check/INFO] [net.neoforged.fml.VersionChecker/]: [attributefix] Found status: BETA Current: 21.1.3 Target: 21.1.3
[108月2026 21:10:59.093] [NeoForge Version Check/INFO] [net.neoforged.fml.VersionChecker/]: [reap] Starting version check at https://update.maxhenkel.de/neoforge/reap
[108月2026 21:10:59.600] [NeoForge Version Check/INFO] [net.neoforged.fml.VersionChecker/]: [reap] Found status: BETA Current: 1.21.1-1.1.2 Target: 1.21.1-1.1.2
[108月2026 21:10:59.600] [NeoForge Version Check/INFO] [net.neoforged.fml.VersionChecker/]: [mr_lithosphere] Starting version check at https://api.modrinth.com/updates/iv9jp2k9/forge_updates.json?neoforge=only
[108月2026 21:11:00.412] [NeoForge Version Check/INFO] [net.neoforged.fml.VersionChecker/]: [mr_lithosphere] Found status: OUTDATED Current: 1.8.1 Target: 1.8.1+mod
[108月2026 21:11:00.412] [NeoForge Version Check/INFO] [net.neoforged.fml.VersionChecker/]: [simpletomb] Starting version check at https://raw.githubusercontent.com/Lothrazar/SimpleTomb/trunk/1.20/update.json
[108月2026 21:11:01.379] [ForkJoinPool.commonPool-worker-5/ERROR] [Railways/]: Failed to fetch dev cape data
java.net.ConnectException: null
	at java.net.http/jdk.internal.net.http.HttpClientImpl.send(HttpClientImpl.java:952) ~[java.net.http:?]
	at java.net.http/jdk.internal.net.http.HttpClientFacade.send(HttpClientFacade.java:133) ~[java.net.http:?]
	at TRANSFORMER/railways@0.3.0-beta.2+neoforge-mc1.21.1/com.railwayteam.railways.util.DevCapeUtils.lambda$refresh$0(DevCapeUtils.java:61) ~[?:?]
	at java.base/java.util.concurrent.CompletableFuture$AsyncRun.run(CompletableFuture.java:1804) [?:?]
	at java.base/java.util.concurrent.CompletableFuture$AsyncRun.exec(CompletableFuture.java:1796) [?:?]
	at java.base/java.util.concurrent.ForkJoinTask.doExec(ForkJoinTask.java:387) [?:?]
	at java.base/java.util.concurrent.ForkJoinPool$WorkQueue.topLevelExec(ForkJoinPool.java:1312) [?:?]
	at java.base/java.util.concurrent.ForkJoinPool.scan(ForkJoinPool.java:1843) [?:?]
	at java.base/java.util.concurrent.ForkJoinPool.runWorker(ForkJoinPool.java:1808) [?:?]
	at java.base/java.util.concurrent.ForkJoinWorkerThread.run(ForkJoinWorkerThread.java:188) [?:?]
Caused by: java.net.ConnectException
	at java.net.http/jdk.internal.net.http.common.Utils.toConnectException(Utils.java:1041) ~[java.net.http:?]
	at java.net.http/jdk.internal.net.http.PlainHttpConnection.connectAsync(PlainHttpConnection.java:227) ~[java.net.http:?]
	at java.net.http/jdk.internal.net.http.PlainHttpConnection.checkRetryConnect(PlainHttpConnection.java:280) ~[java.net.http:?]
	at java.net.http/jdk.internal.net.http.PlainHttpConnection.lambda$connectAsync$2(PlainHttpConnection.java:238) ~[java.net.http:?]
	at java.base/java.util.concurrent.CompletableFuture.uniHandle(CompletableFuture.java:934) ~[?:?]
	at java.base/java.util.concurrent.CompletableFuture$UniHandle.tryFire(CompletableFuture.java:911) ~[?:?]
	at java.base/java.util.concurrent.CompletableFuture.postComplete(CompletableFuture.java:510) ~[?:?]
	at java.base/java.util.concurrent.CompletableFuture$AsyncSupply.run(CompletableFuture.java:1773) ~[?:?]
	at java.base/java.util.concurrent.ThreadPoolExecutor.runWorker(ThreadPoolExecutor.java:1144) ~[?:?]
	at java.base/java.util.concurrent.ThreadPoolExecutor$Worker.run(ThreadPoolExecutor.java:642) ~[?:?]
	at java.base/java.lang.Thread.run(Thread.java:1583) ~[?:?]
Caused by: java.nio.channels.ClosedChannelException
	at java.base/sun.nio.ch.SocketChannelImpl.ensureOpen(SocketChannelImpl.java:202) ~[?:?]
	at java.base/sun.nio.ch.SocketChannelImpl.beginConnect(SocketChannelImpl.java:786) ~[?:?]
	at java.base/sun.nio.ch.SocketChannelImpl.connect(SocketChannelImpl.java:874) ~[?:?]
	at java.net.http/jdk.internal.net.http.PlainHttpConnection.lambda$connectAsync$1(PlainHttpConnection.java:210) ~[java.net.http:?]
	at java.base/java.security.AccessController.doPrivileged(AccessController.java:571) ~[?:?]
	at java.net.http/jdk.internal.net.http.PlainHttpConnection.connectAsync(PlainHttpConnection.java:212) ~[java.net.http:?]
	at java.net.http/jdk.internal.net.http.PlainHttpConnection.checkRetryConnect(PlainHttpConnection.java:280) ~[java.net.http:?]
	at java.net.http/jdk.internal.net.http.PlainHttpConnection.lambda$connectAsync$2(PlainHttpConnection.java:238) ~[java.net.http:?]
	at java.base/java.util.concurrent.CompletableFuture.uniHandle(CompletableFuture.java:934) ~[?:?]
	at java.base/java.util.concurrent.CompletableFuture$UniHandle.tryFire(CompletableFuture.java:911) ~[?:?]
	at java.base/java.util.concurrent.CompletableFuture.postComplete(CompletableFuture.java:510) ~[?:?]
	at java.base/java.util.concurrent.CompletableFuture$AsyncSupply.run(CompletableFuture.java:1773) ~[?:?]
	at java.base/java.util.concurrent.ThreadPoolExecutor.runWorker(ThreadPoolExecutor.java:1144) ~[?:?]
	at java.base/java.util.concurrent.ThreadPoolExecutor$Worker.run(ThreadPoolExecutor.java:642) ~[?:?]
	at java.base/java.lang.Thread.run(Thread.java:1583) ~[?:?]
[108月2026 21:11:15.413] [NeoForge Version Check/WARN] [net.neoforged.fml.VersionChecker/]: Failed to process update information
java.net.http.HttpConnectTimeoutException: HTTP connect timed out
	at java.net.http/jdk.internal.net.http.HttpClientImpl.send(HttpClientImpl.java:946) ~[java.net.http:?]
	at java.net.http/jdk.internal.net.http.HttpClientFacade.send(HttpClientFacade.java:133) ~[java.net.http:?]
	at MC-BOOTSTRAP/fml_loader@4.0.43/net.neoforged.fml.VersionChecker$1.openUrlString(VersionChecker.java:129) ~[loader-4.0.43.jar%23161!/:4.0]
	at MC-BOOTSTRAP/fml_loader@4.0.43/net.neoforged.fml.VersionChecker$1.process(VersionChecker.java:162) ~[loader-4.0.43.jar%23161!/:4.0]
	at java.base/java.lang.Iterable.forEach(Iterable.java:75) [?:?]
	at MC-BOOTSTRAP/fml_loader@4.0.43/net.neoforged.fml.VersionChecker$1.run(VersionChecker.java:105) [loader-4.0.43.jar%23161!/:4.0]
Caused by: java.net.http.HttpConnectTimeoutException: HTTP connect timed out
	at java.net.http/jdk.internal.net.http.ResponseTimerEvent.handle(ResponseTimerEvent.java:68) ~[java.net.http:?]
	at java.net.http/jdk.internal.net.http.HttpClientImpl.purgeTimeoutsAndReturnNextDeadline(HttpClientImpl.java:1781) ~[java.net.http:?]
	at java.net.http/jdk.internal.net.http.HttpClientImpl$SelectorManager.run(HttpClientImpl.java:1379) ~[java.net.http:?]
Caused by: java.net.ConnectException: HTTP connect timed out
	at java.net.http/jdk.internal.net.http.ResponseTimerEvent.handle(ResponseTimerEvent.java:69) ~[java.net.http:?]
	at java.net.http/jdk.internal.net.http.HttpClientImpl.purgeTimeoutsAndReturnNextDeadline(HttpClientImpl.java:1781) ~[java.net.http:?]
	at java.net.http/jdk.internal.net.http.HttpClientImpl$SelectorManager.run(HttpClientImpl.java:1379) ~[java.net.http:?]
[108月2026 21:11:15.413] [NeoForge Version Check/INFO] [net.neoforged.fml.VersionChecker/]: [puzzleslib] Starting version check at https://raw.githubusercontent.com/Fuzss/modresources/main/update/puzzleslib.json
[108月2026 21:11:30.412] [NeoForge Version Check/WARN] [net.neoforged.fml.VersionChecker/]: Failed to process update information
java.net.http.HttpConnectTimeoutException: HTTP connect timed out
	at java.net.http/jdk.internal.net.http.HttpClientImpl.send(HttpClientImpl.java:946) ~[java.net.http:?]
	at java.net.http/jdk.internal.net.http.HttpClientFacade.send(HttpClientFacade.java:133) ~[java.net.http:?]
	at MC-BOOTSTRAP/fml_loader@4.0.43/net.neoforged.fml.VersionChecker$1.openUrlString(VersionChecker.java:129) ~[loader-4.0.43.jar%23161!/:4.0]
	at MC-BOOTSTRAP/fml_loader@4.0.43/net.neoforged.fml.VersionChecker$1.process(VersionChecker.java:162) ~[loader-4.0.43.jar%23161!/:4.0]
	at java.base/java.lang.Iterable.forEach(Iterable.java:75) [?:?]
	at MC-BOOTSTRAP/fml_loader@4.0.43/net.neoforged.fml.VersionChecker$1.run(VersionChecker.java:105) [loader-4.0.43.jar%23161!/:4.0]
Caused by: java.net.http.HttpConnectTimeoutException: HTTP connect timed out
	at java.net.http/jdk.internal.net.http.ResponseTimerEvent.handle(ResponseTimerEvent.java:68) ~[java.net.http:?]
	at java.net.http/jdk.internal.net.http.HttpClientImpl.purgeTimeoutsAndReturnNextDeadline(HttpClientImpl.java:1781) ~[java.net.http:?]
	at java.net.http/jdk.internal.net.http.HttpClientImpl$SelectorManager.run(HttpClientImpl.java:1379) ~[java.net.http:?]
Caused by: java.net.ConnectException: HTTP connect timed out
	at java.net.http/jdk.internal.net.http.ResponseTimerEvent.handle(ResponseTimerEvent.java:69) ~[java.net.http:?]
	at java.net.http/jdk.internal.net.http.HttpClientImpl.purgeTimeoutsAndReturnNextDeadline(HttpClientImpl.java:1781) ~[java.net.http:?]
	at java.net.http/jdk.internal.net.http.HttpClientImpl$SelectorManager.run(HttpClientImpl.java:1379) ~[java.net.http:?]
[108月2026 21:11:30.412] [NeoForge Version Check/INFO] [net.neoforged.fml.VersionChecker/]: [create] Starting version check at https://api.modrinth.com/updates/create/forge_updates.json?neoforge=only
[108月2026 21:11:31.201] [NeoForge Version Check/INFO] [net.neoforged.fml.VersionChecker/]: [create] Found status: OUTDATED Current: 6.0.10 Target: 6.0.10+mc1.21.1
[108月2026 21:11:31.201] [NeoForge Version Check/INFO] [net.neoforged.fml.VersionChecker/]: [overflowingbars] Starting version check at https://raw.githubusercontent.com/Fuzss/modresources/main/update/overflowingbars.json
[108月2026 21:11:46.201] [NeoForge Version Check/WARN] [net.neoforged.fml.VersionChecker/]: Failed to process update information
java.net.http.HttpConnectTimeoutException: HTTP connect timed out
	at java.net.http/jdk.internal.net.http.HttpClientImpl.send(HttpClientImpl.java:946) ~[java.net.http:?]
	at java.net.http/jdk.internal.net.http.HttpClientFacade.send(HttpClientFacade.java:133) ~[java.net.http:?]
	at MC-BOOTSTRAP/fml_loader@4.0.43/net.neoforged.fml.VersionChecker$1.openUrlString(VersionChecker.java:129) ~[loader-4.0.43.jar%23161!/:4.0]
	at MC-BOOTSTRAP/fml_loader@4.0.43/net.neoforged.fml.VersionChecker$1.process(VersionChecker.java:162) ~[loader-4.0.43.jar%23161!/:4.0]
	at java.base/java.lang.Iterable.forEach(Iterable.java:75) [?:?]
	at MC-BOOTSTRAP/fml_loader@4.0.43/net.neoforged.fml.VersionChecker$1.run(VersionChecker.java:105) [loader-4.0.43.jar%23161!/:4.0]
Caused by: java.net.http.HttpConnectTimeoutException: HTTP connect timed out
	at java.net.http/jdk.internal.net.http.ResponseTimerEvent.handle(ResponseTimerEvent.java:68) ~[java.net.http:?]
	at java.net.http/jdk.internal.net.http.HttpClientImpl.purgeTimeoutsAndReturnNextDeadline(HttpClientImpl.java:1781) ~[java.net.http:?]
	at java.net.http/jdk.internal.net.http.HttpClientImpl$SelectorManager.run(HttpClientImpl.java:1379) ~[java.net.http:?]
Caused by: java.net.ConnectException: HTTP connect timed out
	at java.net.http/jdk.internal.net.http.ResponseTimerEvent.handle(ResponseTimerEvent.java:69) ~[java.net.http:?]
	at java.net.http/jdk.internal.net.http.HttpClientImpl.purgeTimeoutsAndReturnNextDeadline(HttpClientImpl.java:1781) ~[java.net.http:?]
	at java.net.http/jdk.internal.net.http.HttpClientImpl$SelectorManager.run(HttpClientImpl.java:1379) ~[java.net.http:?]
[108月2026 21:12:34.568] [Render thread/INFO] [de.keksuccino.fancymenu.customization.layer.ScreenCustomizationLayerHandler/]: [FANCYMENU] ScreenCustomizationLayer registered: select_world_screen
[108月2026 21:12:34.577] [Render thread/INFO] [de.keksuccino.fancymenu.customization.layer.ScreenCustomizationLayerHandler/]: [FANCYMENU] ScreenCustomizationLayer registered: generic_dirt_message_screen
[108月2026 21:12:34.596] [Render thread/WARN] [mixin/]: Static binding violation: PRIVATE @Overwrite method elementOrTag in modernfix-modernfix.mixins.json:perf.tag_id_caching.TagEntryMixin from mod modernfix cannot reduce visibiliy of PUBLIC target method, visibility will be upgraded.
[108月2026 21:12:34.656] [Render thread/INFO] [com.simibubi.create.Create/]: Created 209 recipes which will be injected into the game
[108月2026 21:12:34.659] [Render thread/INFO] [com.simibubi.create.Create/]: Created 6 tags which will be injected into the game
[108月2026 21:12:34.665] [Render thread/INFO] [plus.dragons.createdragonsplus.data.runtime.RuntimePackResources/]: Starting provider [plus.dragons.createdragonsplus.data.internal.CDPRuntimeRecipeProvider@7864c458] for runtime resource [create_dragons_plus:runtime]
[108月2026 21:12:34.679] [Render thread/INFO] [plus.dragons.createdragonsplus.data.runtime.RuntimePackResources/]: plus.dragons.createdragonsplus.data.internal.CDPRuntimeRecipeProvider@7864c458 finished after 13 ms
[108月2026 21:12:34.682] [Render thread/INFO] [plus.dragons.createdragonsplus.data.runtime.RuntimePackResources/]: Starting provider [plus.dragons.createcentralkitchen.data.CCKBlockTags@39496c7c] for runtime resource [create_central_kitchen:runtime]
[108月2026 21:12:34.686] [Render thread/INFO] [plus.dragons.createdragonsplus.data.runtime.RuntimePackResources/]: plus.dragons.createcentralkitchen.data.CCKBlockTags@39496c7c finished after 4 ms
[108月2026 21:12:34.686] [Render thread/INFO] [plus.dragons.createdragonsplus.data.runtime.RuntimePackResources/]: Starting provider [plus.dragons.createcentralkitchen.data.CCKItemTags@19e26c18] for runtime resource [create_central_kitchen:runtime]
[108月2026 21:12:34.687] [Render thread/INFO] [plus.dragons.createdragonsplus.data.runtime.RuntimePackResources/]: plus.dragons.createcentralkitchen.data.CCKItemTags@19e26c18 finished after 0 ms
[108月2026 21:12:34.712] [Render thread/INFO] [net.minecraft.server.MinecraftServer/]: Found new data pack railways:phantom_track_override, loading it automatically
[108月2026 21:12:34.712] [Render thread/INFO] [net.minecraft.server.MinecraftServer/]: Found new data pack create:dynamic_data, loading it automatically
[108月2026 21:12:34.712] [Render thread/INFO] [net.minecraft.server.MinecraftServer/]: Found new data pack create_dragons_plus:runtime, loading it automatically
[108月2026 21:12:34.712] [Render thread/INFO] [net.minecraft.server.MinecraftServer/]: Found new data pack create_central_kitchen:runtime, loading it automatically
[108月2026 21:12:34.725] [Render thread/INFO] [KubeJS Server/]: server_scripts:main.js#2: Hello, World! (Loaded server example script)
[108月2026 21:12:34.725] [Render thread/INFO] [KubeJS Server/]: Loaded script server_scripts:main.js in 0.0 s
[108月2026 21:12:34.732] [Render thread/INFO] [KubeJS Server/]: Loaded 1/1 KubeJS server scripts in 0.014 s with 0 errors and 0 warnings
[108月2026 21:12:35.149] [Worker-ResourceReload-6/ERROR] [net.minecraft.world.level.storage.loot.LootDataType/]: Couldn't parse element ResourceKey[minecraft:root / minecraft:loot_table]:railways:blocks/track_tfc_acacia - Unknown registry key in ResourceKey[minecraft:root / minecraft:item]: railways:track_tfc_acacia
[108月2026 21:12:35.156] [Worker-ResourceReload-6/ERROR] [net.minecraft.world.level.storage.loot.LootDataType/]: Couldn't parse element ResourceKey[minecraft:root / minecraft:loot_table]:railways:blocks/track_byg_rainbow_eucalyptus_wide - Unknown registry key in ResourceKey[minecraft:root / minecraft:item]: railways:track_byg_rainbow_eucalyptus_wide
[108月2026 21:12:35.157] [Worker-ResourceReload-6/ERROR] [net.minecraft.world.level.storage.loot.LootDataType/]: Couldn't parse element ResourceKey[minecraft:root / minecraft:loot_table]:railways:blocks/track_twilightforest_darkwood - Unknown registry key in ResourceKey[minecraft:root / minecraft:item]: railways:track_twilightforest_darkwood
[108月2026 21:12:35.157] [Worker-ResourceReload-6/ERROR] [net.minecraft.world.level.storage.loot.LootDataType/]: Couldn't parse element ResourceKey[minecraft:root / minecraft:loot_table]:railways:blocks/track_blue_skies_starlit - Unknown registry key in ResourceKey[minecraft:root / minecraft:item]: railways:track_blue_skies_starlit
[108月2026 21:12:35.157] [Worker-ResourceReload-6/ERROR] [net.minecraft.world.level.storage.loot.LootDataType/]: Couldn't parse element ResourceKey[minecraft:root / minecraft:loot_table]:railways:blocks/track_byg_embur - Unknown registry key in ResourceKey[minecraft:root / minecraft:item]: railways:track_byg_embur
[108月2026 21:12:35.158] [Worker-ResourceReload-6/ERROR] [net.minecraft.world.level.storage.loot.LootDataType/]: Couldn't parse element ResourceKey[minecraft:root / minecraft:loot_table]:railways:blocks/track_quark_ancient_wide - Unknown registry key in ResourceKey[minecraft:root / minecraft:item]: railways:track_quark_ancient_wide
[108月2026 21:12:35.158] [Worker-ResourceReload-6/ERROR] [net.minecraft.world.level.storage.loot.LootDataType/]: Couldn't parse element ResourceKey[minecraft:root / minecraft:loot_table]:railways:blocks/track_byg_nightshade_narrow - Unknown registry key in ResourceKey[minecraft:root / minecraft:item]: railways:track_byg_nightshade_narrow
[108月2026 21:12:35.159] [Worker-ResourceReload-6/ERROR] [net.minecraft.world.level.storage.loot.LootDataType/]: Couldn't parse element ResourceKey[minecraft:root / minecraft:loot_table]:create_connected:blocks/dye_depot_amber_fan_dyeing_catalyst - Unknown registry key in ResourceKey[minecraft:root / minecraft:item]: create_connected:dye_depot_amber_fan_dyeing_catalyst
[108月2026 21:12:35.159] [Worker-ResourceReload-6/ERROR] [net.minecraft.world.level.storage.loot.LootDataType/]: Couldn't parse element ResourceKey[minecraft:root / minecraft:loot_table]:railways:blocks/track_byg_white_mangrove_narrow - Unknown registry key in ResourceKey[minecraft:root / minecraft:item]: railways:track_byg_white_mangrove_narrow
[108月2026 21:12:35.160] [Worker-ResourceReload-6/ERROR] [net.minecraft.world.level.storage.loot.LootDataType/]: Couldn't parse element ResourceKey[minecraft:root / minecraft:loot_table]:railways:blocks/track_byg_green_enchanted_narrow - Unknown registry key in ResourceKey[minecraft:root / minecraft:item]: railways:track_byg_green_enchanted_narrow
[108月2026 21:12:35.160] [Worker-ResourceReload-6/ERROR] [net.minecraft.world.level.storage.loot.LootDataType/]: Couldn't parse element ResourceKey[minecraft:root / minecraft:loot_table]:railways:blocks/track_quark_ancient_narrow - Unknown registry key in ResourceKey[minecraft:root / minecraft:item]: railways:track_quark_ancient_narrow
[108月2026 21:12:35.160] [Worker-ResourceReload-6/ERROR] [net.minecraft.world.level.storage.loot.LootDataType/]: Couldn't parse element ResourceKey[minecraft:root / minecraft:loot_table]:railways:blocks/track_quark_azalea_narrow - Unknown registry key in ResourceKey[minecraft:root / minecraft:item]: railways:track_quark_azalea_narrow
[108月2026 21:12:35.161] [Worker-ResourceReload-6/ERROR] [net.minecraft.world.level.storage.loot.LootDataType/]: Couldn't parse element ResourceKey[minecraft:root / minecraft:loot_table]:railways:blocks/track_tfc_chestnut - Unknown registry key in ResourceKey[minecraft:root / minecraft:item]: railways:track_tfc_chestnut
[108月2026 21:12:35.161] [Worker-ResourceReload-6/ERROR] [net.minecraft.world.level.storage.loot.LootDataType/]: Couldn't parse element ResourceKey[minecraft:root / minecraft:loot_table]:railways:blocks/track_blue_skies_frostbright - Unknown registry key in ResourceKey[minecraft:root / minecraft:item]: railways:track_blue_skies_frostbright
[108月2026 21:12:35.162] [Worker-ResourceReload-6/ERROR] [net.minecraft.world.level.storage.loot.LootDataType/]: Couldn't parse element ResourceKey[minecraft:root / minecraft:loot_table]:railways:blocks/track_byg_jacaranda_wide - Unknown registry key in ResourceKey[minecraft:root / minecraft:item]: railways:track_byg_jacaranda_wide
[108月2026 21:12:35.162] [Worker-ResourceReload-6/ERROR] [net.minecraft.world.level.storage.loot.LootDataType/]: Couldn't parse element ResourceKey[minecraft:root / minecraft:loot_table]:railways:blocks/track_biomesoplenty_jacaranda_wide - Unknown registry key in ResourceKey[minecraft:root / minecraft:item]: railways:track_biomesoplenty_jacaranda_wide
[108月2026 21:12:35.163] [Worker-ResourceReload-6/ERROR] [net.minecraft.world.level.storage.loot.LootDataType/]: Couldn't parse element ResourceKey[minecraft:root / minecraft:loot_table]:railways:blocks/track_natures_spirit_palo_verde_narrow - Unknown registry key in ResourceKey[minecraft:root / minecraft:item]: railways:track_natures_spirit_palo_verde_narrow
[108月2026 21:12:35.163] [Worker-ResourceReload-6/ERROR] [net.minecraft.world.level.storage.loot.LootDataType/]: Couldn't parse element ResourceKey[minecraft:root / minecraft:loot_table]:railways:blocks/track_tfc_sycamore_wide - Unknown registry key in ResourceKey[minecraft:root / minecraft:item]: railways:track_tfc_sycamore_wide
[108月2026 21:12:35.164] [Worker-ResourceReload-6/ERROR] [net.minecraft.world.level.storage.loot.LootDataType/]: Couldn't parse element ResourceKey[minecraft:root / minecraft:loot_table]:railways:blocks/track_tfc_hickory_narrow - Unknown registry key in ResourceKey[minecraft:root / minecraft:item]: railways:track_tfc_hickory_narrow
[108月2026 21:12:35.165] [Worker-ResourceReload-6/ERROR] [net.minecraft.world.level.storage.loot.LootDataType/]: Couldn't parse element ResourceKey[minecraft:root / minecraft:loot_table]:railways:blocks/track_byg_white_mangrove_wide - Unknown registry key in ResourceKey[minecraft:root / minecraft:item]: railways:track_byg_white_mangrove_wide
[108月2026 21:12:35.165] [Worker-ResourceReload-6/ERROR] [net.minecraft.world.level.storage.loot.LootDataType/]: Couldn't parse element ResourceKey[minecraft:root / minecraft:loot_table]:railways:blocks/track_natures_spirit_joshua_narrow - Unknown registry key in ResourceKey[minecraft:root / minecraft:item]: railways:track_natures_spirit_joshua_narrow
[108月2026 21:12:35.167] [Worker-ResourceReload-6/ERROR] [net.minecraft.world.level.storage.loot.LootDataType/]: Couldn't parse element ResourceKey[minecraft:root / minecraft:loot_table]:railways:blocks/track_byg_rainbow_eucalyptus_narrow - Unknown registry key in ResourceKey[minecraft:root / minecraft:item]: railways:track_byg_rainbow_eucalyptus_narrow
[108月2026 21:12:35.167] [Worker-ResourceReload-6/ERROR] [net.minecraft.world.level.storage.loot.LootDataType/]: Couldn't parse element ResourceKey[minecraft:root / minecraft:loot_table]:railways:blocks/track_blue_skies_lunar_wide - Unknown registry key in ResourceKey[minecraft:root / minecraft:item]: railways:track_blue_skies_lunar_wide
[108月2026 21:12:35.167] [Worker-ResourceReload-6/ERROR] [net.minecraft.world.level.storage.loot.LootDataType/]: Couldn't parse element ResourceKey[minecraft:root / minecraft:loot_table]:railways:blocks/track_blue_skies_maple - Unknown registry key in ResourceKey[minecraft:root / minecraft:item]: railways:track_blue_skies_maple
[108月2026 21:12:35.168] [Worker-ResourceReload-6/ERROR] [net.minecraft.world.level.storage.loot.LootDataType/]: Couldn't parse element ResourceKey[minecraft:root / minecraft:loot_table]:railways:blocks/track_tfc_oak - Unknown registry key in ResourceKey[minecraft:root / minecraft:item]: railways:track_tfc_oak
[108月2026 21:12:35.168] [Worker-ResourceReload-6/ERROR] [net.minecraft.world.level.storage.loot.LootDataType/]: Couldn't parse element ResourceKey[minecraft:root / minecraft:loot_table]:railways:blocks/track_twilightforest_transwood_wide - Unknown registry key in ResourceKey[minecraft:root / minecraft:item]: railways:track_twilightforest_transwood_wide
[108月2026 21:12:35.168] [Worker-ResourceReload-6/ERROR] [net.minecraft.world.level.storage.loot.LootDataType/]: Couldn't parse element ResourceKey[minecraft:root / minecraft:loot_table]:railways:blocks/track_create_dd_smoked - Unknown registry key in ResourceKey[minecraft:root / minecraft:item]: railways:track_create_dd_smoked
[108月2026 21:12:35.169] [Worker-ResourceReload-6/ERROR] [net.minecraft.world.level.storage.loot.LootDataType/]: Couldn't parse element ResourceKey[minecraft:root / minecraft:loot_table]:railways:blocks/track_hexcasting_edified_narrow - Unknown registry key in ResourceKey[minecraft:root / minecraft:item]: railways:track_hexcasting_edified_narrow
[108月2026 21:12:35.169] [Worker-ResourceReload-6/ERROR] [net.minecraft.world.level.storage.loot.LootDataType/]: Couldn't parse element ResourceKey[minecraft:root / minecraft:loot_table]:railways:blocks/track_tfc_blackwood_wide - Unknown registry key in ResourceKey[minecraft:root / minecraft:item]: railways:track_tfc_blackwood_wide
[108月2026 21:12:35.171] [Worker-ResourceReload-6/ERROR] [net.minecraft.world.level.storage.loot.LootDataType/]: Couldn't parse element ResourceKey[minecraft:root / minecraft:loot_table]:railways:blocks/track_byg_maple_narrow - Unknown registry key in ResourceKey[minecraft:root / minecraft:item]: railways:track_byg_maple_narrow
[108月2026 21:12:35.173] [Worker-ResourceReload-6/ERROR] [net.minecraft.world.level.storage.loot.LootDataType/]: Couldn't parse element ResourceKey[minecraft:root / minecraft:loot_table]:railways:blocks/track_biomesoplenty_palm - Unknown registry key in ResourceKey[minecraft:root / minecraft:item]: railways:track_biomesoplenty_palm
[108月2026 21:12:35.173] [Worker-ResourceReload-6/ERROR] [net.minecraft.world.level.storage.loot.LootDataType/]: Couldn't parse element ResourceKey[minecraft:root / minecraft:loot_table]:railways:blocks/track_byg_embur_wide - Unknown registry key in ResourceKey[minecraft:root / minecraft:item]: railways:track_byg_embur_wide
[108月2026 21:12:35.173] [Worker-ResourceReload-6/ERROR] [net.minecraft.world.level.storage.loot.LootDataType/]: Couldn't parse element ResourceKey[minecraft:root / minecraft:loot_table]:railways:blocks/track_tfc_white_cedar - Unknown registry key in ResourceKey[minecraft:root / minecraft:item]: railways:track_tfc_white_cedar
[108月2026 21:12:35.174] [Worker-ResourceReload-6/ERROR] [net.minecraft.world.level.storage.loot.LootDataType/]: Couldn't parse element ResourceKey[minecraft:root / minecraft:loot_table]:railways:blocks/track_tfc_sycamore - Unknown registry key in ResourceKey[minecraft:root / minecraft:item]: railways:track_tfc_sycamore
[108月2026 21:12:35.174] [Worker-ResourceReload-6/ERROR] [net.minecraft.world.level.storage.loot.LootDataType/]: Couldn't parse element ResourceKey[minecraft:root / minecraft:loot_table]:create_connected:blocks/dye_depot_coral_fan_dyeing_catalyst - Unknown registry key in ResourceKey[minecraft:root / minecraft:item]: create_connected:dye_depot_coral_fan_dyeing_catalyst
[108月2026 21:12:35.174] [Worker-ResourceReload-6/ERROR] [net.minecraft.world.level.storage.loot.LootDataType/]: Couldn't parse element ResourceKey[minecraft:root / minecraft:loot_table]:railways:blocks/track_twilightforest_timewood - Unknown registry key in ResourceKey[minecraft:root / minecraft:item]: railways:track_twilightforest_timewood
[108月2026 21:12:35.175] [Worker-ResourceReload-6/ERROR] [net.minecraft.world.level.storage.loot.LootDataType/]: Couldn't parse element ResourceKey[minecraft:root / minecraft:loot_table]:railways:blocks/track_natures_spirit_cypress_wide - Unknown registry key in ResourceKey[minecraft:root / minecraft:item]: railways:track_natures_spirit_cypress_wide
[108月2026 21:12:35.175] [Worker-ResourceReload-6/ERROR] [net.minecraft.world.level.storage.loot.LootDataType/]: Couldn't parse element ResourceKey[minecraft:root / minecraft:loot_table]:railways:blocks/track_blue_skies_dusk_narrow - Unknown registry key in ResourceKey[minecraft:root / minecraft:item]: railways:track_blue_skies_dusk_narrow
[108月2026 21:12:35.175] [Worker-ResourceReload-6/ERROR] [net.minecraft.world.level.storage.loot.LootDataType/]: Couldn't parse element ResourceKey[minecraft:root / minecraft:loot_table]:railways:blocks/track_tfc_birch_wide - Unknown registry key in ResourceKey[minecraft:root / minecraft:item]: railways:track_tfc_birch_wide
[108月2026 21:12:35.176] [Worker-ResourceReload-6/ERROR] [net.minecraft.world.level.storage.loot.LootDataType/]: Couldn't parse element ResourceKey[minecraft:root / minecraft:loot_table]:railways:blocks/track_byg_sythian_narrow - Unknown registry key in ResourceKey[minecraft:root / minecraft:item]: railways:track_byg_sythian_narrow
[108月2026 21:12:35.176] [Worker-ResourceReload-6/ERROR] [net.minecraft.world.level.storage.loot.LootDataType/]: Couldn't parse element ResourceKey[minecraft:root / minecraft:loot_table]:railways:blocks/track_byg_redwood_wide - Unknown registry key in ResourceKey[minecraft:root / minecraft:item]: railways:track_byg_redwood_wide
[108月2026 21:12:35.178] [Worker-ResourceReload-6/ERROR] [net.minecraft.world.level.storage.loot.LootDataType/]: Couldn't parse element ResourceKey[minecraft:root / minecraft:loot_table]:railways:blocks/track_byg_fir_narrow - Unknown registry key in ResourceKey[minecraft:root / minecraft:item]: railways:track_byg_fir_narrow
[108月2026 21:12:35.180] [Worker-ResourceReload-6/ERROR] [net.minecraft.world.level.storage.loot.LootDataType/]: Couldn't parse element ResourceKey[minecraft:root / minecraft:loot_table]:create_connected:blocks/dye_depot_forest_fan_dyeing_catalyst - Unknown registry key in ResourceKey[minecraft:root / minecraft:item]: create_connected:dye_depot_forest_fan_dyeing_catalyst
[108月2026 21:12:35.180] [Worker-ResourceReload-6/ERROR] [net.minecraft.world.level.storage.loot.LootDataType/]: Couldn't parse element ResourceKey[minecraft:root / minecraft:loot_table]:railways:blocks/track_tfc_aspen_wide - Unknown registry key in ResourceKey[minecraft:root / minecraft:item]: railways:track_tfc_aspen_wide
[108月2026 21:12:35.180] [Worker-ResourceReload-6/ERROR] [net.minecraft.world.level.storage.loot.LootDataType/]: Couldn't parse element ResourceKey[minecraft:root / minecraft:loot_table]:railways:blocks/track_natures_spirit_sugi - Unknown registry key in ResourceKey[minecraft:root / minecraft:item]: railways:track_natures_spirit_sugi
[108月2026 21:12:35.180] [Worker-ResourceReload-6/ERROR] [net.minecraft.world.level.storage.loot.LootDataType/]: Couldn't parse element ResourceKey[minecraft:root / minecraft:loot_table]:railways:blocks/track_twilightforest_transwood_narrow - Unknown registry key in ResourceKey[minecraft:root / minecraft:item]: railways:track_twilightforest_transwood_narrow
[108月2026 21:12:35.180] [Worker-ResourceReload-6/ERROR] [net.minecraft.world.level.storage.loot.LootDataType/]: Couldn't parse element ResourceKey[minecraft:root / minecraft:loot_table]:railways:blocks/track_blue_skies_maple_narrow - Unknown registry key in ResourceKey[minecraft:root / minecraft:item]: railways:track_blue_skies_maple_narrow
[108月2026 21:12:35.181] [Worker-ResourceReload-6/ERROR] [net.minecraft.world.level.storage.loot.LootDataType/]: Couldn't parse element ResourceKey[minecraft:root / minecraft:loot_table]:railways:blocks/track_byg_willow_wide - Unknown registry key in ResourceKey[minecraft:root / minecraft:item]: railways:track_byg_willow_wide
[108月2026 21:12:35.181] [Worker-ResourceReload-6/ERROR] [net.minecraft.world.level.storage.loot.LootDataType/]: Couldn't parse element ResourceKey[minecraft:root / minecraft:loot_table]:railways:blocks/track_tfc_oak_narrow - Unknown registry key in ResourceKey[minecraft:root / minecraft:item]: railways:track_tfc_oak_narrow
[108月2026 21:12:35.182] [Worker-ResourceReload-6/ERROR] [net.minecraft.world.level.storage.loot.LootDataType/]: Couldn't parse element ResourceKey[minecraft:root / minecraft:loot_table]:railways:blocks/track_create_dd_spirit - Unknown registry key in ResourceKey[minecraft:root / minecraft:item]: railways:track_create_dd_spirit
[108月2026 21:12:35.183] [Worker-ResourceReload-6/ERROR] [net.minecraft.world.level.storage.loot.LootDataType/]: Couldn't parse element ResourceKey[minecraft:root / minecraft:loot_table]:railways:blocks/track_tfc_maple - Unknown registry key in ResourceKey[minecraft:root / minecraft:item]: railways:track_tfc_maple
[108月2026 21:12:35.185] [Worker-ResourceReload-6/ERROR] [net.minecraft.world.level.storage.loot.LootDataType/]: Couldn't parse element ResourceKey[minecraft:root / minecraft:loot_table]:railways:blocks/track_byg_zelkova_narrow - Unknown registry key in ResourceKey[minecraft:root / minecraft:item]: railways:track_byg_zelkova_narrow
[108月2026 21:12:35.185] [Worker-ResourceReload-6/ERROR] [net.minecraft.world.level.storage.loot.LootDataType/]: Couldn't parse element ResourceKey[minecraft:root / minecraft:loot_table]:railways:blocks/track_byg_pine - Unknown registry key in ResourceKey[minecraft:root / minecraft:item]: railways:track_byg_pine
[108月2026 21:12:35.186] [Worker-ResourceReload-6/ERROR] [net.minecraft.world.level.storage.loot.LootDataType/]: Couldn't parse element ResourceKey[minecraft:root / minecraft:loot_table]:railways:blocks/track_byg_cika_wide - Unknown registry key in ResourceKey[minecraft:root / minecraft:item]: railways:track_byg_cika_wide
[108月2026 21:12:35.186] [Worker-ResourceReload-6/ERROR] [net.minecraft.world.level.storage.loot.LootDataType/]: Couldn't parse element ResourceKey[minecraft:root / minecraft:loot_table]:railways:blocks/track_natures_spirit_olive_narrow - Unknown registry key in ResourceKey[minecraft:root / minecraft:item]: railways:track_natures_spirit_olive_narrow
[108月2026 21:12:35.187] [Worker-ResourceReload-6/ERROR] [net.minecraft.world.level.storage.loot.LootDataType/]: Couldn't parse element ResourceKey[minecraft:root / minecraft:loot_table]:railways:blocks/track_byg_holly_narrow - Unknown registry key in ResourceKey[minecraft:root / minecraft:item]: railways:track_byg_holly_narrow
[108月2026 21:12:35.188] [Worker-ResourceReload-6/ERROR] [net.minecraft.world.level.storage.loot.LootDataType/]: Couldn't parse element ResourceKey[minecraft:root / minecraft:loot_table]:railways:blocks/track_biomesoplenty_magic_narrow - Unknown registry key in ResourceKey[minecraft:root / minecraft:item]: railways:track_biomesoplenty_magic_narrow
[108月2026 21:12:35.188] [Worker-ResourceReload-6/ERROR] [net.minecraft.world.level.storage.loot.LootDataType/]: Couldn't parse element ResourceKey[minecraft:root / minecraft:loot_table]:railways:blocks/track_tfc_ash_narrow - Unknown registry key in ResourceKey[minecraft:root / minecraft:item]: railways:track_tfc_ash_narrow
[108月2026 21:12:35.188] [Worker-ResourceReload-6/ERROR] [net.minecraft.world.level.storage.loot.LootDataType/]: Couldn't parse element ResourceKey[minecraft:root / minecraft:loot_table]:railways:blocks/track_biomesoplenty_hellbark_wide - Unknown registry key in ResourceKey[minecraft:root / minecraft:item]: railways:track_biomesoplenty_hellbark_wide
[108月2026 21:12:35.189] [Worker-ResourceReload-6/ERROR] [net.minecraft.world.level.storage.loot.LootDataType/]: Couldn't parse element ResourceKey[minecraft:root / minecraft:loot_table]:railways:blocks/track_byg_skyris - Unknown registry key in ResourceKey[minecraft:root / minecraft:item]: railways:track_byg_skyris
[108月2026 21:12:35.189] [Worker-ResourceReload-6/ERROR] [net.minecraft.world.level.storage.loot.LootDataType/]: Couldn't parse element ResourceKey[minecraft:root / minecraft:loot_table]:railways:blocks/track_tfc_birch_narrow - Unknown registry key in ResourceKey[minecraft:root / minecraft:item]: railways:track_tfc_birch_narrow
[108月2026 21:12:35.189] [Worker-ResourceReload-6/ERROR] [net.minecraft.world.level.storage.loot.LootDataType/]: Couldn't parse element ResourceKey[minecraft:root / minecraft:loot_table]:railways:blocks/track_tfc_mangrove_narrow - Unknown registry key in ResourceKey[minecraft:root / minecraft:item]: railways:track_tfc_mangrove_narrow
[108月2026 21:12:35.189] [Worker-ResourceReload-6/ERROR] [net.minecraft.world.level.storage.loot.LootDataType/]: Couldn't parse element ResourceKey[minecraft:root / minecraft:loot_table]:railways:blocks/track_natures_spirit_willow - Unknown registry key in ResourceKey[minecraft:root / minecraft:item]: railways:track_natures_spirit_willow
[108月2026 21:12:35.189] [Worker-ResourceReload-6/ERROR] [net.minecraft.world.level.storage.loot.LootDataType/]: Couldn't parse element ResourceKey[minecraft:root / minecraft:loot_table]:railways:blocks/track_twilightforest_twilight_oak_wide - Unknown registry key in ResourceKey[minecraft:root / minecraft:item]: railways:track_twilightforest_twilight_oak_wide
[108月2026 21:12:35.189] [Worker-ResourceReload-6/ERROR] [net.minecraft.world.level.storage.loot.LootDataType/]: Couldn't parse element ResourceKey[minecraft:root / minecraft:loot_table]:railways:blocks/track_byg_sythian_wide - Unknown registry key in ResourceKey[minecraft:root / minecraft:item]: railways:track_byg_sythian_wide
[108月2026 21:12:35.190] [Worker-ResourceReload-6/ERROR] [net.minecraft.world.level.storage.loot.LootDataType/]: Couldn't parse element ResourceKey[minecraft:root / minecraft:loot_table]:railways:blocks/track_byg_palm_narrow - Unknown registry key in ResourceKey[minecraft:root / minecraft:item]: railways:track_byg_palm_narrow
[108月2026 21:12:35.191] [Worker-ResourceReload-6/ERROR] [net.minecraft.world.level.storage.loot.LootDataType/]: Couldn't parse element ResourceKey[minecraft:root / minecraft:loot_table]:create_integrated_farming:blocks/goose_roost_greylag - Unknown registry key in ResourceKey[minecraft:root / minecraft:item]: create_integrated_farming:goose_roost_greylag
[108月2026 21:12:35.191] [Worker-ResourceReload-6/ERROR] [net.minecraft.world.level.storage.loot.LootDataType/]: Couldn't parse element ResourceKey[minecraft:root / minecraft:loot_table]:railways:blocks/track_twilightforest_minewood_narrow - Unknown registry key in ResourceKey[minecraft:root / minecraft:item]: railways:track_twilightforest_minewood_narrow
[108月2026 21:12:35.193] [Worker-ResourceReload-6/ERROR] [net.minecraft.world.level.storage.loot.LootDataType/]: Couldn't parse element ResourceKey[minecraft:root / minecraft:loot_table]:railways:blocks/track_biomesoplenty_fir_narrow - Unknown registry key in ResourceKey[minecraft:root / minecraft:item]: railways:track_biomesoplenty_fir_narrow
[108月2026 21:12:35.193] [Worker-ResourceReload-6/ERROR] [net.minecraft.world.level.storage.loot.LootDataType/]: Couldn't parse element ResourceKey[minecraft:root / minecraft:loot_table]:railways:blocks/track_tfc_acacia_wide - Unknown registry key in ResourceKey[minecraft:root / minecraft:item]: railways:track_tfc_acacia_wide
[108月2026 21:12:35.193] [Worker-ResourceReload-6/ERROR] [net.minecraft.world.level.storage.loot.LootDataType/]: Couldn't parse element ResourceKey[minecraft:root / minecraft:loot_table]:railways:blocks/track_byg_ether_narrow - Unknown registry key in ResourceKey[minecraft:root / minecraft:item]: railways:track_byg_ether_narrow
[108月2026 21:12:35.193] [Worker-ResourceReload-6/ERROR] [net.minecraft.world.level.storage.loot.LootDataType/]: Couldn't parse element ResourceKey[minecraft:root / minecraft:loot_table]:railways:blocks/track_natures_spirit_wisteria - Unknown registry key in ResourceKey[minecraft:root / minecraft:item]: railways:track_natures_spirit_wisteria
[108月2026 21:12:35.194] [Worker-ResourceReload-6/ERROR] [net.minecraft.world.level.storage.loot.LootDataType/]: Couldn't parse element ResourceKey[minecraft:root / minecraft:loot_table]:railways:blocks/track_natures_spirit_maple - Unknown registry key in ResourceKey[minecraft:root / minecraft:item]: railways:track_natures_spirit_maple
[108月2026 21:12:35.194] [Worker-ResourceReload-6/ERROR] [net.minecraft.world.level.storage.loot.LootDataType/]: Couldn't parse element ResourceKey[minecraft:root / minecraft:loot_table]:railways:blocks/track_create_dd_spirit_narrow - Unknown registry key in ResourceKey[minecraft:root / minecraft:item]: railways:track_create_dd_spirit_narrow
[108月2026 21:12:35.196] [Worker-ResourceReload-6/ERROR] [net.minecraft.world.level.storage.loot.LootDataType/]: Couldn't parse element ResourceKey[minecraft:root / minecraft:loot_table]:railways:blocks/track_quark_ancient - Unknown registry key in ResourceKey[minecraft:root / minecraft:item]: railways:track_quark_ancient
[108月2026 21:12:35.196] [Worker-ResourceReload-6/ERROR] [net.minecraft.world.level.storage.loot.LootDataType/]: Couldn't parse element ResourceKey[minecraft:root / minecraft:loot_table]:railways:blocks/track_tfc_hickory - Unknown registry key in ResourceKey[minecraft:root / minecraft:item]: railways:track_tfc_hickory
[108月2026 21:12:35.197] [Worker-ResourceReload-6/ERROR] [net.minecraft.world.level.storage.loot.LootDataType/]: Couldn't parse element ResourceKey[minecraft:root / minecraft:loot_table]:railways:blocks/track_create_dd_rubber - Unknown registry key in ResourceKey[minecraft:root / minecraft:item]: railways:track_create_dd_rubber
[108月2026 21:12:35.197] [Worker-ResourceReload-6/ERROR] [net.minecraft.world.level.storage.loot.LootDataType/]: Couldn't parse element ResourceKey[minecraft:root / minecraft:loot_table]:railways:blocks/track_byg_fir_wide - Unknown registry key in ResourceKey[minecraft:root / minecraft:item]: railways:track_byg_fir_wide
[108月2026 21:12:35.198] [Worker-ResourceReload-6/ERROR] [net.minecraft.world.level.storage.loot.LootDataType/]: Couldn't parse element ResourceKey[minecraft:root / minecraft:loot_table]:railways:blocks/track_byg_zelkova - Unknown registry key in ResourceKey[minecraft:root / minecraft:item]: railways:track_byg_zelkova
[108月2026 21:12:35.198] [Worker-ResourceReload-6/ERROR] [net.minecraft.world.level.storage.loot.LootDataType/]: Couldn't parse element ResourceKey[minecraft:root / minecraft:loot_table]:railways:blocks/track_blue_skies_bluebright_wide - Unknown registry key in ResourceKey[minecraft:root / minecraft:item]: railways:track_blue_skies_bluebright_wide
[108月2026 21:12:35.198] [Worker-ResourceReload-6/ERROR] [net.minecraft.world.level.storage.loot.LootDataType/]: Couldn't parse element ResourceKey[minecraft:root / minecraft:loot_table]:railways:blocks/track_byg_mahogany - Unknown registry key in ResourceKey[minecraft:root / minecraft:item]: railways:track_byg_mahogany
[108月2026 21:12:35.198] [Worker-ResourceReload-6/ERROR] [net.minecraft.world.level.storage.loot.LootDataType/]: Couldn't parse element ResourceKey[minecraft:root / minecraft:loot_table]:railways:blocks/track_tfc_sequoia_wide - Unknown registry key in ResourceKey[minecraft:root / minecraft:item]: railways:track_tfc_sequoia_wide
[108月2026 21:12:35.202] [Worker-ResourceReload-6/ERROR] [net.minecraft.world.level.storage.loot.LootDataType/]: Couldn't parse element ResourceKey[minecraft:root / minecraft:loot_table]:railways:blocks/track_tfc_hickory_wide - Unknown registry key in ResourceKey[minecraft:root / minecraft:item]: railways:track_tfc_hickory_wide
[108月2026 21:12:35.203] [Worker-ResourceReload-6/ERROR] [net.minecraft.world.level.storage.loot.LootDataType/]: Couldn't parse element ResourceKey[minecraft:root / minecraft:loot_table]:create_connected:blocks/dye_depot_aqua_fan_dyeing_catalyst - Unknown registry key in ResourceKey[minecraft:root / minecraft:item]: create_connected:dye_depot_aqua_fan_dyeing_catalyst
[108月2026 21:12:35.203] [Worker-ResourceReload-6/ERROR] [net.minecraft.world.level.storage.loot.LootDataType/]: Couldn't parse element ResourceKey[minecraft:root / minecraft:loot_table]:railways:blocks/track_twilightforest_mangrove_wide - Unknown registry key in ResourceKey[minecraft:root / minecraft:item]: railways:track_twilightforest_mangrove_wide
[108月2026 21:12:35.204] [Worker-ResourceReload-6/ERROR] [net.minecraft.world.level.storage.loot.LootDataType/]: Couldn't parse element ResourceKey[minecraft:root / minecraft:loot_table]:railways:blocks/track_hexcasting_edified - Unknown registry key in ResourceKey[minecraft:root / minecraft:item]: railways:track_hexcasting_edified
[108月2026 21:12:35.204] [Worker-ResourceReload-6/ERROR] [net.minecraft.world.level.storage.loot.LootDataType/]: Couldn't parse element ResourceKey[minecraft:root / minecraft:loot_table]:railways:blocks/track_byg_baobab_wide - Unknown registry key in ResourceKey[minecraft:root / minecraft:item]: railways:track_byg_baobab_wide
[108月2026 21:12:35.204] [Worker-ResourceReload-6/ERROR] [net.minecraft.world.level.storage.loot.LootDataType/]: Couldn't parse element ResourceKey[minecraft:root / minecraft:loot_table]:railways:blocks/track_twilightforest_darkwood_narrow - Unknown registry key in ResourceKey[minecraft:root / minecraft:item]: railways:track_twilightforest_darkwood_narrow
[108月2026 21:12:35.205] [Worker-ResourceReload-6/ERROR] [net.minecraft.world.level.storage.loot.LootDataType/]: Couldn't parse element ResourceKey[minecraft:root / minecraft:loot_table]:railways:blocks/track_natures_spirit_palo_verde_wide - Unknown registry key in ResourceKey[minecraft:root / minecraft:item]: railways:track_natures_spirit_palo_verde_wide
[108月2026 21:12:35.205] [Worker-ResourceReload-6/ERROR] [net.minecraft.world.level.storage.loot.LootDataType/]: Couldn't parse element ResourceKey[minecraft:root / minecraft:loot_table]:railways:blocks/track_tfc_blackwood_narrow - Unknown registry key in ResourceKey[minecraft:root / minecraft:item]: railways:track_tfc_blackwood_narrow
[108月2026 21:12:35.205] [Worker-ResourceReload-6/ERROR] [net.minecraft.world.level.storage.loot.LootDataType/]: Couldn't parse element ResourceKey[minecraft:root / minecraft:loot_table]:railways:blocks/track_natures_spirit_fir - Unknown registry key in ResourceKey[minecraft:root / minecraft:item]: railways:track_natures_spirit_fir
[108月2026 21:12:35.205] [Worker-ResourceReload-6/ERROR] [net.minecraft.world.level.storage.loot.LootDataType/]: Couldn't parse element ResourceKey[minecraft:root / minecraft:loot_table]:railways:blocks/track_natures_spirit_olive - Unknown registry key in ResourceKey[minecraft:root / minecraft:item]: railways:track_natures_spirit_olive
[108月2026 21:12:35.205] [Worker-ResourceReload-6/ERROR] [net.minecraft.world.level.storage.loot.LootDataType/]: Couldn't parse element ResourceKey[minecraft:root / minecraft:loot_table]:railways:blocks/track_byg_imparius_narrow - Unknown registry key in ResourceKey[minecraft:root / minecraft:item]: railways:track_byg_imparius_narrow
[108月2026 21:12:35.206] [Worker-ResourceReload-6/ERROR] [net.minecraft.world.level.storage.loot.LootDataType/]: Couldn't parse element ResourceKey[minecraft:root / minecraft:loot_table]:railways:blocks/track_twilightforest_canopy - Unknown registry key in ResourceKey[minecraft:root / minecraft:item]: railways:track_twilightforest_canopy
[108月2026 21:12:35.206] [Worker-ResourceReload-6/ERROR] [net.minecraft.world.level.storage.loot.LootDataType/]: Couldn't parse element ResourceKey[minecraft:root / minecraft:loot_table]:railways:blocks/track_biomesoplenty_dead - Unknown registry key in ResourceKey[minecraft:root / minecraft:item]: railways:track_biomesoplenty_dead
[108月2026 21:12:35.208] [Worker-ResourceReload-6/ERROR] [net.minecraft.world.level.storage.loot.LootDataType/]: Couldn't parse element ResourceKey[minecraft:root / minecraft:loot_table]:railways:blocks/track_tfc_mangrove - Unknown registry key in ResourceKey[minecraft:root / minecraft:item]: railways:track_tfc_mangrove
[108月2026 21:12:35.208] [Worker-ResourceReload-6/ERROR] [net.minecraft.world.level.storage.loot.LootDataType/]: Couldn't parse element ResourceKey[minecraft:root / minecraft:loot_table]:railways:blocks/track_byg_cypress_wide - Unknown registry key in ResourceKey[minecraft:root / minecraft:item]: railways:track_byg_cypress_wide
[108月2026 21:12:35.208] [Worker-ResourceReload-6/ERROR] [net.minecraft.world.level.storage.loot.LootDataType/]: Couldn't parse element ResourceKey[minecraft:root / minecraft:loot_table]:railways:blocks/track_tfc_palm_narrow - Unknown registry key in ResourceKey[minecraft:root / minecraft:item]: railways:track_tfc_palm_narrow
[108月2026 21:12:35.208] [Worker-ResourceReload-6/ERROR] [net.minecraft.world.level.storage.loot.LootDataType/]: Couldn't parse element ResourceKey[minecraft:root / minecraft:loot_table]:railways:blocks/track_tfc_kapok_wide - Unknown registry key in ResourceKey[minecraft:root / minecraft:item]: railways:track_tfc_kapok_wide
[108月2026 21:12:35.208] [Worker-ResourceReload-6/ERROR] [net.minecraft.world.level.storage.loot.LootDataType/]: Couldn't parse element ResourceKey[minecraft:root / minecraft:loot_table]:railways:blocks/track_byg_blue_enchanted_narrow - Unknown registry key in ResourceKey[minecraft:root / minecraft:item]: railways:track_byg_blue_enchanted_narrow
[108月2026 21:12:35.208] [Worker-ResourceReload-6/ERROR] [net.minecraft.world.level.storage.loot.LootDataType/]: Couldn't parse element ResourceKey[minecraft:root / minecraft:loot_table]:create_connected:blocks/dye_depot_slate_fan_dyeing_catalyst - Unknown registry key in ResourceKey[minecraft:root / minecraft:item]: create_connected:dye_depot_slate_fan_dyeing_catalyst
[108月2026 21:12:35.209] [Worker-ResourceReload-6/ERROR] [net.minecraft.world.level.storage.loot.LootDataType/]: Couldn't parse element ResourceKey[minecraft:root / minecraft:loot_table]:railways:blocks/track_byg_mahogany_wide - Unknown registry key in ResourceKey[minecraft:root / minecraft:item]: railways:track_byg_mahogany_wide
[108月2026 21:12:35.210] [Worker-ResourceReload-6/ERROR] [net.minecraft.world.level.storage.loot.LootDataType/]: Couldn't parse element ResourceKey[minecraft:root / minecraft:loot_table]:railways:blocks/track_biomesoplenty_dead_wide - Unknown registry key in ResourceKey[minecraft:root / minecraft:item]: railways:track_biomesoplenty_dead_wide
[108月2026 21:12:35.211] [Worker-ResourceReload-6/ERROR] [net.minecraft.world.level.storage.loot.LootDataType/]: Couldn't parse element ResourceKey[minecraft:root / minecraft:loot_table]:railways:blocks/track_byg_imparius_wide - Unknown registry key in ResourceKey[minecraft:root / minecraft:item]: railways:track_byg_imparius_wide
[108月2026 21:12:35.211] [Worker-ResourceReload-6/ERROR] [net.minecraft.world.level.storage.loot.LootDataType/]: Couldn't parse element ResourceKey[minecraft:root / minecraft:loot_table]:railways:blocks/track_tfc_maple_narrow - Unknown registry key in ResourceKey[minecraft:root / minecraft:item]: railways:track_tfc_maple_narrow
[108月2026 21:12:35.211] [Worker-ResourceReload-6/ERROR] [net.minecraft.world.level.storage.loot.LootDataType/]: Couldn't parse element ResourceKey[minecraft:root / minecraft:loot_table]:railways:blocks/track_biomesoplenty_umbran - Unknown registry key in ResourceKey[minecraft:root / minecraft:item]: railways:track_biomesoplenty_umbran
[108月2026 21:12:35.212] [Worker-ResourceReload-6/ERROR] [net.minecraft.world.level.storage.loot.LootDataType/]: Couldn't parse element ResourceKey[minecraft:root / minecraft:loot_table]:railways:blocks/track_byg_palm - Unknown registry key in ResourceKey[minecraft:root / minecraft:item]: railways:track_byg_palm
[108月2026 21:12:35.212] [Worker-ResourceReload-6/ERROR] [net.minecraft.world.level.storage.loot.LootDataType/]: Couldn't parse element ResourceKey[minecraft:root / minecraft:loot_table]:railways:blocks/track_blue_skies_dusk_wide - Unknown registry key in ResourceKey[minecraft:root / minecraft:item]: railways:track_blue_skies_dusk_wide
[108月2026 21:12:35.213] [Worker-ResourceReload-6/ERROR] [net.minecraft.world.level.storage.loot.LootDataType/]: Couldn't parse element ResourceKey[minecraft:root / minecraft:loot_table]:railways:blocks/track_blue_skies_frostbright_wide - Unknown registry key in ResourceKey[minecraft:root / minecraft:item]: railways:track_blue_skies_frostbright_wide
[108月2026 21:12:35.215] [Worker-ResourceReload-6/ERROR] [net.minecraft.world.level.storage.loot.LootDataType/]: Couldn't parse element ResourceKey[minecraft:root / minecraft:loot_table]:create_connected:blocks/dye_depot_ginger_fan_dyeing_catalyst - Unknown registry key in ResourceKey[minecraft:root / minecraft:item]: create_connected:dye_depot_ginger_fan_dyeing_catalyst
[108月2026 21:12:35.216] [Worker-ResourceReload-6/ERROR] [net.minecraft.world.level.storage.loot.LootDataType/]: Couldn't parse element ResourceKey[minecraft:root / minecraft:loot_table]:railways:blocks/track_tfc_white_cedar_narrow - Unknown registry key in ResourceKey[minecraft:root / minecraft:item]: railways:track_tfc_white_cedar_narrow
[108月2026 21:12:35.216] [Worker-ResourceReload-6/ERROR] [net.minecraft.world.level.storage.loot.LootDataType/]: Couldn't parse element ResourceKey[minecraft:root / minecraft:loot_table]:railways:blocks/track_byg_fir - Unknown registry key in ResourceKey[minecraft:root / minecraft:item]: railways:track_byg_fir
[108月2026 21:12:35.216] [Worker-ResourceReload-6/ERROR] [net.minecraft.world.level.storage.loot.LootDataType/]: Couldn't parse element ResourceKey[minecraft:root / minecraft:loot_table]:railways:blocks/track_natures_spirit_aspen_narrow - Unknown registry key in ResourceKey[minecraft:root / minecraft:item]: railways:track_natures_spirit_aspen_narrow
[108月2026 21:12:35.216] [Worker-ResourceReload-6/ERROR] [net.minecraft.world.level.storage.loot.LootDataType/]: Couldn't parse element ResourceKey[minecraft:root / minecraft:loot_table]:railways:blocks/track_byg_rainbow_eucalyptus - Unknown registry key in ResourceKey[minecraft:root / minecraft:item]: railways:track_byg_rainbow_eucalyptus
[108月2026 21:12:35.216] [Worker-ResourceReload-6/ERROR] [net.minecraft.world.level.storage.loot.LootDataType/]: Couldn't parse element ResourceKey[minecraft:root / minecraft:loot_table]:railways:blocks/track_twilightforest_darkwood_wide - Unknown registry key in ResourceKey[minecraft:root / minecraft:item]: railways:track_twilightforest_darkwood_wide
[108月2026 21:12:35.217] [Worker-ResourceReload-6/ERROR] [net.minecraft.world.level.storage.loot.LootDataType/]: Couldn't parse element ResourceKey[minecraft:root / minecraft:loot_table]:railways:blocks/track_tfc_mangrove_wide - Unknown registry key in ResourceKey[minecraft:root / minecraft:item]: railways:track_tfc_mangrove_wide
[108月2026 21:12:35.217] [Worker-ResourceReload-6/ERROR] [net.minecraft.world.level.storage.loot.LootDataType/]: Couldn't parse element ResourceKey[minecraft:root / minecraft:loot_table]:railways:blocks/track_tfc_ash - Unknown registry key in ResourceKey[minecraft:root / minecraft:item]: railways:track_tfc_ash
[108月2026 21:12:35.217] [Worker-ResourceReload-6/ERROR] [net.minecraft.world.level.storage.loot.LootDataType/]: Couldn't parse element ResourceKey[minecraft:root / minecraft:loot_table]:railways:blocks/track_natures_spirit_wisteria_narrow - Unknown registry key in ResourceKey[minecraft:root / minecraft:item]: railways:track_natures_spirit_wisteria_narrow
[108月2026 21:12:35.218] [Worker-ResourceReload-6/ERROR] [net.minecraft.world.level.storage.loot.LootDataType/]: Couldn't parse element ResourceKey[minecraft:root / minecraft:loot_table]:create_integrated_farming:blocks/goose_roost_ping - Unknown registry key in ResourceKey[minecraft:root / minecraft:item]: create_integrated_farming:goose_roost_ping
[108月2026 21:12:35.218] [Worker-ResourceReload-6/ERROR] [net.minecraft.world.level.storage.loot.LootDataType/]: Couldn't parse element ResourceKey[minecraft:root / minecraft:loot_table]:railways:blocks/track_tfc_sequoia - Unknown registry key in ResourceKey[minecraft:root / minecraft:item]: railways:track_tfc_sequoia
[108月2026 21:12:35.218] [Worker-ResourceReload-6/ERROR] [net.minecraft.world.level.storage.loot.LootDataType/]: Couldn't parse element ResourceKey[minecraft:root / minecraft:loot_table]:railways:blocks/track_byg_holly - Unknown registry key in ResourceKey[minecraft:root / minecraft:item]: railways:track_byg_holly
[108月2026 21:12:35.218] [Worker-ResourceReload-6/ERROR] [net.minecraft.world.level.storage.loot.LootDataType/]: Couldn't parse element ResourceKey[minecraft:root / minecraft:loot_table]:railways:blocks/track_tfc_maple_wide - Unknown registry key in ResourceKey[minecraft:root / minecraft:item]: railways:track_tfc_maple_wide
[108月2026 21:12:35.218] [Worker-ResourceReload-6/ERROR] [net.minecraft.world.level.storage.loot.LootDataType/]: Couldn't parse element ResourceKey[minecraft:root / minecraft:loot_table]:railways:blocks/track_blue_skies_lunar - Unknown registry key in ResourceKey[minecraft:root / minecraft:item]: railways:track_blue_skies_lunar
[108月2026 21:12:35.218] [Worker-ResourceReload-6/ERROR] [net.minecraft.world.level.storage.loot.LootDataType/]: Couldn't parse element ResourceKey[minecraft:root / minecraft:loot_table]:create_integrated_farming:blocks/duck_roost_female - Unknown registry key in ResourceKey[minecraft:root / minecraft:item]: create_integrated_farming:duck_roost_female
[108月2026 21:12:35.224] [Worker-ResourceReload-6/ERROR] [net.minecraft.world.level.storage.loot.LootDataType/]: Couldn't parse element ResourceKey[minecraft:root / minecraft:loot_table]:tracks:blocks/suspension_track - Not a valid resource location: Tracks:suspension_track Non [a-z0-9_.-] character in namespace of location: Tracks:suspension_track; Not a valid resource location: Tracks:blocks/suspension_track Non [a-z0-9_.-] character in namespace of location: Tracks:blocks/suspension_track
[108月2026 21:12:35.224] [Worker-ResourceReload-6/ERROR] [net.minecraft.world.level.storage.loot.LootDataType/]: Couldn't parse element ResourceKey[minecraft:root / minecraft:loot_table]:railways:blocks/track_byg_lament - Unknown registry key in ResourceKey[minecraft:root / minecraft:item]: railways:track_byg_lament
[108月2026 21:12:35.224] [Worker-ResourceReload-6/ERROR] [net.minecraft.world.level.storage.loot.LootDataType/]: Couldn't parse element ResourceKey[minecraft:root / minecraft:loot_table]:railways:blocks/track_natures_spirit_aspen_wide - Unknown registry key in ResourceKey[minecraft:root / minecraft:item]: railways:track_natures_spirit_aspen_wide
[108月2026 21:12:35.224] [Worker-ResourceReload-6/ERROR] [net.minecraft.world.level.storage.loot.LootDataType/]: Couldn't parse element ResourceKey[minecraft:root / minecraft:loot_table]:railways:blocks/track_byg_ebony_narrow - Unknown registry key in ResourceKey[minecraft:root / minecraft:item]: railways:track_byg_ebony_narrow
[108月2026 21:12:35.224] [Worker-ResourceReload-6/ERROR] [net.minecraft.world.level.storage.loot.LootDataType/]: Couldn't parse element ResourceKey[minecraft:root / minecraft:loot_table]:railways:blocks/track_byg_holly_wide - Unknown registry key in ResourceKey[minecraft:root / minecraft:item]: railways:track_byg_holly_wide
[108月2026 21:12:35.224] [Worker-ResourceReload-6/ERROR] [net.minecraft.world.level.storage.loot.LootDataType/]: Couldn't parse element ResourceKey[minecraft:root / minecraft:loot_table]:railways:blocks/track_natures_spirit_redwood_narrow - Unknown registry key in ResourceKey[minecraft:root / minecraft:item]: railways:track_natures_spirit_redwood_narrow
[108月2026 21:12:35.225] [Worker-ResourceReload-6/ERROR] [net.minecraft.world.level.storage.loot.LootDataType/]: Couldn't parse element ResourceKey[minecraft:root / minecraft:loot_table]:railways:blocks/track_create_dd_smoked_wide - Unknown registry key in ResourceKey[minecraft:root / minecraft:item]: railways:track_create_dd_smoked_wide
[108月2026 21:12:35.226] [Worker-ResourceReload-6/ERROR] [net.minecraft.world.level.storage.loot.LootDataType/]: Couldn't parse element ResourceKey[minecraft:root / minecraft:loot_table]:railways:blocks/track_biomesoplenty_willow_wide - Unknown registry key in ResourceKey[minecraft:root / minecraft:item]: railways:track_biomesoplenty_willow_wide
[108月2026 21:12:35.226] [Worker-ResourceReload-6/ERROR] [net.minecraft.world.level.storage.loot.LootDataType/]: Couldn't parse element ResourceKey[minecraft:root / minecraft:loot_table]:create_integrated_farming:blocks/goose_roost_canadian - Unknown registry key in ResourceKey[minecraft:root / minecraft:item]: create_integrated_farming:goose_roost_canadian
[108月2026 21:12:35.226] [Worker-ResourceReload-6/ERROR] [net.minecraft.world.level.storage.loot.LootDataType/]: Couldn't parse element ResourceKey[minecraft:root / minecraft:loot_table]:railways:blocks/track_natures_spirit_ghaf_narrow - Unknown registry key in ResourceKey[minecraft:root / minecraft:item]: railways:track_natures_spirit_ghaf_narrow
[108月2026 21:12:35.226] [Worker-ResourceReload-6/ERROR] [net.minecraft.world.level.storage.loot.LootDataType/]: Couldn't parse element ResourceKey[minecraft:root / minecraft:loot_table]:railways:blocks/track_byg_witch_hazel - Unknown registry key in ResourceKey[minecraft:root / minecraft:item]: railways:track_byg_witch_hazel
[108月2026 21:12:35.226] [Worker-ResourceReload-6/ERROR] [net.minecraft.world.level.storage.loot.LootDataType/]: Couldn't parse element ResourceKey[minecraft:root / minecraft:loot_table]:railways:blocks/track_natures_spirit_willow_wide - Unknown registry key in ResourceKey[minecraft:root / minecraft:item]: railways:track_natures_spirit_willow_wide
[108月2026 21:12:35.226] [Worker-ResourceReload-6/ERROR] [net.minecraft.world.level.storage.loot.LootDataType/]: Couldn't parse element ResourceKey[minecraft:root / minecraft:loot_table]:railways:blocks/track_byg_cypress - Unknown registry key in ResourceKey[minecraft:root / minecraft:item]: railways:track_byg_cypress
[108月2026 21:12:35.228] [Worker-ResourceReload-6/ERROR] [net.minecraft.world.level.storage.loot.LootDataType/]: Couldn't parse element ResourceKey[minecraft:root / minecraft:loot_table]:create_connected:blocks/dye_depot_rose_fan_dyeing_catalyst - Unknown registry key in ResourceKey[minecraft:root / minecraft:item]: create_connected:dye_depot_rose_fan_dyeing_catalyst
[108月2026 21:12:35.228] [Worker-ResourceReload-6/ERROR] [net.minecraft.world.level.storage.loot.LootDataType/]: Couldn't parse element ResourceKey[minecraft:root / minecraft:loot_table]:railways:blocks/track_twilightforest_twilight_oak_narrow - Unknown registry key in ResourceKey[minecraft:root / minecraft:item]: railways:track_twilightforest_twilight_oak_narrow
[108月2026 21:12:35.228] [Worker-ResourceReload-6/ERROR] [net.minecraft.world.level.storage.loot.LootDataType/]: Couldn't parse element ResourceKey[minecraft:root / minecraft:loot_table]:railways:blocks/track_byg_sythian - Unknown registry key in ResourceKey[minecraft:root / minecraft:item]: railways:track_byg_sythian
[108月2026 21:12:35.229] [Worker-ResourceReload-6/ERROR] [net.minecraft.world.level.storage.loot.LootDataType/]: Couldn't parse element ResourceKey[minecraft:root / minecraft:loot_table]:railways:blocks/track_biomesoplenty_fir - Unknown registry key in ResourceKey[minecraft:root / minecraft:item]: railways:track_biomesoplenty_fir
[108月2026 21:12:35.230] [Worker-ResourceReload-6/ERROR] [net.minecraft.world.level.storage.loot.LootDataType/]: Couldn't parse element ResourceKey[minecraft:root / minecraft:loot_table]:railways:blocks/track_twilightforest_timewood_narrow - Unknown registry key in ResourceKey[minecraft:root / minecraft:item]: railways:track_twilightforest_timewood_narrow
[108月2026 21:12:35.231] [Worker-ResourceReload-6/ERROR] [net.minecraft.world.level.storage.loot.LootDataType/]: Couldn't parse element ResourceKey[minecraft:root / minecraft:loot_table]:irons_spellbooks:test/ring_gen_break_me - Unknown registry key in ResourceKey[minecraft:root / irons_spellbooks:spells]: minecraft:none
[108月2026 21:12:35.231] [Worker-ResourceReload-6/ERROR] [net.minecraft.world.level.storage.loot.LootDataType/]: Couldn't parse element ResourceKey[minecraft:root / minecraft:loot_table]:railways:blocks/track_tfc_birch - Unknown registry key in ResourceKey[minecraft:root / minecraft:item]: railways:track_tfc_birch
[108月2026 21:12:35.231] [Worker-ResourceReload-6/ERROR] [net.minecraft.world.level.storage.loot.LootDataType/]: Couldn't parse element ResourceKey[minecraft:root / minecraft:loot_table]:railways:blocks/track_byg_skyris_wide - Unknown registry key in ResourceKey[minecraft:root / minecraft:item]: railways:track_byg_skyris_wide
[108月2026 21:12:35.232] [Worker-ResourceReload-6/ERROR] [net.minecraft.world.level.storage.loot.LootDataType/]: Couldn't parse element ResourceKey[minecraft:root / minecraft:loot_table]:railways:blocks/track_biomesoplenty_jacaranda - Unknown registry key in ResourceKey[minecraft:root / minecraft:item]: railways:track_biomesoplenty_jacaranda
[108月2026 21:12:35.232] [Worker-ResourceReload-6/ERROR] [net.minecraft.world.level.storage.loot.LootDataType/]: Couldn't parse element ResourceKey[minecraft:root / minecraft:loot_table]:railways:blocks/track_biomesoplenty_hellbark - Unknown registry key in ResourceKey[minecraft:root / minecraft:item]: railways:track_biomesoplenty_hellbark
[108月2026 21:12:35.233] [Worker-ResourceReload-6/ERROR] [net.minecraft.world.level.storage.loot.LootDataType/]: Couldn't parse element ResourceKey[minecraft:root / minecraft:loot_table]:railways:blocks/track_byg_witch_hazel_narrow - Unknown registry key in ResourceKey[minecraft:root / minecraft:item]: railways:track_byg_witch_hazel_narrow
[108月2026 21:12:35.233] [Worker-ResourceReload-6/ERROR] [net.minecraft.world.level.storage.loot.LootDataType/]: Couldn't parse element ResourceKey[minecraft:root / minecraft:loot_table]:railways:blocks/track_biomesoplenty_mahogany_narrow - Unknown registry key in ResourceKey[minecraft:root / minecraft:item]: railways:track_biomesoplenty_mahogany_narrow
[108月2026 21:12:35.234] [Worker-ResourceReload-6/ERROR] [net.minecraft.world.level.storage.loot.LootDataType/]: Couldn't parse element ResourceKey[minecraft:root / minecraft:loot_table]:railways:blocks/track_natures_spirit_joshua_wide - Unknown registry key in ResourceKey[minecraft:root / minecraft:item]: railways:track_natures_spirit_joshua_wide
[108月2026 21:12:35.234] [Worker-ResourceReload-6/ERROR] [net.minecraft.world.level.storage.loot.LootDataType/]: Couldn't parse element ResourceKey[minecraft:root / minecraft:loot_table]:railways:blocks/track_byg_bulbis_narrow - Unknown registry key in ResourceKey[minecraft:root / minecraft:item]: railways:track_byg_bulbis_narrow
[108月2026 21:12:35.234] [Worker-ResourceReload-6/ERROR] [net.minecraft.world.level.storage.loot.LootDataType/]: Couldn't parse element ResourceKey[minecraft:root / minecraft:loot_table]:railways:blocks/track_twilightforest_sortingwood_wide - Unknown registry key in ResourceKey[minecraft:root / minecraft:item]: railways:track_twilightforest_sortingwood_wide
[108月2026 21:12:35.235] [Worker-ResourceReload-6/ERROR] [net.minecraft.world.level.storage.loot.LootDataType/]: Couldn't parse element ResourceKey[minecraft:root / minecraft:loot_table]:railways:blocks/track_byg_green_enchanted_wide - Unknown registry key in ResourceKey[minecraft:root / minecraft:item]: railways:track_byg_green_enchanted_wide
[108月2026 21:12:35.235] [Worker-ResourceReload-6/ERROR] [net.minecraft.world.level.storage.loot.LootDataType/]: Couldn't parse element ResourceKey[minecraft:root / minecraft:loot_table]:railways:blocks/track_tfc_chestnut_narrow - Unknown registry key in ResourceKey[minecraft:root / minecraft:item]: railways:track_tfc_chestnut_narrow
[108月2026 21:12:35.235] [Worker-ResourceReload-6/ERROR] [net.minecraft.world.level.storage.loot.LootDataType/]: Couldn't parse element ResourceKey[minecraft:root / minecraft:loot_table]:railways:blocks/track_create_dd_rose_wide - Unknown registry key in ResourceKey[minecraft:root / minecraft:item]: railways:track_create_dd_rose_wide
[108月2026 21:12:35.236] [Worker-ResourceReload-6/ERROR] [net.minecraft.world.level.storage.loot.LootDataType/]: Couldn't parse element ResourceKey[minecraft:root / minecraft:loot_table]:railways:blocks/track_byg_skyris_narrow - Unknown registry key in ResourceKey[minecraft:root / minecraft:item]: railways:track_byg_skyris_narrow
[108月2026 21:12:35.236] [Worker-ResourceReload-6/ERROR] [net.minecraft.world.level.storage.loot.LootDataType/]: Couldn't parse element ResourceKey[minecraft:root / minecraft:loot_table]:railways:blocks/track_tfc_willow_wide - Unknown registry key in ResourceKey[minecraft:root / minecraft:item]: railways:track_tfc_willow_wide
[108月2026 21:12:35.237] [Worker-ResourceReload-6/ERROR] [net.minecraft.world.level.storage.loot.LootDataType/]: Couldn't parse element ResourceKey[minecraft:root / minecraft:loot_table]:railways:blocks/track_byg_ether_wide - Unknown registry key in ResourceKey[minecraft:root / minecraft:item]: railways:track_byg_ether_wide
[108月2026 21:12:35.237] [Worker-ResourceReload-6/ERROR] [net.minecraft.world.level.storage.loot.LootDataType/]: Couldn't parse element ResourceKey[minecraft:root / minecraft:loot_table]:railways:blocks/track_create_dd_rose - Unknown registry key in ResourceKey[minecraft:root / minecraft:item]: railways:track_create_dd_rose
[108月2026 21:12:35.237] [Worker-ResourceReload-6/ERROR] [net.minecraft.world.level.storage.loot.LootDataType/]: Couldn't parse element ResourceKey[minecraft:root / minecraft:loot_table]:railways:blocks/track_byg_mahogany_narrow - Unknown registry key in ResourceKey[minecraft:root / minecraft:item]: railways:track_byg_mahogany_narrow
[108月2026 21:12:35.237] [Worker-ResourceReload-6/ERROR] [net.minecraft.world.level.storage.loot.LootDataType/]: Couldn't parse element ResourceKey[minecraft:root / minecraft:loot_table]:railways:blocks/track_tfc_acacia_narrow - Unknown registry key in ResourceKey[minecraft:root / minecraft:item]: railways:track_tfc_acacia_narrow
[108月2026 21:12:35.237] [Worker-ResourceReload-6/ERROR] [net.minecraft.world.level.storage.loot.LootDataType/]: Couldn't parse element ResourceKey[minecraft:root / minecraft:loot_table]:railways:blocks/track_byg_ebony - Unknown registry key in ResourceKey[minecraft:root / minecraft:item]: railways:track_byg_ebony
[108月2026 21:12:35.238] [Worker-ResourceReload-6/ERROR] [net.minecraft.world.level.storage.loot.LootDataType/]: Couldn't parse element ResourceKey[minecraft:root / minecraft:loot_table]:railways:blocks/track_tfc_rosewood - Unknown registry key in ResourceKey[minecraft:root / minecraft:item]: railways:track_tfc_rosewood
[108月2026 21:12:35.238] [Worker-ResourceReload-6/ERROR] [net.minecraft.world.level.storage.loot.LootDataType/]: Couldn't parse element ResourceKey[minecraft:root / minecraft:loot_table]:railways:blocks/track_byg_aspen_wide - Unknown registry key in ResourceKey[minecraft:root / minecraft:item]: railways:track_byg_aspen_wide
[108月2026 21:12:35.238] [Worker-ResourceReload-6/ERROR] [net.minecraft.world.level.storage.loot.LootDataType/]: Couldn't parse element ResourceKey[minecraft:root / minecraft:loot_table]:railways:blocks/track_create_dd_rubber_narrow - Unknown registry key in ResourceKey[minecraft:root / minecraft:item]: railways:track_create_dd_rubber_narrow
[108月2026 21:12:35.238] [Worker-ResourceReload-6/ERROR] [net.minecraft.world.level.storage.loot.LootDataType/]: Couldn't parse element ResourceKey[minecraft:root / minecraft:loot_table]:railways:blocks/track_byg_nightshade - Unknown registry key in ResourceKey[minecraft:root / minecraft:item]: railways:track_byg_nightshade
[108月2026 21:12:35.238] [Worker-ResourceReload-6/ERROR] [net.minecraft.world.level.storage.loot.LootDataType/]: Couldn't parse element ResourceKey[minecraft:root / minecraft:loot_table]:railways:blocks/track_byg_willow - Unknown registry key in ResourceKey[minecraft:root / minecraft:item]: railways:track_byg_willow
[108月2026 21:12:35.238] [Worker-ResourceReload-6/ERROR] [net.minecraft.world.level.storage.loot.LootDataType/]: Couldn't parse element ResourceKey[minecraft:root / minecraft:loot_table]:railways:blocks/track_byg_bulbis_wide - Unknown registry key in ResourceKey[minecraft:root / minecraft:item]: railways:track_byg_bulbis_wide
[108月2026 21:12:35.238] [Worker-ResourceReload-6/ERROR] [net.minecraft.world.level.storage.loot.LootDataType/]: Couldn't parse element ResourceKey[minecraft:root / minecraft:loot_table]:railways:blocks/track_byg_cika_narrow - Unknown registry key in ResourceKey[minecraft:root / minecraft:item]: railways:track_byg_cika_narrow
[108月2026 21:12:35.238] [Worker-ResourceReload-6/ERROR] [net.minecraft.world.level.storage.loot.LootDataType/]: Couldn't parse element ResourceKey[minecraft:root / minecraft:loot_table]:railways:blocks/track_twilightforest_mangrove - Unknown registry key in ResourceKey[minecraft:root / minecraft:item]: railways:track_twilightforest_mangrove
[108月2026 21:12:35.238] [Worker-ResourceReload-6/ERROR] [net.minecraft.world.level.storage.loot.LootDataType/]: Couldn't parse element ResourceKey[minecraft:root / minecraft:loot_table]:create_connected:blocks/dye_depot_maroon_fan_dyeing_catalyst - Unknown registry key in ResourceKey[minecraft:root / minecraft:item]: create_connected:dye_depot_maroon_fan_dyeing_catalyst
[108月2026 21:12:35.238] [Worker-ResourceReload-6/ERROR] [net.minecraft.world.level.storage.loot.LootDataType/]: Couldn't parse element ResourceKey[minecraft:root / minecraft:loot_table]:railways:blocks/track_natures_spirit_wisteria_wide - Unknown registry key in ResourceKey[minecraft:root / minecraft:item]: railways:track_natures_spirit_wisteria_wide
[108月2026 21:12:35.238] [Worker-ResourceReload-6/ERROR] [net.minecraft.world.level.storage.loot.LootDataType/]: Couldn't parse element ResourceKey[minecraft:root / minecraft:loot_table]:railways:blocks/track_biomesoplenty_mahogany_wide - Unknown registry key in ResourceKey[minecraft:root / minecraft:item]: railways:track_biomesoplenty_mahogany_wide
[108月2026 21:12:35.240] [Worker-ResourceReload-6/ERROR] [net.minecraft.world.level.storage.loot.LootDataType/]: Couldn't parse element ResourceKey[minecraft:root / minecraft:loot_table]:create_connected:blocks/dye_depot_mint_fan_dyeing_catalyst - Unknown registry key in ResourceKey[minecraft:root / minecraft:item]: create_connected:dye_depot_mint_fan_dyeing_catalyst
[108月2026 21:12:35.240] [Worker-ResourceReload-6/ERROR] [net.minecraft.world.level.storage.loot.LootDataType/]: Couldn't parse element ResourceKey[minecraft:root / minecraft:loot_table]:railways:blocks/track_biomesoplenty_willow - Unknown registry key in ResourceKey[minecraft:root / minecraft:item]: railways:track_biomesoplenty_willow
[108月2026 21:12:35.240] [Worker-ResourceReload-6/ERROR] [net.minecraft.world.level.storage.loot.LootDataType/]: Couldn't parse element ResourceKey[minecraft:root / minecraft:loot_table]:railways:blocks/track_byg_nightshade_wide - Unknown registry key in ResourceKey[minecraft:root / minecraft:item]: railways:track_byg_nightshade_wide
[108月2026 21:12:35.240] [Worker-ResourceReload-6/ERROR] [net.minecraft.world.level.storage.loot.LootDataType/]: Couldn't parse element ResourceKey[minecraft:root / minecraft:loot_table]:railways:blocks/track_byg_imparius - Unknown registry key in ResourceKey[minecraft:root / minecraft:item]: railways:track_byg_imparius
[108月2026 21:12:35.240] [Worker-ResourceReload-6/ERROR] [net.minecraft.world.level.storage.loot.LootDataType/]: Couldn't parse element ResourceKey[minecraft:root / minecraft:loot_table]:railways:blocks/track_biomesoplenty_magic_wide - Unknown registry key in ResourceKey[minecraft:root / minecraft:item]: railways:track_biomesoplenty_magic_wide
[108月2026 21:12:35.240] [Worker-ResourceReload-6/ERROR] [net.minecraft.world.level.storage.loot.LootDataType/]: Couldn't parse element ResourceKey[minecraft:root / minecraft:loot_table]:railways:blocks/track_byg_lament_narrow - Unknown registry key in ResourceKey[minecraft:root / minecraft:item]: railways:track_byg_lament_narrow
[108月2026 21:12:35.241] [Worker-ResourceReload-6/ERROR] [net.minecraft.world.level.storage.loot.LootDataType/]: Couldn't parse element ResourceKey[minecraft:root / minecraft:loot_table]:railways:blocks/track_twilightforest_mangrove_narrow - Unknown registry key in ResourceKey[minecraft:root / minecraft:item]: railways:track_twilightforest_mangrove_narrow
[108月2026 21:12:35.241] [Worker-ResourceReload-6/ERROR] [net.minecraft.world.level.storage.loot.LootDataType/]: Couldn't parse element ResourceKey[minecraft:root / minecraft:loot_table]:railways:blocks/track_byg_aspen - Unknown registry key in ResourceKey[minecraft:root / minecraft:item]: railways:track_byg_aspen
[108月2026 21:12:35.244] [Worker-ResourceReload-6/ERROR] [net.minecraft.world.level.storage.loot.LootDataType/]: Couldn't parse element ResourceKey[minecraft:root / minecraft:loot_table]:railways:blocks/track_tfc_rosewood_wide - Unknown registry key in ResourceKey[minecraft:root / minecraft:item]: railways:track_tfc_rosewood_wide
[108月2026 21:12:35.244] [Worker-ResourceReload-6/ERROR] [net.minecraft.world.level.storage.loot.LootDataType/]: Couldn't parse element ResourceKey[minecraft:root / minecraft:loot_table]:railways:blocks/track_natures_spirit_cypress - Unknown registry key in ResourceKey[minecraft:root / minecraft:item]: railways:track_natures_spirit_cypress
[108月2026 21:12:35.245] [Worker-ResourceReload-6/ERROR] [net.minecraft.world.level.storage.loot.LootDataType/]: Couldn't parse element ResourceKey[minecraft:root / minecraft:loot_table]:railways:blocks/track_create_dd_rose_narrow - Unknown registry key in ResourceKey[minecraft:root / minecraft:item]: railways:track_create_dd_rose_narrow
[108月2026 21:12:35.246] [Worker-ResourceReload-6/ERROR] [net.minecraft.world.level.storage.loot.LootDataType/]: Couldn't parse element ResourceKey[minecraft:root / minecraft:loot_table]:tracks:blocks/track_drive_wheel - Not a valid resource location: Tracks:track_drive_wheel Non [a-z0-9_.-] character in namespace of location: Tracks:track_drive_wheel; Not a valid resource location: Tracks:blocks/track_drive_wheel Non [a-z0-9_.-] character in namespace of location: Tracks:blocks/track_drive_wheel
[108月2026 21:12:35.246] [Worker-ResourceReload-6/ERROR] [net.minecraft.world.level.storage.loot.LootDataType/]: Couldn't parse element ResourceKey[minecraft:root / minecraft:loot_table]:railways:blocks/track_byg_redwood_narrow - Unknown registry key in ResourceKey[minecraft:root / minecraft:item]: railways:track_byg_redwood_narrow
[108月2026 21:12:35.246] [Worker-ResourceReload-6/ERROR] [net.minecraft.world.level.storage.loot.LootDataType/]: Couldn't parse element ResourceKey[minecraft:root / minecraft:loot_table]:railways:blocks/track_tfc_willow_narrow - Unknown registry key in ResourceKey[minecraft:root / minecraft:item]: railways:track_tfc_willow_narrow
[108月2026 21:12:35.246] [Worker-ResourceReload-6/ERROR] [net.minecraft.world.level.storage.loot.LootDataType/]: Couldn't parse element ResourceKey[minecraft:root / minecraft:loot_table]:railways:blocks/track_twilightforest_minewood_wide - Unknown registry key in ResourceKey[minecraft:root / minecraft:item]: railways:track_twilightforest_minewood_wide
[108月2026 21:12:35.246] [Worker-ResourceReload-6/ERROR] [net.minecraft.world.level.storage.loot.LootDataType/]: Couldn't parse element ResourceKey[minecraft:root / minecraft:loot_table]:railways:blocks/track_tfc_douglas_fir - Unknown registry key in ResourceKey[minecraft:root / minecraft:item]: railways:track_tfc_douglas_fir
[108月2026 21:12:35.246] [Worker-ResourceReload-6/ERROR] [net.minecraft.world.level.storage.loot.LootDataType/]: Couldn't parse element ResourceKey[minecraft:root / minecraft:loot_table]:railways:blocks/track_biomesoplenty_dead_narrow - Unknown registry key in ResourceKey[minecraft:root / minecraft:item]: railways:track_biomesoplenty_dead_narrow
[108月2026 21:12:35.247] [Worker-ResourceReload-6/ERROR] [net.minecraft.world.level.storage.loot.LootDataType/]: Couldn't parse element ResourceKey[minecraft:root / minecraft:loot_table]:railways:blocks/track_byg_ebony_wide - Unknown registry key in ResourceKey[minecraft:root / minecraft:item]: railways:track_byg_ebony_wide
[108月2026 21:12:35.247] [Worker-ResourceReload-6/ERROR] [net.minecraft.world.level.storage.loot.LootDataType/]: Couldn't parse element ResourceKey[minecraft:root / minecraft:loot_table]:railways:blocks/track_blue_skies_dusk - Unknown registry key in ResourceKey[minecraft:root / minecraft:item]: railways:track_blue_skies_dusk
[108月2026 21:12:35.248] [Worker-ResourceReload-6/ERROR] [net.minecraft.world.level.storage.loot.LootDataType/]: Couldn't parse element ResourceKey[minecraft:root / minecraft:loot_table]:create_integrated_farming:blocks/duck_roost_campbell - Unknown registry key in ResourceKey[minecraft:root / minecraft:item]: create_integrated_farming:duck_roost_campbell
[108月2026 21:12:35.248] [Worker-ResourceReload-6/ERROR] [net.minecraft.world.level.storage.loot.LootDataType/]: Couldn't parse element ResourceKey[minecraft:root / minecraft:loot_table]:create_connected:blocks/dye_depot_olive_fan_dyeing_catalyst - Unknown registry key in ResourceKey[minecraft:root / minecraft:item]: create_connected:dye_depot_olive_fan_dyeing_catalyst
[108月2026 21:12:35.248] [Worker-ResourceReload-6/ERROR] [net.minecraft.world.level.storage.loot.LootDataType/]: Couldn't parse element ResourceKey[minecraft:root / minecraft:loot_table]:railways:blocks/track_natures_spirit_fir_wide - Unknown registry key in ResourceKey[minecraft:root / minecraft:item]: railways:track_natures_spirit_fir_wide
[108月2026 21:12:35.249] [Worker-ResourceReload-6/ERROR] [net.minecraft.world.level.storage.loot.LootDataType/]: Couldn't parse element ResourceKey[minecraft:root / minecraft:loot_table]:railways:blocks/track_tfc_kapok - Unknown registry key in ResourceKey[minecraft:root / minecraft:item]: railways:track_tfc_kapok
[108月2026 21:12:35.250] [Worker-ResourceReload-6/ERROR] [net.minecraft.world.level.storage.loot.LootDataType/]: Couldn't parse element ResourceKey[minecraft:root / minecraft:loot_table]:railways:blocks/track_twilightforest_sortingwood - Unknown registry key in ResourceKey[minecraft:root / minecraft:item]: railways:track_twilightforest_sortingwood
[108月2026 21:12:35.250] [Worker-ResourceReload-6/ERROR] [net.minecraft.world.level.storage.loot.LootDataType/]: Couldn't parse element ResourceKey[minecraft:root / minecraft:loot_table]:railways:blocks/track_byg_jacaranda_narrow - Unknown registry key in ResourceKey[minecraft:root / minecraft:item]: railways:track_byg_jacaranda_narrow
[108月2026 21:12:35.250] [Worker-ResourceReload-6/ERROR] [net.minecraft.world.level.storage.loot.LootDataType/]: Couldn't parse element ResourceKey[minecraft:root / minecraft:loot_table]:railways:blocks/track_byg_green_enchanted - Unknown registry key in ResourceKey[minecraft:root / minecraft:item]: railways:track_byg_green_enchanted
[108月2026 21:12:35.250] [Worker-ResourceReload-6/ERROR] [net.minecraft.world.level.storage.loot.LootDataType/]: Couldn't parse element ResourceKey[minecraft:root / minecraft:loot_table]:railways:blocks/track_byg_white_mangrove - Unknown registry key in ResourceKey[minecraft:root / minecraft:item]: railways:track_byg_white_mangrove
[108月2026 21:12:35.251] [Worker-ResourceReload-6/ERROR] [net.minecraft.world.level.storage.loot.LootDataType/]: Couldn't parse element ResourceKey[minecraft:root / minecraft:loot_table]:railways:blocks/track_natures_spirit_aspen - Unknown registry key in ResourceKey[minecraft:root / minecraft:item]: railways:track_natures_spirit_aspen
[108月2026 21:12:35.251] [Worker-ResourceReload-6/ERROR] [net.minecraft.world.level.storage.loot.LootDataType/]: Couldn't parse element ResourceKey[minecraft:root / minecraft:loot_table]:railways:blocks/track_blue_skies_frostbright_narrow - Unknown registry key in ResourceKey[minecraft:root / minecraft:item]: railways:track_blue_skies_frostbright_narrow
[108月2026 21:12:35.251] [Worker-ResourceReload-6/ERROR] [net.minecraft.world.level.storage.loot.LootDataType/]: Couldn't parse element ResourceKey[minecraft:root / minecraft:loot_table]:railways:blocks/track_tfc_oak_wide - Unknown registry key in ResourceKey[minecraft:root / minecraft:item]: railways:track_tfc_oak_wide
[108月2026 21:12:35.251] [Worker-ResourceReload-6/ERROR] [net.minecraft.world.level.storage.loot.LootDataType/]: Couldn't parse element ResourceKey[minecraft:root / minecraft:loot_table]:railways:blocks/track_tfc_blackwood - Unknown registry key in ResourceKey[minecraft:root / minecraft:item]: railways:track_tfc_blackwood
[108月2026 21:12:35.251] [Worker-ResourceReload-6/ERROR] [net.minecraft.world.level.storage.loot.LootDataType/]: Couldn't parse element ResourceKey[minecraft:root / minecraft:loot_table]:railways:blocks/track_natures_spirit_cypress_narrow - Unknown registry key in ResourceKey[minecraft:root / minecraft:item]: railways:track_natures_spirit_cypress_narrow
[108月2026 21:12:35.251] [Worker-ResourceReload-6/ERROR] [net.minecraft.world.level.storage.loot.LootDataType/]: Couldn't parse element ResourceKey[minecraft:root / minecraft:loot_table]:railways:blocks/track_quark_blossom_narrow - Unknown registry key in ResourceKey[minecraft:root / minecraft:item]: railways:track_quark_blossom_narrow
[108月2026 21:12:35.252] [Worker-ResourceReload-6/ERROR] [net.minecraft.world.level.storage.loot.LootDataType/]: Couldn't parse element ResourceKey[minecraft:root / minecraft:loot_table]:railways:blocks/track_biomesoplenty_umbran_narrow - Unknown registry key in ResourceKey[minecraft:root / minecraft:item]: railways:track_biomesoplenty_umbran_narrow
[108月2026 21:12:35.252] [Worker-ResourceReload-6/ERROR] [net.minecraft.world.level.storage.loot.LootDataType/]: Couldn't parse element ResourceKey[minecraft:root / minecraft:loot_table]:railways:blocks/track_tfc_chestnut_wide - Unknown registry key in ResourceKey[minecraft:root / minecraft:item]: railways:track_tfc_chestnut_wide
[108月2026 21:12:35.252] [Worker-ResourceReload-6/ERROR] [net.minecraft.world.level.storage.loot.LootDataType/]: Couldn't parse element ResourceKey[minecraft:root / minecraft:loot_table]:railways:blocks/track_natures_spirit_willow_narrow - Unknown registry key in ResourceKey[minecraft:root / minecraft:item]: railways:track_natures_spirit_willow_narrow
[108月2026 21:12:35.252] [Worker-ResourceReload-6/ERROR] [net.minecraft.world.level.storage.loot.LootDataType/]: Couldn't parse element ResourceKey[minecraft:root / minecraft:loot_table]:railways:blocks/track_blue_skies_bluebright - Unknown registry key in ResourceKey[minecraft:root / minecraft:item]: railways:track_blue_skies_bluebright
[108月2026 21:12:35.252] [Worker-ResourceReload-6/ERROR] [net.minecraft.world.level.storage.loot.LootDataType/]: Couldn't parse element ResourceKey[minecraft:root / minecraft:loot_table]:railways:blocks/track_tfc_ash_wide - Unknown registry key in ResourceKey[minecraft:root / minecraft:item]: railways:track_tfc_ash_wide
[108月2026 21:12:35.252] [Worker-ResourceReload-6/ERROR] [net.minecraft.world.level.storage.loot.LootDataType/]: Couldn't parse element ResourceKey[minecraft:root / minecraft:loot_table]:railways:blocks/track_blue_skies_bluebright_narrow - Unknown registry key in ResourceKey[minecraft:root / minecraft:item]: railways:track_blue_skies_bluebright_narrow
[108月2026 21:12:35.252] [Worker-ResourceReload-6/ERROR] [net.minecraft.world.level.storage.loot.LootDataType/]: Couldn't parse element ResourceKey[minecraft:root / minecraft:loot_table]:railways:blocks/track_biomesoplenty_mahogany - Unknown registry key in ResourceKey[minecraft:root / minecraft:item]: railways:track_biomesoplenty_mahogany
[108月2026 21:12:35.253] [Worker-ResourceReload-6/ERROR] [net.minecraft.world.level.storage.loot.LootDataType/]: Couldn't parse element ResourceKey[minecraft:root / minecraft:loot_table]:create_connected:blocks/dye_depot_verdant_fan_dyeing_catalyst - Unknown registry key in ResourceKey[minecraft:root / minecraft:item]: create_connected:dye_depot_verdant_fan_dyeing_catalyst
[108月2026 21:12:35.253] [Worker-ResourceReload-6/ERROR] [net.minecraft.world.level.storage.loot.LootDataType/]: Couldn't parse element ResourceKey[minecraft:root / minecraft:loot_table]:railways:blocks/track_byg_embur_narrow - Unknown registry key in ResourceKey[minecraft:root / minecraft:item]: railways:track_byg_embur_narrow
[108月2026 21:12:35.254] [Worker-ResourceReload-6/ERROR] [net.minecraft.world.level.storage.loot.LootDataType/]: Couldn't parse element ResourceKey[minecraft:root / minecraft:loot_table]:railways:blocks/track_natures_spirit_redwood - Unknown registry key in ResourceKey[minecraft:root / minecraft:item]: railways:track_natures_spirit_redwood
[108月2026 21:12:35.254] [Worker-ResourceReload-6/ERROR] [net.minecraft.world.level.storage.loot.LootDataType/]: Couldn't parse element ResourceKey[minecraft:root / minecraft:loot_table]:railways:blocks/track_tfc_palm_wide - Unknown registry key in ResourceKey[minecraft:root / minecraft:item]: railways:track_tfc_palm_wide
[108月2026 21:12:35.255] [Worker-ResourceReload-6/ERROR] [net.minecraft.world.level.storage.loot.LootDataType/]: Couldn't parse element ResourceKey[minecraft:root / minecraft:loot_table]:railways:blocks/track_byg_baobab_narrow - Unknown registry key in ResourceKey[minecraft:root / minecraft:item]: railways:track_byg_baobab_narrow
[108月2026 21:12:35.255] [Worker-ResourceReload-6/ERROR] [net.minecraft.world.level.storage.loot.LootDataType/]: Couldn't parse element ResourceKey[minecraft:root / minecraft:loot_table]:railways:blocks/track_twilightforest_canopy_narrow - Unknown registry key in ResourceKey[minecraft:root / minecraft:item]: railways:track_twilightforest_canopy_narrow
[108月2026 21:12:35.255] [Worker-ResourceReload-6/ERROR] [net.minecraft.world.level.storage.loot.LootDataType/]: Couldn't parse element ResourceKey[minecraft:root / minecraft:loot_table]:minecolonies_compatibility:blocks/citizen_grid - Unknown registry key in ResourceKey[minecraft:root / minecraft:item]: minecolonies_compatibility:citizen_grid
[108月2026 21:12:35.255] [Worker-ResourceReload-6/ERROR] [net.minecraft.world.level.storage.loot.LootDataType/]: Couldn't parse element ResourceKey[minecraft:root / minecraft:loot_table]:railways:blocks/track_twilightforest_twilight_oak - Unknown registry key in ResourceKey[minecraft:root / minecraft:item]: railways:track_twilightforest_twilight_oak
[108月2026 21:12:35.256] [Worker-ResourceReload-6/ERROR] [net.minecraft.world.level.storage.loot.LootDataType/]: Couldn't parse element ResourceKey[minecraft:root / minecraft:loot_table]:railways:blocks/track_tfc_rosewood_narrow - Unknown registry key in ResourceKey[minecraft:root / minecraft:item]: railways:track_tfc_rosewood_narrow
[108月2026 21:12:35.257] [Worker-ResourceReload-6/ERROR] [net.minecraft.world.level.storage.loot.LootDataType/]: Couldn't parse element ResourceKey[minecraft:root / minecraft:loot_table]:railways:blocks/track_byg_jacaranda - Unknown registry key in ResourceKey[minecraft:root / minecraft:item]: railways:track_byg_jacaranda
[108月2026 21:12:35.258] [Worker-ResourceReload-6/ERROR] [net.minecraft.world.level.storage.loot.LootDataType/]: Couldn't parse element ResourceKey[minecraft:root / minecraft:loot_table]:railways:blocks/track_byg_blue_enchanted_wide - Unknown registry key in ResourceKey[minecraft:root / minecraft:item]: railways:track_byg_blue_enchanted_wide
[108月2026 21:12:35.258] [Worker-ResourceReload-6/ERROR] [net.minecraft.world.level.storage.loot.LootDataType/]: Couldn't parse element ResourceKey[minecraft:root / minecraft:loot_table]:railways:blocks/track_biomesoplenty_redwood - Unknown registry key in ResourceKey[minecraft:root / minecraft:item]: railways:track_biomesoplenty_redwood
[108月2026 21:12:35.259] [Worker-ResourceReload-6/ERROR] [net.minecraft.world.level.storage.loot.LootDataType/]: Couldn't parse element ResourceKey[minecraft:root / minecraft:loot_table]:create_connected:blocks/dye_depot_beige_fan_dyeing_catalyst - Unknown registry key in ResourceKey[minecraft:root / minecraft:item]: create_connected:dye_depot_beige_fan_dyeing_catalyst
[108月2026 21:12:35.261] [Worker-ResourceReload-6/ERROR] [net.minecraft.world.level.storage.loot.LootDataType/]: Couldn't parse element ResourceKey[minecraft:root / minecraft:loot_table]:railways:blocks/track_tfc_kapok_narrow - Unknown registry key in ResourceKey[minecraft:root / minecraft:item]: railways:track_tfc_kapok_narrow
[108月2026 21:12:35.262] [Worker-ResourceReload-6/ERROR] [net.minecraft.world.level.storage.loot.LootDataType/]: Couldn't parse element ResourceKey[minecraft:root / minecraft:loot_table]:railways:blocks/track_blue_skies_starlit_narrow - Unknown registry key in ResourceKey[minecraft:root / minecraft:item]: railways:track_blue_skies_starlit_narrow
[108月2026 21:12:35.262] [Worker-ResourceReload-6/ERROR] [net.minecraft.world.level.storage.loot.LootDataType/]: Couldn't parse element ResourceKey[minecraft:root / minecraft:loot_table]:railways:blocks/track_tfc_aspen - Unknown registry key in ResourceKey[minecraft:root / minecraft:item]: railways:track_tfc_aspen
[108月2026 21:12:35.263] [Worker-ResourceReload-6/ERROR] [net.minecraft.world.level.storage.loot.LootDataType/]: Couldn't parse element ResourceKey[minecraft:root / minecraft:loot_table]:railways:blocks/track_tfc_pine - Unknown registry key in ResourceKey[minecraft:root / minecraft:item]: railways:track_tfc_pine
[108月2026 21:12:35.263] [Worker-ResourceReload-6/ERROR] [net.minecraft.world.level.storage.loot.LootDataType/]: Couldn't parse element ResourceKey[minecraft:root / minecraft:loot_table]:railways:blocks/track_tfc_spruce_wide - Unknown registry key in ResourceKey[minecraft:root / minecraft:item]: railways:track_tfc_spruce_wide
[108月2026 21:12:35.264] [Worker-ResourceReload-6/ERROR] [net.minecraft.world.level.storage.loot.LootDataType/]: Couldn't parse element ResourceKey[minecraft:root / minecraft:loot_table]:railways:blocks/track_byg_zelkova_wide - Unknown registry key in ResourceKey[minecraft:root / minecraft:item]: railways:track_byg_zelkova_wide
[108月2026 21:12:35.264] [Worker-ResourceReload-6/ERROR] [net.minecraft.world.level.storage.loot.LootDataType/]: Couldn't parse element ResourceKey[minecraft:root / minecraft:loot_table]:railways:blocks/track_biomesoplenty_umbran_wide - Unknown registry key in ResourceKey[minecraft:root / minecraft:item]: railways:track_biomesoplenty_umbran_wide
[108月2026 21:12:35.265] [Worker-ResourceReload-6/ERROR] [net.minecraft.world.level.storage.loot.LootDataType/]: Couldn't parse element ResourceKey[minecraft:root / minecraft:loot_table]:create_integrated_farming:blocks/duck_roost_pekin - Unknown registry key in ResourceKey[minecraft:root / minecraft:item]: create_integrated_farming:duck_roost_pekin
[108月2026 21:12:35.265] [Worker-ResourceReload-6/ERROR] [net.minecraft.world.level.storage.loot.LootDataType/]: Couldn't parse element ResourceKey[minecraft:root / minecraft:loot_table]:railways:blocks/track_tfc_spruce_narrow - Unknown registry key in ResourceKey[minecraft:root / minecraft:item]: railways:track_tfc_spruce_narrow
[108月2026 21:12:35.265] [Worker-ResourceReload-6/ERROR] [net.minecraft.world.level.storage.loot.LootDataType/]: Couldn't parse element ResourceKey[minecraft:root / minecraft:loot_table]:railways:blocks/track_tfc_douglas_fir_wide - Unknown registry key in ResourceKey[minecraft:root / minecraft:item]: railways:track_tfc_douglas_fir_wide
[108月2026 21:12:35.266] [Worker-ResourceReload-6/ERROR] [net.minecraft.world.level.storage.loot.LootDataType/]: Couldn't parse element ResourceKey[minecraft:root / minecraft:loot_table]:railways:blocks/track_tfc_willow - Unknown registry key in ResourceKey[minecraft:root / minecraft:item]: railways:track_tfc_willow
[108月2026 21:12:35.266] [Worker-ResourceReload-6/ERROR] [net.minecraft.world.level.storage.loot.LootDataType/]: Couldn't parse element ResourceKey[minecraft:root / minecraft:loot_table]:railways:blocks/track_hexcasting_edified_wide - Unknown registry key in ResourceKey[minecraft:root / minecraft:item]: railways:track_hexcasting_edified_wide
[108月2026 21:12:35.266] [Worker-ResourceReload-6/ERROR] [net.minecraft.world.level.storage.loot.LootDataType/]: Couldn't parse element ResourceKey[minecraft:root / minecraft:loot_table]:railways:blocks/track_byg_witch_hazel_wide - Unknown registry key in ResourceKey[minecraft:root / minecraft:item]: railways:track_byg_witch_hazel_wide
[108月2026 21:12:35.266] [Worker-ResourceReload-6/ERROR] [net.minecraft.world.level.storage.loot.LootDataType/]: Couldn't parse element ResourceKey[minecraft:root / minecraft:loot_table]:railways:blocks/track_byg_willow_narrow - Unknown registry key in ResourceKey[minecraft:root / minecraft:item]: railways:track_byg_willow_narrow
[108月2026 21:12:35.266] [Worker-ResourceReload-6/ERROR] [net.minecraft.world.level.storage.loot.LootDataType/]: Couldn't parse element ResourceKey[minecraft:root / minecraft:loot_table]:railways:blocks/track_byg_baobab - Unknown registry key in ResourceKey[minecraft:root / minecraft:item]: railways:track_byg_baobab
[108月2026 21:12:35.266] [Worker-ResourceReload-6/ERROR] [net.minecraft.world.level.storage.loot.LootDataType/]: Couldn't parse element ResourceKey[minecraft:root / minecraft:loot_table]:railways:blocks/track_natures_spirit_fir_narrow - Unknown registry key in ResourceKey[minecraft:root / minecraft:item]: railways:track_natures_spirit_fir_narrow
[108月2026 21:12:35.266] [Worker-ResourceReload-6/ERROR] [net.minecraft.world.level.storage.loot.LootDataType/]: Couldn't parse element ResourceKey[minecraft:root / minecraft:loot_table]:railways:blocks/track_byg_palm_wide - Unknown registry key in ResourceKey[minecraft:root / minecraft:item]: railways:track_byg_palm_wide
[108月2026 21:12:35.267] [Worker-ResourceReload-6/ERROR] [net.minecraft.world.level.storage.loot.LootDataType/]: Couldn't parse element ResourceKey[minecraft:root / minecraft:loot_table]:railways:blocks/track_byg_pine_wide - Unknown registry key in ResourceKey[minecraft:root / minecraft:item]: railways:track_byg_pine_wide
[108月2026 21:12:35.267] [Worker-ResourceReload-6/ERROR] [net.minecraft.world.level.storage.loot.LootDataType/]: Couldn't parse element ResourceKey[minecraft:root / minecraft:loot_table]:railways:blocks/track_natures_spirit_sugi_narrow - Unknown registry key in ResourceKey[minecraft:root / minecraft:item]: railways:track_natures_spirit_sugi_narrow
[108月2026 21:12:35.267] [Worker-ResourceReload-6/ERROR] [net.minecraft.world.level.storage.loot.LootDataType/]: Couldn't parse element ResourceKey[minecraft:root / minecraft:loot_table]:railways:blocks/track_byg_maple_wide - Unknown registry key in ResourceKey[minecraft:root / minecraft:item]: railways:track_byg_maple_wide
[108月2026 21:12:35.267] [Worker-ResourceReload-6/ERROR] [net.minecraft.world.level.storage.loot.LootDataType/]: Couldn't parse element ResourceKey[minecraft:root / minecraft:loot_table]:railways:blocks/track_biomesoplenty_fir_wide - Unknown registry key in ResourceKey[minecraft:root / minecraft:item]: railways:track_biomesoplenty_fir_wide
[108月2026 21:12:35.267] [Worker-ResourceReload-6/ERROR] [net.minecraft.world.level.storage.loot.LootDataType/]: Couldn't parse element ResourceKey[minecraft:root / minecraft:loot_table]:railways:blocks/track_byg_maple - Unknown registry key in ResourceKey[minecraft:root / minecraft:item]: railways:track_byg_maple
[108月2026 21:12:35.267] [Worker-ResourceReload-6/ERROR] [net.minecraft.world.level.storage.loot.LootDataType/]: Couldn't parse element ResourceKey[minecraft:root / minecraft:loot_table]:railways:blocks/track_byg_lament_wide - Unknown registry key in ResourceKey[minecraft:root / minecraft:item]: railways:track_byg_lament_wide
[108月2026 21:12:35.268] [Worker-ResourceReload-6/ERROR] [net.minecraft.world.level.storage.loot.LootDataType/]: Couldn't parse element ResourceKey[minecraft:root / minecraft:loot_table]:railways:blocks/track_natures_spirit_ghaf - Unknown registry key in ResourceKey[minecraft:root / minecraft:item]: railways:track_natures_spirit_ghaf
[108月2026 21:12:35.268] [Worker-ResourceReload-6/ERROR] [net.minecraft.world.level.storage.loot.LootDataType/]: Couldn't parse element ResourceKey[minecraft:root / minecraft:loot_table]:railways:blocks/track_tfc_palm - Unknown registry key in ResourceKey[minecraft:root / minecraft:item]: railways:track_tfc_palm
[108月2026 21:12:35.268] [Worker-ResourceReload-6/ERROR] [net.minecraft.world.level.storage.loot.LootDataType/]: Couldn't parse element ResourceKey[minecraft:root / minecraft:loot_table]:railways:blocks/track_byg_blue_enchanted - Unknown registry key in ResourceKey[minecraft:root / minecraft:item]: railways:track_byg_blue_enchanted
[108月2026 21:12:35.268] [Worker-ResourceReload-6/ERROR] [net.minecraft.world.level.storage.loot.LootDataType/]: Couldn't parse element ResourceKey[minecraft:root / minecraft:loot_table]:railways:blocks/track_natures_spirit_maple_wide - Unknown registry key in ResourceKey[minecraft:root / minecraft:item]: railways:track_natures_spirit_maple_wide
[108月2026 21:12:35.269] [Worker-ResourceReload-6/ERROR] [net.minecraft.world.level.storage.loot.LootDataType/]: Couldn't parse element ResourceKey[minecraft:root / minecraft:loot_table]:railways:blocks/track_tfc_white_cedar_wide - Unknown registry key in ResourceKey[minecraft:root / minecraft:item]: railways:track_tfc_white_cedar_wide
[108月2026 21:12:35.270] [Worker-ResourceReload-6/ERROR] [net.minecraft.world.level.storage.loot.LootDataType/]: Couldn't parse element ResourceKey[minecraft:root / minecraft:loot_table]:railways:blocks/track_twilightforest_minewood - Unknown registry key in ResourceKey[minecraft:root / minecraft:item]: railways:track_twilightforest_minewood
[108月2026 21:12:35.270] [Worker-ResourceReload-6/ERROR] [net.minecraft.world.level.storage.loot.LootDataType/]: Couldn't parse element ResourceKey[minecraft:root / minecraft:loot_table]:create_connected:blocks/dye_depot_teal_fan_dyeing_catalyst - Unknown registry key in ResourceKey[minecraft:root / minecraft:item]: create_connected:dye_depot_teal_fan_dyeing_catalyst
[108月2026 21:12:35.270] [Worker-ResourceReload-6/ERROR] [net.minecraft.world.level.storage.loot.LootDataType/]: Couldn't parse element ResourceKey[minecraft:root / minecraft:loot_table]:create_integrated_farming:blocks/goose_roost_sus - Unknown registry key in ResourceKey[minecraft:root / minecraft:item]: create_integrated_farming:goose_roost_sus
[108月2026 21:12:35.271] [Worker-ResourceReload-6/ERROR] [net.minecraft.world.level.storage.loot.LootDataType/]: Couldn't parse element ResourceKey[minecraft:root / minecraft:loot_table]:railways:blocks/track_byg_pine_narrow - Unknown registry key in ResourceKey[minecraft:root / minecraft:item]: railways:track_byg_pine_narrow
[108月2026 21:12:35.271] [Worker-ResourceReload-6/ERROR] [net.minecraft.world.level.storage.loot.LootDataType/]: Couldn't parse element ResourceKey[minecraft:root / minecraft:loot_table]:railways:blocks/track_natures_spirit_olive_wide - Unknown registry key in ResourceKey[minecraft:root / minecraft:item]: railways:track_natures_spirit_olive_wide
[108月2026 21:12:35.271] [Worker-ResourceReload-6/ERROR] [net.minecraft.world.level.storage.loot.LootDataType/]: Couldn't parse element ResourceKey[minecraft:root / minecraft:loot_table]:railways:blocks/track_natures_spirit_sugi_wide - Unknown registry key in ResourceKey[minecraft:root / minecraft:item]: railways:track_natures_spirit_sugi_wide
[108月2026 21:12:35.271] [Worker-ResourceReload-6/ERROR] [net.minecraft.world.level.storage.loot.LootDataType/]: Couldn't parse element ResourceKey[minecraft:root / minecraft:loot_table]:railways:blocks/track_byg_aspen_narrow - Unknown registry key in ResourceKey[minecraft:root / minecraft:item]: railways:track_byg_aspen_narrow
[108月2026 21:12:35.272] [Worker-ResourceReload-6/ERROR] [net.minecraft.world.level.storage.loot.LootDataType/]: Couldn't parse element ResourceKey[minecraft:root / minecraft:loot_table]:railways:blocks/track_tfc_sequoia_narrow - Unknown registry key in ResourceKey[minecraft:root / minecraft:item]: railways:track_tfc_sequoia_narrow
[108月2026 21:12:35.272] [Worker-ResourceReload-6/ERROR] [net.minecraft.world.level.storage.loot.LootDataType/]: Couldn't parse element ResourceKey[minecraft:root / minecraft:loot_table]:railways:blocks/track_twilightforest_sortingwood_narrow - Unknown registry key in ResourceKey[minecraft:root / minecraft:item]: railways:track_twilightforest_sortingwood_narrow
[108月2026 21:12:35.273] [Worker-ResourceReload-6/ERROR] [net.minecraft.world.level.storage.loot.LootDataType/]: Couldn't parse element ResourceKey[minecraft:root / minecraft:loot_table]:railways:blocks/track_tfc_spruce - Unknown registry key in ResourceKey[minecraft:root / minecraft:item]: railways:track_tfc_spruce
[108月2026 21:12:35.273] [Worker-ResourceReload-6/ERROR] [net.minecraft.world.level.storage.loot.LootDataType/]: Couldn't parse element ResourceKey[minecraft:root / minecraft:loot_table]:railways:blocks/track_tfc_douglas_fir_narrow - Unknown registry key in ResourceKey[minecraft:root / minecraft:item]: railways:track_tfc_douglas_fir_narrow
[108月2026 21:12:35.273] [Worker-ResourceReload-6/ERROR] [net.minecraft.world.level.storage.loot.LootDataType/]: Couldn't parse element ResourceKey[minecraft:root / minecraft:loot_table]:railways:blocks/track_biomesoplenty_hellbark_narrow - Unknown registry key in ResourceKey[minecraft:root / minecraft:item]: railways:track_biomesoplenty_hellbark_narrow
[108月2026 21:12:35.274] [Worker-ResourceReload-6/ERROR] [net.minecraft.world.level.storage.loot.LootDataType/]: Couldn't parse element ResourceKey[minecraft:root / minecraft:loot_table]:railways:blocks/track_tfc_pine_wide - Unknown registry key in ResourceKey[minecraft:root / minecraft:item]: railways:track_tfc_pine_wide
[108月2026 21:12:35.276] [Worker-ResourceReload-6/ERROR] [net.minecraft.world.level.storage.loot.LootDataType/]: Couldn't parse element ResourceKey[minecraft:root / minecraft:loot_table]:railways:blocks/track_byg_redwood - Unknown registry key in ResourceKey[minecraft:root / minecraft:item]: railways:track_byg_redwood
[108月2026 21:12:35.276] [Worker-ResourceReload-6/ERROR] [net.minecraft.world.level.storage.loot.LootDataType/]: Couldn't parse element ResourceKey[minecraft:root / minecraft:loot_table]:railways:blocks/track_create_dd_rubber_wide - Unknown registry key in ResourceKey[minecraft:root / minecraft:item]: railways:track_create_dd_rubber_wide
[108月2026 21:12:35.276] [Worker-ResourceReload-6/ERROR] [net.minecraft.world.level.storage.loot.LootDataType/]: Couldn't parse element ResourceKey[minecraft:root / minecraft:loot_table]:railways:blocks/track_natures_spirit_ghaf_wide - Unknown registry key in ResourceKey[minecraft:root / minecraft:item]: railways:track_natures_spirit_ghaf_wide
[108月2026 21:12:35.277] [Worker-ResourceReload-6/ERROR] [net.minecraft.world.level.storage.loot.LootDataType/]: Couldn't parse element ResourceKey[minecraft:root / minecraft:loot_table]:railways:blocks/track_natures_spirit_palo_verde - Unknown registry key in ResourceKey[minecraft:root / minecraft:item]: railways:track_natures_spirit_palo_verde
[108月2026 21:12:35.277] [Worker-ResourceReload-6/ERROR] [net.minecraft.world.level.storage.loot.LootDataType/]: Couldn't parse element ResourceKey[minecraft:root / minecraft:loot_table]:railways:blocks/track_biomesoplenty_palm_wide - Unknown registry key in ResourceKey[minecraft:root / minecraft:item]: railways:track_biomesoplenty_palm_wide
[108月2026 21:12:35.277] [Worker-ResourceReload-6/ERROR] [net.minecraft.world.level.storage.loot.LootDataType/]: Couldn't parse element ResourceKey[minecraft:root / minecraft:loot_table]:railways:blocks/track_natures_spirit_redwood_wide - Unknown registry key in ResourceKey[minecraft:root / minecraft:item]: railways:track_natures_spirit_redwood_wide
[108月2026 21:12:35.277] [Worker-ResourceReload-6/ERROR] [net.minecraft.world.level.storage.loot.LootDataType/]: Couldn't parse element ResourceKey[minecraft:root / minecraft:loot_table]:railways:blocks/track_blue_skies_lunar_narrow - Unknown registry key in ResourceKey[minecraft:root / minecraft:item]: railways:track_blue_skies_lunar_narrow
[108月2026 21:12:35.277] [Worker-ResourceReload-6/ERROR] [net.minecraft.world.level.storage.loot.LootDataType/]: Couldn't parse element ResourceKey[minecraft:root / minecraft:loot_table]:railways:blocks/track_tfc_sycamore_narrow - Unknown registry key in ResourceKey[minecraft:root / minecraft:item]: railways:track_tfc_sycamore_narrow
[108月2026 21:12:35.277] [Worker-ResourceReload-6/ERROR] [net.minecraft.world.level.storage.loot.LootDataType/]: Couldn't parse element ResourceKey[minecraft:root / minecraft:loot_table]:railways:blocks/track_tfc_aspen_narrow - Unknown registry key in ResourceKey[minecraft:root / minecraft:item]: railways:track_tfc_aspen_narrow
[108月2026 21:12:35.277] [Worker-ResourceReload-6/ERROR] [net.minecraft.world.level.storage.loot.LootDataType/]: Couldn't parse element ResourceKey[minecraft:root / minecraft:loot_table]:create_connected:blocks/dye_depot_tan_fan_dyeing_catalyst - Unknown registry key in ResourceKey[minecraft:root / minecraft:item]: create_connected:dye_depot_tan_fan_dyeing_catalyst
[108月2026 21:12:35.278] [Worker-ResourceReload-6/ERROR] [net.minecraft.world.level.storage.loot.LootDataType/]: Couldn't parse element ResourceKey[minecraft:root / minecraft:loot_table]:railways:blocks/track_create_dd_spirit_wide - Unknown registry key in ResourceKey[minecraft:root / minecraft:item]: railways:track_create_dd_spirit_wide
[108月2026 21:12:35.278] [Worker-ResourceReload-6/ERROR] [net.minecraft.world.level.storage.loot.LootDataType/]: Couldn't parse element ResourceKey[minecraft:root / minecraft:loot_table]:railways:blocks/track_quark_blossom_wide - Unknown registry key in ResourceKey[minecraft:root / minecraft:item]: railways:track_quark_blossom_wide
[108月2026 21:12:35.278] [Worker-ResourceReload-6/ERROR] [net.minecraft.world.level.storage.loot.LootDataType/]: Couldn't parse element ResourceKey[minecraft:root / minecraft:loot_table]:railways:blocks/track_biomesoplenty_magic - Unknown registry key in ResourceKey[minecraft:root / minecraft:item]: railways:track_biomesoplenty_magic
[108月2026 21:12:35.278] [Worker-ResourceReload-6/ERROR] [net.minecraft.world.level.storage.loot.LootDataType/]: Couldn't parse element ResourceKey[minecraft:root / minecraft:loot_table]:railways:blocks/track_twilightforest_canopy_wide - Unknown registry key in ResourceKey[minecraft:root / minecraft:item]: railways:track_twilightforest_canopy_wide
[108月2026 21:12:35.279] [Worker-ResourceReload-6/ERROR] [net.minecraft.world.level.storage.loot.LootDataType/]: Couldn't parse element ResourceKey[minecraft:root / minecraft:loot_table]:create_connected:blocks/dye_depot_indigo_fan_dyeing_catalyst - Unknown registry key in ResourceKey[minecraft:root / minecraft:item]: create_connected:dye_depot_indigo_fan_dyeing_catalyst
[108月2026 21:12:35.279] [Worker-ResourceReload-6/ERROR] [net.minecraft.world.level.storage.loot.LootDataType/]: Couldn't parse element ResourceKey[minecraft:root / minecraft:loot_table]:railways:blocks/track_byg_ether - Unknown registry key in ResourceKey[minecraft:root / minecraft:item]: railways:track_byg_ether
[108月2026 21:12:35.279] [Worker-ResourceReload-6/ERROR] [net.minecraft.world.level.storage.loot.LootDataType/]: Couldn't parse element ResourceKey[minecraft:root / minecraft:loot_table]:railways:blocks/track_blue_skies_starlit_wide - Unknown registry key in ResourceKey[minecraft:root / minecraft:item]: railways:track_blue_skies_starlit_wide
[108月2026 21:12:35.279] [Worker-ResourceReload-6/ERROR] [net.minecraft.world.level.storage.loot.LootDataType/]: Couldn't parse element ResourceKey[minecraft:root / minecraft:loot_table]:railways:blocks/track_byg_cika - Unknown registry key in ResourceKey[minecraft:root / minecraft:item]: railways:track_byg_cika
[108月2026 21:12:35.279] [Worker-ResourceReload-6/ERROR] [net.minecraft.world.level.storage.loot.LootDataType/]: Couldn't parse element ResourceKey[minecraft:root / minecraft:loot_table]:railways:blocks/track_biomesoplenty_palm_narrow - Unknown registry key in ResourceKey[minecraft:root / minecraft:item]: railways:track_biomesoplenty_palm_narrow
[108月2026 21:12:35.280] [Worker-ResourceReload-6/ERROR] [net.minecraft.world.level.storage.loot.LootDataType/]: Couldn't parse element ResourceKey[minecraft:root / minecraft:loot_table]:railways:blocks/track_quark_blossom - Unknown registry key in ResourceKey[minecraft:root / minecraft:item]: railways:track_quark_blossom
[108月2026 21:12:35.280] [Worker-ResourceReload-6/ERROR] [net.minecraft.world.level.storage.loot.LootDataType/]: Couldn't parse element ResourceKey[minecraft:root / minecraft:loot_table]:railways:blocks/track_biomesoplenty_jacaranda_narrow - Unknown registry key in ResourceKey[minecraft:root / minecraft:item]: railways:track_biomesoplenty_jacaranda_narrow
[108月2026 21:12:35.280] [Worker-ResourceReload-6/ERROR] [net.minecraft.world.level.storage.loot.LootDataType/]: Couldn't parse element ResourceKey[minecraft:root / minecraft:loot_table]:create_integrated_farming:blocks/goose_roost_untitled - Unknown registry key in ResourceKey[minecraft:root / minecraft:item]: create_integrated_farming:goose_roost_untitled
[108月2026 21:12:35.280] [Worker-ResourceReload-6/ERROR] [net.minecraft.world.level.storage.loot.LootDataType/]: Couldn't parse element ResourceKey[minecraft:root / minecraft:loot_table]:railways:blocks/track_quark_azalea_wide - Unknown registry key in ResourceKey[minecraft:root / minecraft:item]: railways:track_quark_azalea_wide
[108月2026 21:12:35.280] [Worker-ResourceReload-6/ERROR] [net.minecraft.world.level.storage.loot.LootDataType/]: Couldn't parse element ResourceKey[minecraft:root / minecraft:loot_table]:railways:blocks/track_natures_spirit_joshua - Unknown registry key in ResourceKey[minecraft:root / minecraft:item]: railways:track_natures_spirit_joshua
[108月2026 21:12:35.281] [Worker-ResourceReload-6/ERROR] [net.minecraft.world.level.storage.loot.LootDataType/]: Couldn't parse element ResourceKey[minecraft:root / minecraft:loot_table]:tracks:blocks/track_mount - Not a valid resource location: Tracks:track_mount Non [a-z0-9_.-] character in namespace of location: Tracks:track_mount; Not a valid resource location: Tracks:blocks/track_mount Non [a-z0-9_.-] character in namespace of location: Tracks:blocks/track_mount
[108月2026 21:12:35.281] [Worker-ResourceReload-6/ERROR] [net.minecraft.world.level.storage.loot.LootDataType/]: Couldn't parse element ResourceKey[minecraft:root / minecraft:loot_table]:railways:blocks/track_byg_bulbis - Unknown registry key in ResourceKey[minecraft:root / minecraft:item]: railways:track_byg_bulbis
[108月2026 21:12:35.281] [Worker-ResourceReload-6/ERROR] [net.minecraft.world.level.storage.loot.LootDataType/]: Couldn't parse element ResourceKey[minecraft:root / minecraft:loot_table]:create_connected:blocks/dye_depot_navy_fan_dyeing_catalyst - Unknown registry key in ResourceKey[minecraft:root / minecraft:item]: create_connected:dye_depot_navy_fan_dyeing_catalyst
[108月2026 21:12:35.281] [Worker-ResourceReload-6/ERROR] [net.minecraft.world.level.storage.loot.LootDataType/]: Couldn't parse element ResourceKey[minecraft:root / minecraft:loot_table]:railways:blocks/track_byg_cypress_narrow - Unknown registry key in ResourceKey[minecraft:root / minecraft:item]: railways:track_byg_cypress_narrow
[108月2026 21:12:35.281] [Worker-ResourceReload-6/ERROR] [net.minecraft.world.level.storage.loot.LootDataType/]: Couldn't parse element ResourceKey[minecraft:root / minecraft:loot_table]:create_integrated_farming:blocks/duck_roost_normal - Unknown registry key in ResourceKey[minecraft:root / minecraft:item]: create_integrated_farming:duck_roost_normal
[108月2026 21:12:35.281] [Worker-ResourceReload-6/ERROR] [net.minecraft.world.level.storage.loot.LootDataType/]: Couldn't parse element ResourceKey[minecraft:root / minecraft:loot_table]:railways:blocks/track_blue_skies_maple_wide - Unknown registry key in ResourceKey[minecraft:root / minecraft:item]: railways:track_blue_skies_maple_wide
[108月2026 21:12:35.281] [Worker-ResourceReload-6/ERROR] [net.minecraft.world.level.storage.loot.LootDataType/]: Couldn't parse element ResourceKey[minecraft:root / minecraft:loot_table]:railways:blocks/track_biomesoplenty_redwood_wide - Unknown registry key in ResourceKey[minecraft:root / minecraft:item]: railways:track_biomesoplenty_redwood_wide
[108月2026 21:12:35.282] [Worker-ResourceReload-6/ERROR] [net.minecraft.world.level.storage.loot.LootDataType/]: Couldn't parse element ResourceKey[minecraft:root / minecraft:loot_table]:railways:blocks/track_natures_spirit_maple_narrow - Unknown registry key in ResourceKey[minecraft:root / minecraft:item]: railways:track_natures_spirit_maple_narrow
[108月2026 21:12:35.282] [Worker-ResourceReload-6/ERROR] [net.minecraft.world.level.storage.loot.LootDataType/]: Couldn't parse element ResourceKey[minecraft:root / minecraft:loot_table]:railways:blocks/track_biomesoplenty_willow_narrow - Unknown registry key in ResourceKey[minecraft:root / minecraft:item]: railways:track_biomesoplenty_willow_narrow
[108月2026 21:12:35.282] [Worker-ResourceReload-6/ERROR] [net.minecraft.world.level.storage.loot.LootDataType/]: Couldn't parse element ResourceKey[minecraft:root / minecraft:loot_table]:railways:blocks/track_quark_azalea - Unknown registry key in ResourceKey[minecraft:root / minecraft:item]: railways:track_quark_azalea
[108月2026 21:12:35.282] [Worker-ResourceReload-6/ERROR] [net.minecraft.world.level.storage.loot.LootDataType/]: Couldn't parse element ResourceKey[minecraft:root / minecraft:loot_table]:railways:blocks/track_twilightforest_timewood_wide - Unknown registry key in ResourceKey[minecraft:root / minecraft:item]: railways:track_twilightforest_timewood_wide
[108月2026 21:12:35.283] [Worker-ResourceReload-6/ERROR] [net.minecraft.world.level.storage.loot.LootDataType/]: Couldn't parse element ResourceKey[minecraft:root / minecraft:loot_table]:create_integrated_farming:blocks/goose_roost_normal - Unknown registry key in ResourceKey[minecraft:root / minecraft:item]: create_integrated_farming:goose_roost_normal
[108月2026 21:12:35.284] [Worker-ResourceReload-6/ERROR] [net.minecraft.world.level.storage.loot.LootDataType/]: Couldn't parse element ResourceKey[minecraft:root / minecraft:loot_table]:railways:blocks/track_twilightforest_transwood - Unknown registry key in ResourceKey[minecraft:root / minecraft:item]: railways:track_twilightforest_transwood
[108月2026 21:12:35.284] [Worker-ResourceReload-6/ERROR] [net.minecraft.world.level.storage.loot.LootDataType/]: Couldn't parse element ResourceKey[minecraft:root / minecraft:loot_table]:railways:blocks/track_tfc_pine_narrow - Unknown registry key in ResourceKey[minecraft:root / minecraft:item]: railways:track_tfc_pine_narrow
[108月2026 21:12:35.284] [Worker-ResourceReload-6/ERROR] [net.minecraft.world.level.storage.loot.LootDataType/]: Couldn't parse element ResourceKey[minecraft:root / minecraft:loot_table]:railways:blocks/track_biomesoplenty_redwood_narrow - Unknown registry key in ResourceKey[minecraft:root / minecraft:item]: railways:track_biomesoplenty_redwood_narrow
[108月2026 21:12:35.284] [Worker-ResourceReload-6/ERROR] [net.minecraft.world.level.storage.loot.LootDataType/]: Couldn't parse element ResourceKey[minecraft:root / minecraft:loot_table]:railways:blocks/track_create_dd_smoked_narrow - Unknown registry key in ResourceKey[minecraft:root / minecraft:item]: railways:track_create_dd_smoked_narrow
[108月2026 21:12:35.603] [Worker-ResourceReload-6/WARN] [createliquidfuel/]: addReloadListeners called
[108月2026 21:12:35.641] [Worker-ResourceReload-0/ERROR] [net.minecraft.tags.TagLoader/]: Couldn't read tag list minecraft:mineable/axe from minecraft:tags/block/mineable/axe.json in data pack mod/tracks
java.lang.IllegalStateException: Failed to parse either. First: Not a valid resource location: Tracks:track_mount Non [a-z0-9_.-] character in namespace of location: Tracks:track_mount; Second: Not a JSON object: "Tracks:track_mount"
	at MC-BOOTSTRAP/datafixerupper@8.0.16/com.mojang.serialization.DataResult$Error.getOrThrow(DataResult.java:287) ~[datafixerupper-8.0.16.jar%23114!/:?]
	at MC-BOOTSTRAP/datafixerupper@8.0.16/com.mojang.serialization.DataResult.getOrThrow(DataResult.java:81) ~[datafixerupper-8.0.16.jar%23114!/:?]
	at TRANSFORMER/minecraft@1.21.1/net.minecraft.tags.TagLoader.load(TagLoader.java:53) ~[client-1.21.1-20240808.144430-srg.jar%23304!/:?]
	at TRANSFORMER/minecraft@1.21.1/net.minecraft.tags.TagLoader.loadAndBuild(TagLoader.java:118) ~[client-1.21.1-20240808.144430-srg.jar%23304!/:?]
	at TRANSFORMER/minecraft@1.21.1/net.minecraft.tags.TagManager.lambda$createLoader$3(TagManager.java:46) ~[client-1.21.1-20240808.144430-srg.jar%23304!/:?]
	at java.base/java.util.concurrent.CompletableFuture$AsyncSupply.run(CompletableFuture.java:1768) [?:?]
	at java.base/java.util.concurrent.CompletableFuture$AsyncSupply.exec(CompletableFuture.java:1760) [?:?]
	at java.base/java.util.concurrent.ForkJoinTask.doExec(ForkJoinTask.java:387) [?:?]
	at java.base/java.util.concurrent.ForkJoinPool$WorkQueue.topLevelExec(ForkJoinPool.java:1312) [?:?]
	at java.base/java.util.concurrent.ForkJoinPool.scan(ForkJoinPool.java:1843) [?:?]
	at java.base/java.util.concurrent.ForkJoinPool.runWorker(ForkJoinPool.java:1808) [?:?]
	at java.base/java.util.concurrent.ForkJoinWorkerThread.run(ForkJoinWorkerThread.java:188) [?:?]
[108月2026 21:12:35.649] [Worker-ResourceReload-0/ERROR] [net.minecraft.tags.TagLoader/]: Couldn't read tag list minecraft:mineable/pickaxe from minecraft:tags/block/mineable/pickaxe.json in data pack mod/tracks
java.lang.IllegalStateException: Failed to parse either. First: Not a valid resource location: Tracks:track_drive_wheel Non [a-z0-9_.-] character in namespace of location: Tracks:track_drive_wheel; Second: Not a JSON object: "Tracks:track_drive_wheel"; Failed to parse either. First: Not a valid resource location: Tracks:suspension_track Non [a-z0-9_.-] character in namespace of location: Tracks:suspension_track; Second: Not a JSON object: "Tracks:suspension_track"; Failed to parse either. First: Not a valid resource location: Tracks:track_mount Non [a-z0-9_.-] character in namespace of location: Tracks:track_mount; Second: Not a JSON object: "Tracks:track_mount"
	at MC-BOOTSTRAP/datafixerupper@8.0.16/com.mojang.serialization.DataResult$Error.getOrThrow(DataResult.java:287) ~[datafixerupper-8.0.16.jar%23114!/:?]
	at MC-BOOTSTRAP/datafixerupper@8.0.16/com.mojang.serialization.DataResult.getOrThrow(DataResult.java:81) ~[datafixerupper-8.0.16.jar%23114!/:?]
	at TRANSFORMER/minecraft@1.21.1/net.minecraft.tags.TagLoader.load(TagLoader.java:53) ~[client-1.21.1-20240808.144430-srg.jar%23304!/:?]
	at TRANSFORMER/minecraft@1.21.1/net.minecraft.tags.TagLoader.loadAndBuild(TagLoader.java:118) ~[client-1.21.1-20240808.144430-srg.jar%23304!/:?]
	at TRANSFORMER/minecraft@1.21.1/net.minecraft.tags.TagManager.lambda$createLoader$3(TagManager.java:46) ~[client-1.21.1-20240808.144430-srg.jar%23304!/:?]
	at java.base/java.util.concurrent.CompletableFuture$AsyncSupply.run(CompletableFuture.java:1768) [?:?]
	at java.base/java.util.concurrent.CompletableFuture$AsyncSupply.exec(CompletableFuture.java:1760) [?:?]
	at java.base/java.util.concurrent.ForkJoinTask.doExec(ForkJoinTask.java:387) [?:?]
	at java.base/java.util.concurrent.ForkJoinPool$WorkQueue.topLevelExec(ForkJoinPool.java:1312) [?:?]
	at java.base/java.util.concurrent.ForkJoinPool.scan(ForkJoinPool.java:1843) [?:?]
	at java.base/java.util.concurrent.ForkJoinPool.runWorker(ForkJoinPool.java:1808) [?:?]
	at java.base/java.util.concurrent.ForkJoinWorkerThread.run(ForkJoinWorkerThread.java:188) [?:?]
[108月2026 21:12:35.673] [Worker-ResourceReload-0/ERROR] [net.minecraft.tags.TagLoader/]: Couldn't read tag list create:safe_nbt from create:tags/block/safe_nbt.json in data pack mod/tracks
java.lang.IllegalStateException: Failed to parse either. First: Not a valid resource location: Tracks:track_drive_wheel Non [a-z0-9_.-] character in namespace of location: Tracks:track_drive_wheel; Second: Not a JSON object: "Tracks:track_drive_wheel"; Failed to parse either. First: Not a valid resource location: Tracks:suspension_track Non [a-z0-9_.-] character in namespace of location: Tracks:suspension_track; Second: Not a JSON object: "Tracks:suspension_track"; Failed to parse either. First: Not a valid resource location: Tracks:track_mount Non [a-z0-9_.-] character in namespace of location: Tracks:track_mount; Second: Not a JSON object: "Tracks:track_mount"
	at MC-BOOTSTRAP/datafixerupper@8.0.16/com.mojang.serialization.DataResult$Error.getOrThrow(DataResult.java:287) ~[datafixerupper-8.0.16.jar%23114!/:?]
	at MC-BOOTSTRAP/datafixerupper@8.0.16/com.mojang.serialization.DataResult.getOrThrow(DataResult.java:81) ~[datafixerupper-8.0.16.jar%23114!/:?]
	at TRANSFORMER/minecraft@1.21.1/net.minecraft.tags.TagLoader.load(TagLoader.java:53) ~[client-1.21.1-20240808.144430-srg.jar%23304!/:?]
	at TRANSFORMER/minecraft@1.21.1/net.minecraft.tags.TagLoader.loadAndBuild(TagLoader.java:118) ~[client-1.21.1-20240808.144430-srg.jar%23304!/:?]
	at TRANSFORMER/minecraft@1.21.1/net.minecraft.tags.TagManager.lambda$createLoader$3(TagManager.java:46) ~[client-1.21.1-20240808.144430-srg.jar%23304!/:?]
	at java.base/java.util.concurrent.CompletableFuture$AsyncSupply.run(CompletableFuture.java:1768) [?:?]
	at java.base/java.util.concurrent.CompletableFuture$AsyncSupply.exec(CompletableFuture.java:1760) [?:?]
	at java.base/java.util.concurrent.ForkJoinTask.doExec(ForkJoinTask.java:387) [?:?]
	at java.base/java.util.concurrent.ForkJoinPool$WorkQueue.topLevelExec(ForkJoinPool.java:1312) [?:?]
	at java.base/java.util.concurrent.ForkJoinPool.scan(ForkJoinPool.java:1843) [?:?]
	at java.base/java.util.concurrent.ForkJoinPool.runWorker(ForkJoinPool.java:1808) [?:?]
	at java.base/java.util.concurrent.ForkJoinWorkerThread.run(ForkJoinWorkerThread.java:188) [?:?]
[108月2026 21:12:35.721] [Worker-ResourceReload-5/ERROR] [net.minecraft.tags.TagLoader/]: Couldn't load tag forge:fish as it is missing following references: 
	#forge:afish (from mod/flavor_immersed_daily)
[108月2026 21:12:35.721] [Worker-ResourceReload-5/ERROR] [net.minecraft.tags.TagLoader/]: Couldn't load tag sereneseasons:spring_crops as it is missing following references: 
	#forge:sapling (from mod/flavor_immersed_daily)
[108月2026 21:12:35.722] [Worker-ResourceReload-5/ERROR] [net.minecraft.tags.TagLoader/]: Couldn't load tag sereneseasons:summer_crops as it is missing following references: 
	#forge:sapling (from mod/flavor_immersed_daily)
[108月2026 21:12:35.722] [Worker-ResourceReload-5/ERROR] [net.minecraft.tags.TagLoader/]: Couldn't load tag sereneseasons:autumn_crops as it is missing following references: 
	#forge:sapling (from mod/flavor_immersed_daily)
[108月2026 21:12:35.727] [Worker-ResourceReload-5/ERROR] [net.minecraft.tags.TagLoader/]: Couldn't load tag forge:cut as it is missing following references: 
	#forge:vegpaste (from mod/flavor_immersed_daily)
	#forge:afish (from mod/flavor_immersed_daily)
[108月2026 21:12:35.729] [Worker-ResourceReload-5/ERROR] [net.minecraft.tags.TagLoader/]: Couldn't load tag eclipticseasons:natural_plants as it is missing following references: 
	#sereneseasons:spring_crops (from mod/flavor_immersed_daily)
	#sereneseasons:summer_crops (from mod/flavor_immersed_daily)
	#sereneseasons:autumn_crops (from mod/flavor_immersed_daily)
[108月2026 21:12:35.938] [Render thread/ERROR] [KubeJS/]: Couldn't load tag forge:fish as it is missing following references: 
	#forge:afish (from mod/flavor_immersed_daily)
[108月2026 21:12:35.938] [Render thread/ERROR] [KubeJS/]: Couldn't load tag sereneseasons:spring_crops as it is missing following references: 
	#forge:sapling (from mod/flavor_immersed_daily)
[108月2026 21:12:35.938] [Render thread/ERROR] [KubeJS/]: Couldn't load tag sereneseasons:summer_crops as it is missing following references: 
	#forge:sapling (from mod/flavor_immersed_daily)
[108月2026 21:12:35.938] [Render thread/ERROR] [KubeJS/]: Couldn't load tag sereneseasons:autumn_crops as it is missing following references: 
	#forge:sapling (from mod/flavor_immersed_daily)
[108月2026 21:12:35.939] [Render thread/ERROR] [KubeJS/]: Couldn't load tag forge:cut as it is missing following references: 
	#forge:vegpaste (from mod/flavor_immersed_daily)
	#forge:afish (from mod/flavor_immersed_daily)
[108月2026 21:12:35.941] [Render thread/ERROR] [KubeJS/]: Couldn't load tag eclipticseasons:natural_plants as it is missing following references: 
	#sereneseasons:spring_crops (from mod/flavor_immersed_daily)
	#sereneseasons:summer_crops (from mod/flavor_immersed_daily)
	#sereneseasons:autumn_crops (from mod/flavor_immersed_daily)
[108月2026 21:12:36.096] [Render thread/ERROR] [net.minecraft.world.item.crafting.RecipeManager/]: Parsing error loading recipe flavor_immersed_daily:kalredpeppertofid: com.google.gson.JsonParseException: Map entry 'a' : Failed to parse either. First: Not a json array: {"item":"kaleidoscope_cookery:red_chili"}; Second: No key tag in MapLike[{"item":"kaleidoscope_cookery:red_chili"}]; Unknown registry key in ResourceKey[minecraft:root / minecraft:item]: kaleidoscope_cookery:red_chili
[108月2026 21:12:36.098] [Render thread/ERROR] [net.minecraft.world.item.crafting.RecipeManager/]: Parsing error loading recipe flavor_immersed_daily:fidtobakery: com.google.gson.JsonParseException: Unknown registry key in ResourceKey[minecraft:root / minecraft:item]: bakeries:tomato
[108月2026 21:12:36.098] [Render thread/ERROR] [net.minecraft.world.item.crafting.RecipeManager/]: Parsing error loading recipe flavor_immersed_daily:mortarmaking: com.google.gson.JsonParseException: Unknown registry key in ResourceKey[minecraft:root / minecraft:item]: flavor_immersed_daily:deleted_mod_element
[108月2026 21:12:36.099] [Render thread/ERROR] [net.minecraft.world.item.crafting.RecipeManager/]: Parsing error loading recipe flavor_immersed_daily:fidtocas: com.google.gson.JsonParseException: Unknown registry key in ResourceKey[minecraft:root / minecraft:item]: casualnessdelight:capsicum
[108月2026 21:12:36.110] [Render thread/ERROR] [net.minecraft.world.item.crafting.RecipeManager/]: Parsing error loading recipe flavor_immersed_daily:fidcucumbertoharm: com.google.gson.JsonParseException: Unknown registry key in ResourceKey[minecraft:root / minecraft:item]: adorablehamsterpets:cucumber
[108月2026 21:12:36.111] [Render thread/ERROR] [net.minecraft.world.item.crafting.RecipeManager/]: Parsing error loading recipe flavor_immersed_daily:greenpepperfidtokal: com.google.gson.JsonParseException: Unknown registry key in ResourceKey[minecraft:root / minecraft:item]: kaleidoscope_cookery:green_chili
[108月2026 21:12:36.126] [Render thread/ERROR] [net.minecraft.world.item.crafting.RecipeManager/]: Parsing error loading recipe thirst:compat/create/cactus: com.google.gson.JsonParseException: Failed to parse either. First: No key id in MapLike[{"amount":250,"fluid":"minecraft:water","components":{"thirst:purity":3}}]; Second: Failed to parse either. First: No key id in MapLike[{"amount":250,"fluid":"minecraft:water","components":{"thirst:purity":3}}]; Second: No key item in MapLike[{"amount":250,"fluid":"minecraft:water","components":{"thirst:purity":3}}]
[108月2026 21:12:36.133] [Render thread/ERROR] [net.minecraft.world.item.crafting.RecipeManager/]: Parsing error loading recipe flavor_immersed_daily:toexredreppertofid: com.google.gson.JsonParseException: Map entry 'a' : Failed to parse either. First: Not a json array: {"item":"expandeddelight:chili_pepper"}; Second: No key tag in MapLike[{"item":"expandeddelight:chili_pepper"}]; Unknown registry key in ResourceKey[minecraft:root / minecraft:item]: expandeddelight:chili_pepper
[108月2026 21:12:36.134] [Render thread/ERROR] [net.minecraft.world.item.crafting.RecipeManager/]: Parsing error loading recipe fidworkblock:pressurecooker/greenbeanporridge: com.google.gson.JsonParseException: Failed to parse either. First: Not a json array: {"item":"flavor_immersed_daily::mungbean_0"}; Second: No key tag in MapLike[{"item":"flavor_immersed_daily::mungbean_0"}]; Not a valid resource location: flavor_immersed_daily::mungbean_0 Non [a-z0-9/._-] character in path of location: flavor_immersed_daily::mungbean_0
[108月2026 21:12:36.139] [Render thread/ERROR] [net.minecraft.world.item.crafting.RecipeManager/]: Parsing error loading recipe flavor_immersed_daily:cabbagefidtoskild: com.google.gson.JsonParseException: Unknown registry key in ResourceKey[minecraft:root / minecraft:item]: kaleidoscope_cookery:lettuce
[108月2026 21:12:36.146] [Render thread/ERROR] [net.minecraft.world.item.crafting.RecipeManager/]: Parsing error loading recipe flavor_immersed_daily:greenpepperfidandrus: com.google.gson.JsonParseException: Map entry 'a' : Failed to parse either. First: Not a json array: {"item":"kaleidoscope_cookery:green_chili"}; Second: No key tag in MapLike[{"item":"kaleidoscope_cookery:green_chili"}]; Unknown registry key in ResourceKey[minecraft:root / minecraft:item]: kaleidoscope_cookery:green_chili
[108月2026 21:12:36.159] [Render thread/ERROR] [net.minecraft.world.item.crafting.RecipeManager/]: Parsing error loading recipe flavor_immersed_daily:kaistofid: com.google.gson.JsonParseException: Map entry 'a' : Failed to parse either. First: Not a json array: {"item":"kaleidoscope_cookery:tomato"}; Second: No key tag in MapLike[{"item":"kaleidoscope_cookery:tomato"}]; Unknown registry key in ResourceKey[minecraft:root / minecraft:item]: kaleidoscope_cookery:tomato
[108月2026 21:12:36.167] [Render thread/ERROR] [net.minecraft.world.item.crafting.RecipeManager/]: Parsing error loading recipe fidworkblock:wok/reducefatsnack: com.google.gson.JsonParseException: Unknown registry key in ResourceKey[minecraft:root / minecraft:item]: flavor_immersed_daily:reducefatsnack
[108月2026 21:12:36.169] [Render thread/ERROR] [net.minecraft.world.item.crafting.RecipeManager/]: Parsing error loading recipe fidworkblock:pressurecooker/stewedporkoffal: com.google.gson.JsonParseException: Failed to parse either. First: Not a json array: {"item":"flavor_immersed_daily:pigoffal"}; Second: No key tag in MapLike[{"item":"flavor_immersed_daily:pigoffal"}]; Unknown registry key in ResourceKey[minecraft:root / minecraft:item]: flavor_immersed_daily:pigoffal
[108月2026 21:12:36.171] [Render thread/ERROR] [net.minecraft.world.item.crafting.RecipeManager/]: Parsing error loading recipe flavor_immersed_daily:paddyfidtokal: com.google.gson.JsonParseException: Unknown registry key in ResourceKey[minecraft:root / minecraft:item]: kaleidoscope_cookery:rice_panicle
[108月2026 21:12:36.171] [Render thread/ERROR] [net.minecraft.world.item.crafting.RecipeManager/]: Parsing error loading recipe flavor_immersed_daily:fidtokai: com.google.gson.JsonParseException: Unknown registry key in ResourceKey[minecraft:root / minecraft:item]: kaleidoscope_cookery:tomato
[108月2026 21:12:36.171] [Render thread/ERROR] [net.minecraft.world.item.crafting.RecipeManager/]: Parsing error loading recipe flavor_immersed_daily:fidtokal: com.google.gson.JsonParseException: Unknown registry key in ResourceKey[minecraft:root / minecraft:item]: kaleidoscope_cookery:red_chili
[108月2026 21:12:36.172] [Render thread/ERROR] [net.minecraft.world.item.crafting.RecipeManager/]: Parsing error loading recipe flavor_immersed_daily:fidtoex: com.google.gson.JsonParseException: Unknown registry key in ResourceKey[minecraft:root / minecraft:item]: expandeddelight:chili_pepper
[108月2026 21:12:36.178] [Render thread/ERROR] [net.minecraft.world.item.crafting.RecipeManager/]: Parsing error loading recipe fidworkblock:pot/pot_currystewedchicken: com.google.gson.JsonParseException: Failed to parse either. First: Not a json array: {"item":"flavor_immersed_daily:water"}; Second: No key tag in MapLike[{"item":"flavor_immersed_daily:water"}]; Unknown registry key in ResourceKey[minecraft:root / minecraft:item]: flavor_immersed_daily:water
[108月2026 21:12:36.185] [Render thread/ERROR] [net.minecraft.world.item.crafting.RecipeManager/]: Parsing error loading recipe thirst:compat/create/terracotta_water_bowl: com.google.gson.JsonParseException: Failed to parse either. First: No key amount in MapLike[{"item":"thirst:terracotta_water_bowl"}]; No key id in MapLike[{"item":"thirst:terracotta_water_bowl"}]; Second: Failed to parse either. First: No key id in MapLike[{"item":"thirst:terracotta_water_bowl"}]; Second: Failed to parse either. First: Not a JSON object: "thirst:terracotta_water_bowl"; Second: Compat cannot be deserialized; Failed to parse either. First: Failed to parse either. First: No key type in MapLike[{"amount":250,"fluid":"minecraft:water"}]; Second: Failed to parse either. First: No key type in MapLike[{"amount":250,"fluid":"minecraft:water"}]; Second: No key fluid_tag in MapLike[{"amount":250,"fluid":"minecraft:water"}]; No key type in MapLike[{"amount":250,"fluid":"minecraft:water"}]; Second: Failed to parse either. First: Not a json array: {"amount":250,"fluid":"minecraft:water"}; Second: No key tag in MapLike[{"amount":250,"fluid":"minecraft:water"}]; No key item in MapLike[{"amount":250,"fluid":"minecraft:water"}]
[108月2026 21:12:36.189] [Render thread/ERROR] [net.minecraft.world.item.crafting.RecipeManager/]: Parsing error loading recipe flavor_immersed_daily:harmtofid: com.google.gson.JsonParseException: Map entry 'a' : Failed to parse either. First: Not a json array: {"item":"adorablehamsterpets:cucumber"}; Second: No key tag in MapLike[{"item":"adorablehamsterpets:cucumber"}]; Unknown registry key in ResourceKey[minecraft:root / minecraft:item]: adorablehamsterpets:cucumber
[108月2026 21:12:36.198] [Render thread/ERROR] [net.minecraft.world.item.crafting.RecipeManager/]: Parsing error loading recipe fidworkblock:choppingboard/dicedfish: com.google.gson.JsonParseException: Failed to parse either. First: Not a json array: {"item":"fid:fish"}; Second: No key tag in MapLike[{"item":"fid:fish"}]; Unknown registry key in ResourceKey[minecraft:root / minecraft:item]: fid:fish
[108月2026 21:12:36.207] [Render thread/ERROR] [net.minecraft.world.item.crafting.RecipeManager/]: Parsing error loading recipe flavor_immersed_daily:bakeriestofid: com.google.gson.JsonParseException: Map entry 'a' : Failed to parse either. First: Not a json array: {"item":"bakeries:tomato"}; Second: No key tag in MapLike[{"item":"bakeries:tomato"}]; Unknown registry key in ResourceKey[minecraft:root / minecraft:item]: bakeries:tomato
[108月2026 21:12:36.213] [Render thread/ERROR] [net.minecraft.world.item.crafting.RecipeManager/]: Parsing error loading recipe flavor_immersed_daily:cabbagekaltofid: com.google.gson.JsonParseException: Map entry 'a' : Failed to parse either. First: Not a json array: {"item":"kaleidoscope_cookery:lettuce"}; Second: No key tag in MapLike[{"item":"kaleidoscope_cookery:lettuce"}]; Unknown registry key in ResourceKey[minecraft:root / minecraft:item]: kaleidoscope_cookery:lettuce
[108月2026 21:12:36.225] [Render thread/ERROR] [net.minecraft.world.item.crafting.RecipeManager/]: Parsing error loading recipe fidworkblock:squeezingmachine/lycheejam: com.google.gson.JsonParseException: Failed to parse either. First: Not a json array: {"item":"flavor_immersed_daily:lycheemeat"}; Second: No key tag in MapLike[{"item":"flavor_immersed_daily:lycheemeat"}]; Unknown registry key in ResourceKey[minecraft:root / minecraft:item]: flavor_immersed_daily:lycheemeat
[108月2026 21:12:36.226] [Render thread/ERROR] [net.minecraft.world.item.crafting.RecipeManager/]: Parsing error loading recipe flavor_immersed_daily:casredpeppertofid: com.google.gson.JsonParseException: Map entry 'a' : Failed to parse either. First: Not a json array: {"item":"casualnessdelight:capsicum"}; Second: No key tag in MapLike[{"item":"casualnessdelight:capsicum"}]; Unknown registry key in ResourceKey[minecraft:root / minecraft:item]: casualnessdelight:capsicum
[108月2026 21:12:36.227] [Render thread/ERROR] [net.minecraft.world.item.crafting.RecipeManager/]: Parsing error loading recipe flavor_immersed_daily:kalpaddytoesfides: com.google.gson.JsonParseException: Map entry 'a' : Failed to parse either. First: Not a json array: {"item":"kaleidoscope_cookery:rice_panicle"}; Second: No key tag in MapLike[{"item":"kaleidoscope_cookery:rice_panicle"}]; Unknown registry key in ResourceKey[minecraft:root / minecraft:item]: kaleidoscope_cookery:rice_panicle
[108月2026 21:12:36.227] [Render thread/ERROR] [net.minecraft.world.item.crafting.RecipeManager/]: Parsing error loading recipe fidworkblock:mortar/landplaster_two: com.google.gson.JsonParseException: Failed to parse either. First: Not a json array: {"item":"flavor_immersed_daily:bone"}; Second: No key tag in MapLike[{"item":"flavor_immersed_daily:bone"}]; Unknown registry key in ResourceKey[minecraft:root / minecraft:item]: flavor_immersed_daily:bone
[108月2026 21:12:36.232] [Render thread/INFO] [net.minecraft.world.item.crafting.RecipeManager/]: Loaded 9468 recipes
[108月2026 21:12:36.428] [Render thread/INFO] [net.minecraft.advancements.AdvancementTree/]: Loaded 6033 advancements
[108月2026 21:12:36.441] [Render thread/INFO] [com.arxyt.colonypathingedition.ColonyPathingEdition/]: [SpecialSeeds] Loaded 4 mappings
[108月2026 21:12:36.441] [Render thread/INFO] [com.arxyt.colonypathingedition.ColonyPathingEdition/]: [SpecialSeeds] Rebuilding mappings...
[108月2026 21:12:36.441] [Render thread/INFO] [com.arxyt.colonypathingedition.ColonyPathingEdition/]: [SpecialSeeds] No farmland mynethersdelight:resurgent_soil
[108月2026 21:12:36.441] [Render thread/INFO] [com.arxyt.colonypathingedition.ColonyPathingEdition/]: [SpecialSeeds] No farmland mynethersdelight:resurgent_soil
[108月2026 21:12:36.441] [Render thread/INFO] [com.arxyt.colonypathingedition.ColonyPathingEdition/]: [SpecialSeeds] Active special seeds: 2
[108月2026 21:12:36.447] [Render thread/INFO] [Curios API/]: Loaded 11 curio slots
[108月2026 21:12:36.450] [Render thread/ERROR] [Curios API/]: scroll is not a registered slot type!
[108月2026 21:12:36.450] [Render thread/ERROR] [Curios API/]: feet is not a registered slot type!
[108月2026 21:12:36.451] [Render thread/INFO] [Curios API/]: Loaded 2 curio entities
[108月2026 21:12:36.506] [Render thread/INFO] [minecolonies/]: Beginning load of custom recipes for colony workers
[108月2026 21:12:36.517] [Render thread/INFO] [minecolonies/]: Loaded 172 recipes for 16 crafters
[108月2026 21:12:36.517] [Render thread/INFO] [minecolonies/]: Research loading...
[108月2026 21:12:36.522] [Render thread/INFO] [minecolonies/]: Research loaded. Located 4 branches, 209 researches and 102 effects.
[108月2026 21:12:36.524] [Render thread/INFO] [minecolonies/]: Loading quests from data
[108月2026 21:12:36.528] [Render thread/INFO] [minecolonies/]: Finished loading quests from data
[108月2026 21:12:36.528] [Render thread/WARN] [minecolonies/]: Read 1 items with their nbt keys for compatibility.
[108月2026 21:12:36.529] [Render thread/WARN] [minecolonies/]: Read 1634 items with their nbt keys for compatibility.
[108月2026 21:12:36.529] [Render thread/INFO] [minecolonies/]: [Study items Loader]: Starting reload...
[108月2026 21:12:36.531] [Render thread/INFO] [minecolonies/]: [Study items Loader]: Finished reloading. 2 entries created.
[108月2026 21:12:36.535] [Render thread/INFO] [net.magicterra.winefoxsspellbooks.WinefoxsSpellbooks/]: Loading spell data configurations...
[108月2026 21:12:36.539] [Render thread/INFO] [net.magicterra.winefoxsspellbooks.WinefoxsSpellbooks/]: Loaded 12 spell range entries and 20 spell effect entries in 4ms (154 skipped: spell or effect not present)
[108月2026 21:12:36.539] [Render thread/INFO] [net.magicterra.winefoxsspellbooks.WinefoxsSpellbooks/]: Loading maid loadout configurations...
[108月2026 21:12:36.548] [Render thread/INFO] [net.magicterra.winefoxsspellbooks.WinefoxsSpellbooks/]: Loaded 3 maid loadout configurations (3 selectable) in 9ms
[108月2026 21:12:36.667] [Render thread/WARN] [com.lightning.northstar.Northstar/]: Fuel 'northstar:tfmg_naphtha' tried to reference fluid 'tfmg:flowing_naphtha' which could not be found.
[108月2026 21:12:36.667] [Render thread/WARN] [com.lightning.northstar.Northstar/]: Fuel 'northstar:cdg_diesel' tried to reference fluid 'createdieselgenerators:flowing_diesel' which could not be found.
[108月2026 21:12:36.668] [Render thread/WARN] [com.lightning.northstar.Northstar/]: Fuel 'northstar:tfmg_gasoline' tried to reference fluid 'tfmg:flowing_gasoline' which could not be found.
[108月2026 21:12:36.668] [Render thread/WARN] [com.lightning.northstar.Northstar/]: Fuel 'northstar:tfmg_diesel' tried to reference fluid 'tfmg:flowing_diesel' which could not be found.
[108月2026 21:12:36.668] [Render thread/WARN] [com.lightning.northstar.Northstar/]: Fuel 'northstar:cdg_biodiesel' tried to reference fluid 'createdieselgenerators:flowing_biodiesel' which could not be found.
[108月2026 21:12:36.668] [Render thread/WARN] [com.lightning.northstar.Northstar/]: Fuel 'northstar:tfmg_kerosene' tried to reference fluid 'tfmg:flowing_kerosene' which could not be found.
[108月2026 21:12:36.668] [Render thread/WARN] [com.lightning.northstar.Northstar/]: Fuel 'northstar:cdg_gasoline' tried to reference fluid 'createdieselgenerators:flowing_gasoline' which could not be found.
[108月2026 21:12:36.682] [Render thread/WARN] [ModernFix/]: Initial datapack load took 1.984 s
[108月2026 21:12:36.691] [Render thread/INFO] [de.keksuccino.fancymenu.customization.layer.ScreenCustomizationLayerHandler/]: [FANCYMENU] ScreenCustomizationLayer registered: create_world_screen
[108月2026 21:12:48.754] [Render thread/INFO] [com.simibubi.create.Create/]: Created 209 recipes which will be injected into the game
[108月2026 21:12:48.756] [Render thread/INFO] [com.simibubi.create.Create/]: Created 6 tags which will be injected into the game
[108月2026 21:12:48.756] [Render thread/INFO] [plus.dragons.createdragonsplus.data.runtime.RuntimePackResources/]: Starting provider [plus.dragons.createdragonsplus.data.internal.CDPRuntimeRecipeProvider@15c710e2] for runtime resource [create_dragons_plus:runtime]
[108月2026 21:12:48.759] [Render thread/INFO] [plus.dragons.createdragonsplus.data.runtime.RuntimePackResources/]: plus.dragons.createdragonsplus.data.internal.CDPRuntimeRecipeProvider@15c710e2 finished after 3 ms
[108月2026 21:12:48.759] [Render thread/INFO] [plus.dragons.createdragonsplus.data.runtime.RuntimePackResources/]: Starting provider [plus.dragons.createcentralkitchen.data.CCKBlockTags@3a0b36d7] for runtime resource [create_central_kitchen:runtime]
[108月2026 21:12:48.760] [Render thread/INFO] [plus.dragons.createdragonsplus.data.runtime.RuntimePackResources/]: plus.dragons.createcentralkitchen.data.CCKBlockTags@3a0b36d7 finished after 0 ms
[108月2026 21:12:48.760] [Render thread/INFO] [plus.dragons.createdragonsplus.data.runtime.RuntimePackResources/]: Starting provider [plus.dragons.createcentralkitchen.data.CCKItemTags@1730a561] for runtime resource [create_central_kitchen:runtime]
[108月2026 21:12:48.760] [Render thread/INFO] [plus.dragons.createdragonsplus.data.runtime.RuntimePackResources/]: plus.dragons.createcentralkitchen.data.CCKItemTags@1730a561 finished after 0 ms
[108月2026 21:12:48.772] [Render thread/INFO] [KubeJS Server/]: server_scripts:main.js#2: Hello, World! (Loaded server example script)
[108月2026 21:12:48.772] [Render thread/INFO] [KubeJS Server/]: Loaded script server_scripts:main.js in 0.0 s
[108月2026 21:12:48.773] [Render thread/INFO] [KubeJS Server/]: Loaded 1/1 KubeJS server scripts in 0.006 s with 0 errors and 0 warnings
[108月2026 21:12:48.776] [Render thread/WARN] [KubeJS Server/]: Due to the way Minecraft resource loading works, KubeJS' server.log may not contain everything that happened in your server scripts on initial world creation.
[108月2026 21:12:48.776] [Render thread/WARN] [KubeJS Server/]: You can still see the full log (including past reloads) in your latest.log file.
[108月2026 21:12:48.799] [Render thread/INFO] [minecolonies/]: Removed all colony views
[108月2026 21:12:48.799] [Render thread/INFO] [de.keksuccino.fancymenu.customization.layer.ScreenCustomizationLayerHandler/]: [FANCYMENU] ScreenCustomizationLayer registered: progress_screen
[108月2026 21:12:48.865] [Server thread/INFO] [net.minecraft.client.server.IntegratedServer/]: Starting integrated minecraft server version 1.21.1
[108月2026 21:12:48.866] [Server thread/INFO] [net.minecraft.server.MinecraftServer/]: Generating keypair
[108月2026 21:12:48.962] [Server thread/WARN] [net.neoforged.neoforge.server.ServerLifecycleHooks/]: Detected northstar:venus_vulture that was registered with CREATURE mob category but was added under MONSTER mob category for northstar:venus_fungal_caverns biome! Mobs should be added to biomes under the same mob category that the mob was registered as to prevent mob cap spawning issues.
[108月2026 21:12:48.962] [Server thread/WARN] [net.neoforged.neoforge.server.ServerLifecycleHooks/]: Detected northstar:venus_vulture that was registered with CREATURE mob category but was added under MONSTER mob category for northstar:venus_sulfuric_caverns biome! Mobs should be added to biomes under the same mob category that the mob was registered as to prevent mob cap spawning issues.
[108月2026 21:12:48.962] [Server thread/WARN] [net.neoforged.neoforge.server.ServerLifecycleHooks/]: Detected northstar:venus_vulture that was registered with CREATURE mob category but was added under MONSTER mob category for northstar:venusian_plains biome! Mobs should be added to biomes under the same mob category that the mob was registered as to prevent mob cap spawning issues.
[108月2026 21:12:49.016] [Render thread/INFO] [de.keksuccino.fancymenu.customization.layer.ScreenCustomizationLayerHandler/]: [FANCYMENU] ScreenCustomizationLayer registered: level_loading_screen
[108月2026 21:12:49.041] [Server thread/INFO] [CheckedThreadLocalRandom/]: Enforcing safe world random access
[108月2026 21:12:49.049] [Server thread/INFO] [dev.ryanhcode.sable.Sable/]: Creating physics pipeline for ResourceKey[minecraft:dimension / minecraft:overworld] using RapierPhysicsPipelineProvider
[108月2026 21:12:51.727] [Server thread/INFO] [STDOUT/]: [net.minecraft.world.level.levelgen.RandomState:handler$cna000$c2me_opts_dfc$postCreate:599]: Density function compilation finished in 1.675 s
[108月2026 21:12:51.775] [Server thread/INFO] [TheSpeedyObjectFactory/]: Using TheSpeedyObjectFactory with Unsafe
[108月2026 21:13:04.011] [c2me-worker-1/WARN] [mixin/]: Static binding violation: PRIVATE @Overwrite method getBuryContribution in c2me-opts-worldgen-vanilla.mixins.json:structure_weight_sampler.MixinStructureWeightSampler from mod c2me_opts_worldgen_vanilla cannot reduce visibiliy of PROTECTED target method, visibility will be upgraded.
[108月2026 21:13:04.744] [Server thread/INFO] [dev.ryanhcode.sable.Sable/]: Creating physics pipeline for ResourceKey[minecraft:dimension / irons_spellbooks:pocket_dimension] using RapierPhysicsPipelineProvider
[108月2026 21:13:04.771] [Server thread/INFO] [STDOUT/]: [net.minecraft.world.level.levelgen.RandomState:handler$cna000$c2me_opts_dfc$postCreate:599]: Density function compilation finished in 4.656 ms
[108月2026 21:13:04.774] [Server thread/INFO] [dev.ryanhcode.sable.Sable/]: Creating physics pipeline for ResourceKey[minecraft:dimension / northstar:venus] using RapierPhysicsPipelineProvider
[108月2026 21:13:13.438] [Server thread/INFO] [STDOUT/]: [net.minecraft.world.level.levelgen.RandomState:handler$cna000$c2me_opts_dfc$postCreate:599]: Density function compilation finished in 5.601 s
[108月2026 21:13:13.441] [Server thread/INFO] [dev.ryanhcode.sable.Sable/]: Creating physics pipeline for ResourceKey[minecraft:dimension / minecraft:the_end] using RapierPhysicsPipelineProvider
[108月2026 21:13:13.456] [Server thread/INFO] [STDOUT/]: [net.minecraft.world.level.levelgen.RandomState:handler$cna000$c2me_opts_dfc$postCreate:599]: Density function compilation finished in 6.007 ms
[108月2026 21:13:13.469] [Server thread/INFO] [dev.ryanhcode.sable.Sable/]: Creating physics pipeline for ResourceKey[minecraft:dimension / northstar:earth_orbit] using RapierPhysicsPipelineProvider
[108月2026 21:13:13.480] [Server thread/INFO] [STDOUT/]: [net.minecraft.world.level.levelgen.RandomState:handler$cna000$c2me_opts_dfc$postCreate:599]: Density function compilation finished in 2.220 ms
[108月2026 21:13:13.482] [Server thread/INFO] [dev.ryanhcode.sable.Sable/]: Creating physics pipeline for ResourceKey[minecraft:dimension / northstar:moon] using RapierPhysicsPipelineProvider
[108月2026 21:13:22.039] [Server thread/INFO] [STDOUT/]: [net.minecraft.world.level.levelgen.RandomState:handler$cna000$c2me_opts_dfc$postCreate:599]: Density function compilation finished in 5.513 s
[108月2026 21:13:22.041] [Server thread/INFO] [dev.ryanhcode.sable.Sable/]: Creating physics pipeline for ResourceKey[minecraft:dimension / northstar:mercury_orbit] using RapierPhysicsPipelineProvider
[108月2026 21:13:22.051] [Server thread/INFO] [STDOUT/]: [net.minecraft.world.level.levelgen.RandomState:handler$cna000$c2me_opts_dfc$postCreate:599]: Density function compilation finished in 1.950 ms
[108月2026 21:13:22.052] [Server thread/INFO] [dev.ryanhcode.sable.Sable/]: Creating physics pipeline for ResourceKey[minecraft:dimension / northstar:mars] using RapierPhysicsPipelineProvider
[108月2026 21:13:30.655] [Server thread/INFO] [STDOUT/]: [net.minecraft.world.level.levelgen.RandomState:handler$cna000$c2me_opts_dfc$postCreate:599]: Density function compilation finished in 5.593 s
[108月2026 21:13:30.657] [Server thread/INFO] [dev.ryanhcode.sable.Sable/]: Creating physics pipeline for ResourceKey[minecraft:dimension / northstar:venus_orbit] using RapierPhysicsPipelineProvider
[108月2026 21:13:30.668] [Server thread/INFO] [STDOUT/]: [net.minecraft.world.level.levelgen.RandomState:handler$cna000$c2me_opts_dfc$postCreate:599]: Density function compilation finished in 2.395 ms
[108月2026 21:13:30.669] [Server thread/INFO] [dev.ryanhcode.sable.Sable/]: Creating physics pipeline for ResourceKey[minecraft:dimension / minecraft:the_nether] using RapierPhysicsPipelineProvider
[108月2026 21:13:30.682] [Server thread/INFO] [STDOUT/]: [net.minecraft.world.level.levelgen.RandomState:handler$cna000$c2me_opts_dfc$postCreate:599]: Density function compilation finished in 5.387 ms
[108月2026 21:13:30.684] [Server thread/INFO] [dev.ryanhcode.sable.Sable/]: Creating physics pipeline for ResourceKey[minecraft:dimension / northstar:mars_orbit] using RapierPhysicsPipelineProvider
[108月2026 21:13:30.694] [Server thread/INFO] [STDOUT/]: [net.minecraft.world.level.levelgen.RandomState:handler$cna000$c2me_opts_dfc$postCreate:599]: Density function compilation finished in 1.921 ms
[108月2026 21:13:30.695] [Server thread/INFO] [dev.ryanhcode.sable.Sable/]: Creating physics pipeline for ResourceKey[minecraft:dimension / northstar:mercury] using RapierPhysicsPipelineProvider
[108月2026 21:13:39.185] [Server thread/INFO] [STDOUT/]: [net.minecraft.world.level.levelgen.RandomState:handler$cna000$c2me_opts_dfc$postCreate:599]: Density function compilation finished in 5.455 s
[108月2026 21:13:39.189] [Server thread/INFO] [net.minecraft.server.MinecraftServer/]: Preparing start region for dimension minecraft:overworld
[108月2026 21:13:39.199] [Server thread/INFO] [KubeJS Server/]: Server resource reload complete!
[108月2026 21:13:39.247] [Render thread/INFO] [net.minecraft.server.level.progress.LoggerChunkProgressListener/]: 准备生成区域中：2%
[108月2026 21:13:39.779] [Render thread/INFO] [net.minecraft.server.level.progress.LoggerChunkProgressListener/]: 准备生成区域中：24%
[108月2026 21:13:40.249] [Render thread/INFO] [net.minecraft.server.level.progress.LoggerChunkProgressListener/]: 准备生成区域中：65%
[108月2026 21:13:40.782] [Server thread/INFO] [net.neoforged.neoforge.server.permission.PermissionAPI/]: Successfully initialized permission handler neoforge:default_handler
[108月2026 21:13:40.783] [Server thread/INFO] [xaero.map.WorldMap/]: Registered synced player tracker system: ftb_teams
[108月2026 21:13:40.784] [Render thread/INFO] [net.minecraft.server.level.progress.LoggerChunkProgressListener/]: 准备生成区域中：97%
[108月2026 21:13:40.784] [Render thread/INFO] [net.minecraft.server.level.progress.LoggerChunkProgressListener/]: Time elapsed: 1538 ms
[108月2026 21:13:40.793] [Server thread/INFO] [xaero.hud.minimap.MinimapLogs/]: Registered synced player tracker system: ftb_teams
[108月2026 21:13:40.809] [Server thread/INFO] [Observable/]: Registered thread Server thread
[108月2026 21:13:40.827] [Server thread/INFO] [patchouli/]: Sending reload packet to clients
[108月2026 21:13:40.843] [Server thread/WARN] [minecolonies/]: Starting Compat Discovery
[108月2026 21:13:40.971] [Server thread/INFO] [Railways/]: [Dev] Creative tab railways:main will display 89 entries
[108月2026 21:13:40.973] [Server thread/INFO] [Railways/]: [Dev] Creative tab railways:tracks will display 53 entries
[108月2026 21:13:40.978] [Server thread/INFO] [Railways/]: [Dev] Creative tab railways:palettes will display 1056 entries
[108月2026 21:13:41.077] [Server thread/INFO] [minecolonies/]: Finished discovering Ores 75 76
[108月2026 21:13:41.077] [Server thread/INFO] [minecolonies/]: Finished discovering saplings 22
[108月2026 21:13:41.077] [Server thread/INFO] [minecolonies/]: Finished discovering plantables 19
[108月2026 21:13:41.077] [Server thread/INFO] [minecolonies/]: Finished discovering food 876 999
[108月2026 21:13:41.077] [Server thread/INFO] [minecolonies/]: Finished discovering fuel 346
[108月2026 21:13:41.077] [Server thread/INFO] [minecolonies/]: Finished discovering flowers 35
[108月2026 21:13:41.077] [Server thread/INFO] [minecolonies/]: Finished discovering items 6851
[108月2026 21:13:41.086] [Server thread/INFO] [minecolonies/]: Finished discovering compostables 1128
[108月2026 21:13:41.374] [Server thread/INFO] [net.minecraft.client.server.IntegratedServer/]: Changing simulation distance to 8, from 0
[108月2026 21:13:41.441] [Render thread/INFO] [dev.ryanhcode.sable.Sable/]: Adding local UDP server channel future
[108月2026 21:13:41.446] [Render thread/WARN] [io.netty.bootstrap.Bootstrap/]: Unknown channel option 'SO_BROADCAST' for channel '[id: 0xf1995271]'
[108月2026 21:13:41.452] [Netty Server IO #1/INFO] [dev.ryanhcode.sable.Sable/]: Server UDP channel active
[108月2026 21:13:41.467] [Render thread/INFO] [dev.ryanhcode.sable.Sable/]: Starting local client UDP channel future
[108月2026 21:13:41.469] [Netty Local Client IO #1/INFO] [dev.ryanhcode.sable.Sable/]: Client UDP channel active
[108月2026 21:13:41.684] [Render thread/INFO] [com.simibubi.create.Create/]: Created 209 recipes which will be injected into the game
[108月2026 21:13:41.686] [Render thread/INFO] [com.simibubi.create.Create/]: Created 6 tags which will be injected into the game
[108月2026 21:13:41.686] [Render thread/INFO] [plus.dragons.createdragonsplus.data.runtime.RuntimePackResources/]: Starting provider [plus.dragons.createdragonsplus.data.internal.CDPRuntimeRecipeProvider@466d4ced] for runtime resource [create_dragons_plus:runtime]
[108月2026 21:13:41.688] [Render thread/INFO] [plus.dragons.createdragonsplus.data.runtime.RuntimePackResources/]: plus.dragons.createdragonsplus.data.internal.CDPRuntimeRecipeProvider@466d4ced finished after 2 ms
[108月2026 21:13:41.689] [Render thread/INFO] [plus.dragons.createdragonsplus.data.runtime.RuntimePackResources/]: Starting provider [plus.dragons.createcentralkitchen.data.CCKBlockTags@64e9909c] for runtime resource [create_central_kitchen:runtime]
[108月2026 21:13:41.689] [Render thread/INFO] [plus.dragons.createdragonsplus.data.runtime.RuntimePackResources/]: plus.dragons.createcentralkitchen.data.CCKBlockTags@64e9909c finished after 0 ms
[108月2026 21:13:41.689] [Render thread/INFO] [plus.dragons.createdragonsplus.data.runtime.RuntimePackResources/]: Starting provider [plus.dragons.createcentralkitchen.data.CCKItemTags@4e4ab869] for runtime resource [create_central_kitchen:runtime]
[108月2026 21:13:41.689] [Render thread/INFO] [plus.dragons.createdragonsplus.data.runtime.RuntimePackResources/]: plus.dragons.createcentralkitchen.data.CCKItemTags@4e4ab869 finished after 0 ms
[108月2026 21:13:41.850] [Render thread/WARN] [com.lightning.northstar.Northstar/]: Fuel 'northstar:tfmg_naphtha' tried to reference fluid 'tfmg:flowing_naphtha' which could not be found.
[108月2026 21:13:41.850] [Render thread/WARN] [com.lightning.northstar.Northstar/]: Fuel 'northstar:cdg_diesel' tried to reference fluid 'createdieselgenerators:flowing_diesel' which could not be found.
[108月2026 21:13:41.850] [Render thread/WARN] [com.lightning.northstar.Northstar/]: Fuel 'northstar:tfmg_gasoline' tried to reference fluid 'tfmg:flowing_gasoline' which could not be found.
[108月2026 21:13:41.850] [Render thread/WARN] [com.lightning.northstar.Northstar/]: Fuel 'northstar:tfmg_diesel' tried to reference fluid 'tfmg:flowing_diesel' which could not be found.
[108月2026 21:13:41.850] [Render thread/WARN] [com.lightning.northstar.Northstar/]: Fuel 'northstar:cdg_biodiesel' tried to reference fluid 'createdieselgenerators:flowing_biodiesel' which could not be found.
[108月2026 21:13:41.850] [Render thread/WARN] [com.lightning.northstar.Northstar/]: Fuel 'northstar:tfmg_kerosene' tried to reference fluid 'tfmg:flowing_kerosene' which could not be found.
[108月2026 21:13:41.850] [Render thread/WARN] [com.lightning.northstar.Northstar/]: Fuel 'northstar:cdg_gasoline' tried to reference fluid 'createdieselgenerators:flowing_gasoline' which could not be found.
[108月2026 21:13:41.978] [Render thread/INFO] [fzzy_config/]: Saved config common_config to file E:\MC_PCL2\.minecraft\versions\齿轮星都\config\immersive_paintings\common_config.toml
[108月2026 21:13:42.027] [Server thread/INFO] [net.minecraft.server.players.PlayerList/]: kamishiro121[local:E:40507ffc] logged in with entity id 77 at (-230.5, 123.0, 316.5)
[108月2026 21:13:42.033] [Server thread/INFO] [dev.ryanhcode.sable.Sable/]: Beginning attempted authentication with player kamishiro121
[108月2026 21:13:42.049] [Server thread/INFO] [Modonomicon/]: Building books ...
[108月2026 21:13:42.052] [Server thread/INFO] [Modonomicon/]: Books built.
[108月2026 21:13:42.076] [Render thread/INFO] [xaero.map.WorldMap/]: Fullscreen map required item set to nothing.
[108月2026 21:13:42.080] [Render thread/INFO] [xaero.map.WorldMap/]: New world map session initialized!
[108月2026 21:13:42.106] [Render thread/INFO] [xaero.hud.minimap.MinimapLogs/]: Minimap required item set to nothing.
[108月2026 21:13:42.106] [Render thread/INFO] [xaero.hud.minimap.MinimapLogs/]: New Xaero hud session initialized!
[108月2026 21:13:42.111] [Server thread/INFO] [net.minecraft.server.MinecraftServer/]: kamishiro121加入了游戏
[108月2026 21:13:42.141] [Render thread/INFO] [de.keksuccino.fancymenu.customization.layer.ScreenCustomizationLayerHandler/]: [FANCYMENU] ScreenCustomizationLayer registered: receiving_level_screen
[108月2026 21:13:42.146] [Render thread/INFO] [Iris/]: Reloading pipeline on dimension change: minecraft:overworld => minecraft:overworld
[108月2026 21:13:42.146] [Render thread/INFO] [Iris/]: Destroying pipeline minecraft:overworld
[108月2026 21:13:42.146] [Render thread/INFO] [Iris/]: Creating pipeline for dimension minecraft:overworld
[108月2026 21:13:42.246] [Server thread/INFO] [com.arxyt.colonypathingedition.ColonyPathingEdition/]: [SpecialSeeds] Syncing seed data to kamishiro121
[108月2026 21:13:42.274] [Render thread/INFO] [ChunkBuilder/]: Started 2 worker threads
[108月2026 21:13:42.392] [Render thread/INFO] [flywheel/]: Started 2 worker threads
[108月2026 21:13:42.425] [Render thread/INFO] [io.redspace.ironsspellbooks.IronsSpellbooks/]: Handling spell config sync 0 files
[108月2026 21:13:42.436] [Render thread/WARN] [net.minecraft.client.ClientRecipeBook/]: Unknown recipe category: fidworkblock:cooking/fidworkblock:pot/pot_poached_spicy_slicesof_pork
[108月2026 21:13:42.437] [Render thread/WARN] [net.minecraft.client.ClientRecipeBook/]: Unknown recipe category: fidworkblock:cooking/fidworkblock:jar/curedsausage
[108月2026 21:13:42.437] [Render thread/WARN] [net.minecraft.client.ClientRecipeBook/]: Unknown recipe category: fidworkblock:cooking/fidworkblock:pressurecooker/saucingbeef
[108月2026 21:13:42.437] [Render thread/WARN] [net.minecraft.client.ClientRecipeBook/]: Unknown recipe category: fidworkblock:cooking/fidworkblock:wok/eggpancake
[108月2026 21:13:42.437] [Render thread/WARN] [net.minecraft.client.ClientRecipeBook/]: Unknown recipe category: fidworkblock:cooking/fidworkblock:fryingpan/friedpeanuts
[108月2026 21:13:42.437] [Render thread/WARN] [net.minecraft.client.ClientRecipeBook/]: Unknown recipe category: fidworkblock:cooking/fidworkblock:choppingboard/shreddedcarrots
[108月2026 21:13:42.437] [Render thread/WARN] [net.minecraft.client.ClientRecipeBook/]: Unknown recipe category: fidworkblock:cooking/fidworkblock:mortar/kaolianggarin
[108月2026 21:13:42.437] [Render thread/WARN] [net.minecraft.client.ClientRecipeBook/]: Unknown recipe category: fidworkblock:cooking/fidworkblock:choppingboard/dicedcauliflower
[108月2026 21:13:42.437] [Render thread/WARN] [net.minecraft.client.ClientRecipeBook/]: Unknown recipe category: fidworkblock:cooking/fidworkblock:dryer/drypowderskin
[108月2026 21:13:42.437] [Render thread/WARN] [net.minecraft.client.ClientRecipeBook/]: Unknown recipe category: fidworkblock:cooking/fidworkblock:jar/slicedsaltycucumber
[108月2026 21:13:42.437] [Render thread/WARN] [net.minecraft.client.ClientRecipeBook/]: Unknown recipe category: fidworkblock:cooking/fidworkblock:mortar/lilacpowder
[108月2026 21:13:42.437] [Render thread/WARN] [net.minecraft.client.ClientRecipeBook/]: Unknown recipe category: fidworkblock:cooking/fidworkblock:wok/zucchinisnackmeat
[108月2026 21:13:42.437] [Render thread/WARN] [net.minecraft.client.ClientRecipeBook/]: Unknown recipe category: fidworkblock:cooking/fidworkblock:squeezingmachine/honeypeachjam
[108月2026 21:13:42.437] [Render thread/WARN] [net.minecraft.client.ClientRecipeBook/]: Unknown recipe category: fidworkblock:cooking/fidworkblock:choppingboard/scallion_2
[108月2026 21:13:42.437] [Render thread/WARN] [net.minecraft.client.ClientRecipeBook/]: Unknown recipe category: fidworkblock:cooking/fidworkblock:squeezingmachine/mangosteenjam
[108月2026 21:13:42.437] [Render thread/WARN] [net.minecraft.client.ClientRecipeBook/]: Unknown recipe category: fidworkblock:cooking/fidworkblock:squeezingmachine/greenplumjam
[108月2026 21:13:42.437] [Render thread/WARN] [net.minecraft.client.ClientRecipeBook/]: Unknown recipe category: fidworkblock:cooking/fidworkblock:mortar/cuminpowder
[108月2026 21:13:42.437] [Render thread/WARN] [net.minecraft.client.ClientRecipeBook/]: Unknown recipe category: fidworkblock:cooking/fidworkblock:squeezingmachine/kiwifruitjam
[108月2026 21:13:42.437] [Render thread/WARN] [net.minecraft.client.ClientRecipeBook/]: Unknown recipe category: fidworkblock:cooking/fidworkblock:squeezingmachine/apricotjam
[108月2026 21:13:42.437] [Render thread/WARN] [net.minecraft.client.ClientRecipeBook/]: Unknown recipe category: fidworkblock:cooking/fidworkblock:fryingpan/friedgizzard2
[108月2026 21:13:42.437] [Render thread/WARN] [net.minecraft.client.ClientRecipeBook/]: Unknown recipe category: fidworkblock:cooking/fidworkblock:fryingpan/friedchickenwing
[108月2026 21:13:42.437] [Render thread/WARN] [net.minecraft.client.ClientRecipeBook/]: Unknown recipe category: fidworkblock:cooking/fidworkblock:mortar/dicedwaxgourdstuffing
[108月2026 21:13:42.437] [Render thread/WARN] [net.minecraft.client.ClientRecipeBook/]: Unknown recipe category: fidworkblock:cooking/fidworkblock:mortar/oatgrain
[108月2026 21:13:42.437] [Render thread/WARN] [net.minecraft.client.ClientRecipeBook/]: Unknown recipe category: fidworkblock:cooking/fidworkblock:fryingpan/friedgizzard3
[108月2026 21:13:42.437] [Render thread/WARN] [net.minecraft.client.ClientRecipeBook/]: Unknown recipe category: fidworkblock:cooking/fidworkblock:mortar/paddygrain
[108月2026 21:13:42.437] [Render thread/WARN] [net.minecraft.client.ClientRecipeBook/]: Unknown recipe category: fidworkblock:cooking/fidworkblock:teapot/wheatmilk
[108月2026 21:13:42.437] [Render thread/WARN] [net.minecraft.client.ClientRecipeBook/]: Unknown recipe category: fidworkblock:cooking/fidworkblock:choppingboard/dicedsweetpotato
[108月2026 21:13:42.437] [Render thread/WARN] [net.minecraft.client.ClientRecipeBook/]: Unknown recipe category: fidworkblock:cooking/fidworkblock:fryingpan/driedmilk
[108月2026 21:13:42.437] [Render thread/WARN] [net.minecraft.client.ClientRecipeBook/]: Unknown recipe category: fidworkblock:cooking/fidworkblock:teapot/greenplumtea
[108月2026 21:13:42.437] [Render thread/WARN] [net.minecraft.client.ClientRecipeBook/]: Unknown recipe category: fidworkblock:cooking/fidworkblock:jar/bonelesslemonchickenfeet
[108月2026 21:13:42.437] [Render thread/WARN] [net.minecraft.client.ClientRecipeBook/]: Unknown recipe category: fidworkblock:cooking/fidworkblock:wok/braisedbeansproutswithvermicelli
[108月2026 21:13:42.437] [Render thread/WARN] [net.minecraft.client.ClientRecipeBook/]: Unknown recipe category: fidworkblock:cooking/fidworkblock:jar/kweichow_moutai
[108月2026 21:13:42.437] [Render thread/WARN] [net.minecraft.client.ClientRecipeBook/]: Unknown recipe category: fidworkblock:cooking/fidworkblock:jar/rawsaltyegg
[108月2026 21:13:42.437] [Render thread/WARN] [net.minecraft.client.ClientRecipeBook/]: Unknown recipe category: fidworkblock:cooking/fidworkblock:fryingpan/tofu_puffs
[108月2026 21:13:42.437] [Render thread/WARN] [net.minecraft.client.ClientRecipeBook/]: Unknown recipe category: fidworkblock:cooking/fidworkblock:mortar/peameal
[108月2026 21:13:42.437] [Render thread/WARN] [net.minecraft.client.ClientRecipeBook/]: Unknown recipe category: fidworkblock:cooking/fidworkblock:pot/steamedeggcustard
[108月2026 21:13:42.437] [Render thread/WARN] [net.minecraft.client.ClientRecipeBook/]: Unknown recipe category: fidworkblock:cooking/fidworkblock:steambox/aikui
[108月2026 21:13:42.437] [Render thread/WARN] [net.minecraft.client.ClientRecipeBook/]: Unknown recipe category: fidworkblock:cooking/fidworkblock:dryer/dryricecake
[108月2026 21:13:42.437] [Render thread/WARN] [net.minecraft.client.ClientRecipeBook/]: Unknown recipe category: fidworkblock:cooking/fidworkblock:wok/scallionoilpancake
[108月2026 21:13:42.437] [Render thread/WARN] [net.minecraft.client.ClientRecipeBook/]: Unknown recipe category: fidworkblock:cooking/fidworkblock:pot/pot_steamed_chickenwith_chili_sauce
[108月2026 21:13:42.437] [Render thread/WARN] [net.minecraft.client.ClientRecipeBook/]: Unknown recipe category: fidworkblock:cooking/fidworkblock:choppingboard/slicedlemon
[108月2026 21:13:42.437] [Render thread/WARN] [net.minecraft.client.ClientRecipeBook/]: Unknown recipe category: fidworkblock:cooking/fidworkblock:wok/omelette
[108月2026 21:13:42.437] [Render thread/WARN] [net.minecraft.client.ClientRecipeBook/]: Unknown recipe category: fidworkblock:cooking/fidworkblock:steambox/cookedchineseyam
[108月2026 21:13:42.437] [Render thread/WARN] [net.minecraft.client.ClientRecipeBook/]: Unknown recipe category: fidworkblock:cooking/fidworkblock:teapot/cola
[108月2026 21:13:42.437] [Render thread/WARN] [net.minecraft.client.ClientRecipeBook/]: Unknown recipe category: fidworkblock:cooking/fidworkblock:choppingboard/rawchickenpiece
[108月2026 21:13:42.437] [Render thread/WARN] [net.minecraft.client.ClientRecipeBook/]: Unknown recipe category: fidworkblock:cooking/fidworkblock:jar/pickledvegetable
[108月2026 21:13:42.437] [Render thread/WARN] [net.minecraft.client.ClientRecipeBook/]: Unknown recipe category: fidworkblock:cooking/fidworkblock:jar/pickledvegetable_two
[108月2026 21:13:42.437] [Render thread/WARN] [net.minecraft.client.ClientRecipeBook/]: Unknown recipe category: fidworkblock:cooking/fidworkblock:pressurecooker/eighttreasurecongee
[108月2026 21:13:42.437] [Render thread/WARN] [net.minecraft.client.ClientRecipeBook/]: Unknown recipe category: fidworkblock:cooking/fidworkblock:dryer/chocolate
[108月2026 21:13:42.437] [Render thread/WARN] [net.minecraft.client.ClientRecipeBook/]: Unknown recipe category: fidworkblock:cooking/fidworkblock:teapot/assammilk_tea
[108月2026 21:13:42.437] [Render thread/WARN] [net.minecraft.client.ClientRecipeBook/]: Unknown recipe category: fidworkblock:cooking/fidworkblock:teapot/icedblackteablue
[108月2026 21:13:42.437] [Render thread/WARN] [net.minecraft.client.ClientRecipeBook/]: Unknown recipe category: fidworkblock:cooking/fidworkblock:squeezingmachine/applejam
[108月2026 21:13:42.437] [Render thread/WARN] [net.minecraft.client.ClientRecipeBook/]: Unknown recipe category: fidworkblock:cooking/fidworkblock:squeezingmachine/oil1
[108月2026 21:13:42.437] [Render thread/WARN] [net.minecraft.client.ClientRecipeBook/]: Unknown recipe category: fidworkblock:cooking/fidworkblock:pressurecooker/kaoliangporridge
[108月2026 21:13:42.437] [Render thread/WARN] [net.minecraft.client.ClientRecipeBook/]: Unknown recipe category: fidworkblock:cooking/fidworkblock:pressurecooker/stewedhalfchickenleg
[108月2026 21:13:42.437] [Render thread/WARN] [net.minecraft.client.ClientRecipeBook/]: Unknown recipe category: fidworkblock:cooking/fidworkblock:pot/pot_gumbosoup
[108月2026 21:13:42.437] [Render thread/WARN] [net.minecraft.client.ClientRecipeBook/]: Unknown recipe category: fidworkblock:cooking/fidworkblock:pot/pot_ripepearwithrocksugar
[108月2026 21:13:42.437] [Render thread/WARN] [net.minecraft.client.ClientRecipeBook/]: Unknown recipe category: fidworkblock:cooking/fidworkblock:wok/friedshreddedporkwithsweetandsoursauce
[108月2026 21:13:42.437] [Render thread/WARN] [net.minecraft.client.ClientRecipeBook/]: Unknown recipe category: fidworkblock:cooking/fidworkblock:squeezingmachine/oil2
[108月2026 21:13:42.437] [Render thread/WARN] [net.minecraft.client.ClientRecipeBook/]: Unknown recipe category: fidworkblock:cooking/fidworkblock:choppingboard/slicedcucumber
[108月2026 21:13:42.437] [Render thread/WARN] [net.minecraft.client.ClientRecipeBook/]: Unknown recipe category: fidworkblock:cooking/fidworkblock:wok/japanesebraisedtofu
[108月2026 21:13:42.437] [Render thread/WARN] [net.minecraft.client.ClientRecipeBook/]: Unknown recipe category: fidworkblock:cooking/fidworkblock:squeezingmachine/orangejam
[108月2026 21:13:42.437] [Render thread/WARN] [net.minecraft.client.ClientRecipeBook/]: Unknown recipe category: fidworkblock:cooking/fidworkblock:pot/pot_shelledboiledegg
[108月2026 21:13:42.437] [Render thread/WARN] [net.minecraft.client.ClientRecipeBook/]: Unknown recipe category: fidworkblock:cooking/fidworkblock:teapot/healthloquatcream
[108月2026 21:13:42.437] [Render thread/WARN] [net.minecraft.client.ClientRecipeBook/]: Unknown recipe category: fidworkblock:cooking/fidworkblock:pot/pot_cookedvermicelli_0
[108月2026 21:13:42.437] [Render thread/WARN] [net.minecraft.client.ClientRecipeBook/]: Unknown recipe category: fidworkblock:cooking/fidworkblock:choppingboard/slicedradish
[108月2026 21:13:42.437] [Render thread/WARN] [net.minecraft.client.ClientRecipeBook/]: Unknown recipe category: fidworkblock:cooking/fidworkblock:steambox/eggcake
[108月2026 21:13:42.437] [Render thread/WARN] [net.minecraft.client.ClientRecipeBook/]: Unknown recipe category: fidworkblock:cooking/fidworkblock:dryer/brownsugar
[108月2026 21:13:42.437] [Render thread/WARN] [net.minecraft.client.ClientRecipeBook/]: Unknown recipe category: fidworkblock:cooking/fidworkblock:fryingpan/frieddriedtoufu
[108月2026 21:13:42.437] [Render thread/WARN] [net.minecraft.client.ClientRecipeBook/]: Unknown recipe category: fidworkblock:cooking/fidworkblock:steambox/steamedglutinousricecake
[108月2026 21:13:42.437] [Render thread/WARN] [net.minecraft.client.ClientRecipeBook/]: Unknown recipe category: fidworkblock:cooking/fidworkblock:pressurecooker/congeewith_minced_porkand_preserved_egg
[108月2026 21:13:42.437] [Render thread/WARN] [net.minecraft.client.ClientRecipeBook/]: Unknown recipe category: fidworkblock:cooking/fidworkblock:wok/sugarcoatedwalnut
[108月2026 21:13:42.437] [Render thread/WARN] [net.minecraft.client.ClientRecipeBook/]: Unknown recipe category: fidworkblock:cooking/fidworkblock:mortar/sesamepowder
[108月2026 21:13:42.437] [Render thread/WARN] [net.minecraft.client.ClientRecipeBook/]: Unknown recipe category: fidworkblock:cooking/fidworkblock:wok/sauteed_potato_green_pepper_eggplant
[108月2026 21:13:42.437] [Render thread/WARN] [net.minecraft.client.ClientRecipeBook/]: Unknown recipe category: fidworkblock:cooking/fidworkblock:choppingboard/slicedpotato
[108月2026 21:13:42.437] [Render thread/WARN] [net.minecraft.client.ClientRecipeBook/]: Unknown recipe category: fidworkblock:cooking/fidworkblock:choppingboard/dicedonion
[108月2026 21:13:42.437] [Render thread/WARN] [net.minecraft.client.ClientRecipeBook/]: Unknown recipe category: fidworkblock:cooking/fidworkblock:choppingboard/dicedtomato
[108月2026 21:13:42.437] [Render thread/WARN] [net.minecraft.client.ClientRecipeBook/]: Unknown recipe category: fidworkblock:cooking/fidworkblock:choppingboard/dicedsweetpepper
[108月2026 21:13:42.437] [Render thread/WARN] [net.minecraft.client.ClientRecipeBook/]: Unknown recipe category: fidworkblock:cooking/fidworkblock:fryingpan/friedtoufu
[108月2026 21:13:42.437] [Render thread/WARN] [net.minecraft.client.ClientRecipeBook/]: Unknown recipe category: fidworkblock:cooking/fidworkblock:mortar/mungbeanpaste
[108月2026 21:13:42.438] [Render thread/WARN] [net.minecraft.client.ClientRecipeBook/]: Unknown recipe category: fidworkblock:cooking/fidworkblock:pot/pot_fourjoymeatballs
[108月2026 21:13:42.438] [Render thread/WARN] [net.minecraft.client.ClientRecipeBook/]: Unknown recipe category: fidworkblock:cooking/fidworkblock:wok/stirfriedstringbeans
[108月2026 21:13:42.438] [Render thread/WARN] [net.minecraft.client.ClientRecipeBook/]: Unknown recipe category: fidworkblock:cooking/fidworkblock:teapot/healthwalnutdew
[108月2026 21:13:42.438] [Render thread/WARN] [net.minecraft.client.ClientRecipeBook/]: Unknown recipe category: fidworkblock:cooking/fidworkblock:dryer/eggstuffing
[108月2026 21:13:42.438] [Render thread/WARN] [net.minecraft.client.ClientRecipeBook/]: Unknown recipe category: fidworkblock:cooking/fidworkblock:steambox/baozi
[108月2026 21:13:42.438] [Render thread/WARN] [net.minecraft.client.ClientRecipeBook/]: Unknown recipe category: fidworkblock:cooking/fidworkblock:teapot/lemonteawithglutinousriceflavor
[108月2026 21:13:42.438] [Render thread/WARN] [net.minecraft.client.ClientRecipeBook/]: Unknown recipe category: fidworkblock:cooking/fidworkblock:mortar/groundpowder
[108月2026 21:13:42.438] [Render thread/WARN] [net.minecraft.client.ClientRecipeBook/]: Unknown recipe category: fidworkblock:cooking/fidworkblock:wok/pleurotuseryngiiwithsaltandpepper
[108月2026 21:13:42.438] [Render thread/WARN] [net.minecraft.client.ClientRecipeBook/]: Unknown recipe category: fidworkblock:cooking/fidworkblock:dryer/dryscalion
[108月2026 21:13:42.438] [Render thread/WARN] [net.minecraft.client.ClientRecipeBook/]: Unknown recipe category: fidworkblock:cooking/fidworkblock:fryingpan/crispypistolleg
[108月2026 21:13:42.438] [Render thread/WARN] [net.minecraft.client.ClientRecipeBook/]: Unknown recipe category: fidworkblock:cooking/fidworkblock:choppingboard/dicedbroccoil
[108月2026 21:13:42.438] [Render thread/WARN] [net.minecraft.client.ClientRecipeBook/]: Unknown recipe category: fidworkblock:cooking/fidworkblock:pot/pot_sheepgibletssoup_two
[108月2026 21:13:42.438] [Render thread/WARN] [net.minecraft.client.ClientRecipeBook/]: Unknown recipe category: fidworkblock:cooking/fidworkblock:pot/pot_sheepgibletssoup
[108月2026 21:13:42.438] [Render thread/WARN] [net.minecraft.client.ClientRecipeBook/]: Unknown recipe category: fidworkblock:cooking/fidworkblock:pot/tangyuan
[108月2026 21:13:42.438] [Render thread/WARN] [net.minecraft.client.ClientRecipeBook/]: Unknown recipe category: fidworkblock:cooking/fidworkblock:squeezingmachine/plumjam
[108月2026 21:13:42.438] [Render thread/WARN] [net.minecraft.client.ClientRecipeBook/]: Unknown recipe category: fidworkblock:cooking/fidworkblock:choppingboard/drypowderskin
[108月2026 21:13:42.438] [Render thread/WARN] [net.minecraft.client.ClientRecipeBook/]: Unknown recipe category: fidworkblock:cooking/fidworkblock:choppingboard/ricenoodles_2
[108月2026 21:13:42.438] [Render thread/WARN] [net.minecraft.client.ClientRecipeBook/]: Unknown recipe category: fidworkblock:cooking/fidworkblock:pot/currystewedchicken
[108月2026 21:13:42.438] [Render thread/WARN] [net.minecraft.client.ClientRecipeBook/]: Unknown recipe category: fidworkblock:cooking/fidworkblock:fryingpan/friedsausage
[108月2026 21:13:42.438] [Render thread/WARN] [net.minecraft.client.ClientRecipeBook/]: Unknown recipe category: fidworkblock:cooking/fidworkblock:choppingboard/rawchickenpiecepiece
[108月2026 21:13:42.438] [Render thread/WARN] [net.minecraft.client.ClientRecipeBook/]: Unknown recipe category: fidworkblock:cooking/fidworkblock:dryer/vermicelliroll
[108月2026 21:13:42.438] [Render thread/WARN] [net.minecraft.client.ClientRecipeBook/]: Unknown recipe category: fidworkblock:cooking/fidworkblock:choppingboard/rawdicedpigmeat_2
[108月2026 21:13:42.438] [Render thread/WARN] [net.minecraft.client.ClientRecipeBook/]: Unknown recipe category: fidworkblock:cooking/fidworkblock:squeezingmachine/mangojam
[108月2026 21:13:42.438] [Render thread/WARN] [net.minecraft.client.ClientRecipeBook/]: Unknown recipe category: fidworkblock:cooking/fidworkblock:mortar/cinnamonpowder
[108月2026 21:13:42.438] [Render thread/WARN] [net.minecraft.client.ClientRecipeBook/]: Unknown recipe category: fidworkblock:cooking/fidworkblock:wok/beanwithsesamesauce
[108月2026 21:13:42.438] [Render thread/WARN] [net.minecraft.client.ClientRecipeBook/]: Unknown recipe category: fidworkblock:cooking/fidworkblock:fryingpan/driedricecake
[108月2026 21:13:42.438] [Render thread/WARN] [net.minecraft.client.ClientRecipeBook/]: Unknown recipe category: fidworkblock:cooking/fidworkblock:pot/pot_boiledriceflournoodles
[108月2026 21:13:42.438] [Render thread/WARN] [net.minecraft.client.ClientRecipeBook/]: Unknown recipe category: fidworkblock:cooking/fidworkblock:choppingboard/shredderabuergine
[108月2026 21:13:42.438] [Render thread/WARN] [net.minecraft.client.ClientRecipeBook/]: Unknown recipe category: fidworkblock:cooking/fidworkblock:choppingboard/picedtoufu
[108月2026 21:13:42.438] [Render thread/WARN] [net.minecraft.client.ClientRecipeBook/]: Unknown recipe category: fidworkblock:cooking/fidworkblock:steambox/boiledcorn
[108月2026 21:13:42.438] [Render thread/WARN] [net.minecraft.client.ClientRecipeBook/]: Unknown recipe category: fidworkblock:cooking/fidworkblock:steambox/steamedricebrick
[108月2026 21:13:42.438] [Render thread/WARN] [net.minecraft.client.ClientRecipeBook/]: Unknown recipe category: fidworkblock:cooking/fidworkblock:pot/wonton
[108月2026 21:13:42.438] [Render thread/WARN] [net.minecraft.client.ClientRecipeBook/]: Unknown recipe category: fidworkblock:cooking/fidworkblock:pot/pot_sweettoufucurd
[108月2026 21:13:42.438] [Render thread/WARN] [net.minecraft.client.ClientRecipeBook/]: Unknown recipe category: fidworkblock:cooking/fidworkblock:mortar/redteapowder
[108月2026 21:13:42.438] [Render thread/WARN] [net.minecraft.client.ClientRecipeBook/]: Unknown recipe category: fidworkblock:cooking/fidworkblock:pressurecooker/stewedchickensoupwithmushrooms
[108月2026 21:13:42.438] [Render thread/WARN] [net.minecraft.client.ClientRecipeBook/]: Unknown recipe category: fidworkblock:cooking/fidworkblock:jar/chickenfeetwithpeppers
[108月2026 21:13:42.438] [Render thread/WARN] [net.minecraft.client.ClientRecipeBook/]: Unknown recipe category: fidworkblock:cooking/fidworkblock:fryingpan/dried_tofu_skin
[108月2026 21:13:42.438] [Render thread/WARN] [net.minecraft.client.ClientRecipeBook/]: Unknown recipe category: fidworkblock:cooking/fidworkblock:steambox/steamedblood
[108月2026 21:13:42.438] [Render thread/WARN] [net.minecraft.client.ClientRecipeBook/]: Unknown recipe category: fidworkblock:cooking/fidworkblock:squeezingmachine/hamimelonjam
[108月2026 21:13:42.438] [Render thread/WARN] [net.minecraft.client.ClientRecipeBook/]: Unknown recipe category: fidworkblock:cooking/fidworkblock:wok/scrambledeggwithtomato
[108月2026 21:13:42.438] [Render thread/WARN] [net.minecraft.client.ClientRecipeBook/]: Unknown recipe category: fidworkblock:cooking/fidworkblock:steambox/shumai
[108月2026 21:13:42.438] [Render thread/WARN] [net.minecraft.client.ClientRecipeBook/]: Unknown recipe category: fidworkblock:cooking/fidworkblock:choppingboard/baised_tofu_slices
[108月2026 21:13:42.438] [Render thread/WARN] [net.minecraft.client.ClientRecipeBook/]: Unknown recipe category: fidworkblock:cooking/fidworkblock:jar/yogurt
[108月2026 21:13:42.438] [Render thread/WARN] [net.minecraft.client.ClientRecipeBook/]: Unknown recipe category: fidworkblock:cooking/fidworkblock:steambox/steamedbread2
[108月2026 21:13:42.438] [Render thread/WARN] [net.minecraft.client.ClientRecipeBook/]: Unknown recipe category: fidworkblock:cooking/fidworkblock:jar/grapewine2
[108月2026 21:13:42.438] [Render thread/WARN] [net.minecraft.client.ClientRecipeBook/]: Unknown recipe category: fidworkblock:cooking/fidworkblock:steambox/newyearcake
[108月2026 21:13:42.438] [Render thread/WARN] [net.minecraft.client.ClientRecipeBook/]: Unknown recipe category: fidworkblock:cooking/fidworkblock:choppingboard/dicedsauteedgreenbeans
[108月2026 21:13:42.438] [Render thread/WARN] [net.minecraft.client.ClientRecipeBook/]: Unknown recipe category: fidworkblock:cooking/fidworkblock:choppingboard/driedvermicelli
[108月2026 21:13:42.438] [Render thread/WARN] [net.minecraft.client.ClientRecipeBook/]: Unknown recipe category: fidworkblock:cooking/fidworkblock:teapot/icedblacktea
[108月2026 21:13:42.438] [Render thread/WARN] [net.minecraft.client.ClientRecipeBook/]: Unknown recipe category: fidworkblock:cooking/fidworkblock:squeezingmachine/pineapplejam
[108月2026 21:13:42.438] [Render thread/WARN] [net.minecraft.client.ClientRecipeBook/]: Unknown recipe category: fidworkblock:cooking/fidworkblock:choppingboard/shredderradish
[108月2026 21:13:42.438] [Render thread/WARN] [net.minecraft.client.ClientRecipeBook/]: Unknown recipe category: fidworkblock:cooking/fidworkblock:pressurecooker/stewedchickenheart
[108月2026 21:13:42.438] [Render thread/WARN] [net.minecraft.client.ClientRecipeBook/]: Unknown recipe category: fidworkblock:cooking/fidworkblock:choppingboard/rawdicedpigmeat
[108月2026 21:13:42.438] [Render thread/WARN] [net.minecraft.client.ClientRecipeBook/]: Unknown recipe category: fidworkblock:cooking/fidworkblock:squeezingmachine/peanutjam
[108月2026 21:13:42.438] [Render thread/WARN] [net.minecraft.client.ClientRecipeBook/]: Unknown recipe category: fidworkblock:cooking/fidworkblock:pot/pot_hotandsourricenoodles_two
[108月2026 21:13:42.438] [Render thread/WARN] [net.minecraft.client.ClientRecipeBook/]: Unknown recipe category: fidworkblock:cooking/fidworkblock:mortar/tapiocaflour
[108月2026 21:13:42.438] [Render thread/WARN] [net.minecraft.client.ClientRecipeBook/]: Unknown recipe category: fidworkblock:cooking/fidworkblock:choppingboard/dicedchineseyam
[108月2026 21:13:42.438] [Render thread/WARN] [net.minecraft.client.ClientRecipeBook/]: Unknown recipe category: fidworkblock:cooking/fidworkblock:squeezingmachine/loquatjam
[108月2026 21:13:42.438] [Render thread/WARN] [net.minecraft.client.ClientRecipeBook/]: Unknown recipe category: fidworkblock:cooking/fidworkblock:steambox/dumpling
[108月2026 21:13:42.438] [Render thread/WARN] [net.minecraft.client.ClientRecipeBook/]: Unknown recipe category: fidworkblock:cooking/fidworkblock:choppingboard/dicedpotato
[108月2026 21:13:42.438] [Render thread/WARN] [net.minecraft.client.ClientRecipeBook/]: Unknown recipe category: fidworkblock:cooking/fidworkblock:fryingpan/friedgultinousricestrips
[108月2026 21:13:42.438] [Render thread/WARN] [net.minecraft.client.ClientRecipeBook/]: Unknown recipe category: fidworkblock:cooking/fidworkblock:pressurecooker/cookedglutinousrice
[108月2026 21:13:42.438] [Render thread/WARN] [net.minecraft.client.ClientRecipeBook/]: Unknown recipe category: fidworkblock:cooking/fidworkblock:wok/saltedeggyolkfriedcauliflower
[108月2026 21:13:42.438] [Render thread/WARN] [net.minecraft.client.ClientRecipeBook/]: Unknown recipe category: fidworkblock:cooking/fidworkblock:squeezingmachine/blueberryjam
[108月2026 21:13:42.438] [Render thread/WARN] [net.minecraft.client.ClientRecipeBook/]: Unknown recipe category: fidworkblock:cooking/fidworkblock:choppingboard/rawdicedsheepmeat
[108月2026 21:13:42.438] [Render thread/WARN] [net.minecraft.client.ClientRecipeBook/]: Unknown recipe category: fidworkblock:cooking/fidworkblock:pot/pot_noiledricenoodle
[108月2026 21:13:42.438] [Render thread/WARN] [net.minecraft.client.ClientRecipeBook/]: Unknown recipe category: fidworkblock:cooking/fidworkblock:dryer/dryblackfungus
[108月2026 21:13:42.438] [Render thread/WARN] [net.minecraft.client.ClientRecipeBook/]: Unknown recipe category: fidworkblock:cooking/fidworkblock:wok/grainspancake
[108月2026 21:13:42.438] [Render thread/WARN] [net.minecraft.client.ClientRecipeBook/]: Unknown recipe category: fidworkblock:cooking/fidworkblock:pot/pot_steamedfish
[108月2026 21:13:42.438] [Render thread/WARN] [net.minecraft.client.ClientRecipeBook/]: Unknown recipe category: fidworkblock:cooking/fidworkblock:fryingpan/friedgizzard
[108月2026 21:13:42.438] [Render thread/WARN] [net.minecraft.client.ClientRecipeBook/]: Unknown recipe category: fidworkblock:cooking/fidworkblock:jar/saltydicedcurumber
[108月2026 21:13:42.438] [Render thread/WARN] [net.minecraft.client.ClientRecipeBook/]: Unknown recipe category: fidworkblock:cooking/fidworkblock:teapot/healthpeanutmilk
[108月2026 21:13:42.438] [Render thread/WARN] [net.minecraft.client.ClientRecipeBook/]: Unknown recipe category: fidworkblock:cooking/fidworkblock:wok/spicytofu
[108月2026 21:13:42.438] [Render thread/WARN] [net.minecraft.client.ClientRecipeBook/]: Unknown recipe category: fidworkblock:cooking/fidworkblock:fryingpan/sachima
[108月2026 21:13:42.438] [Render thread/WARN] [net.minecraft.client.ClientRecipeBook/]: Unknown recipe category: fidworkblock:cooking/fidworkblock:mortar/jujubepaste
[108月2026 21:13:42.438] [Render thread/WARN] [net.minecraft.client.ClientRecipeBook/]: Unknown recipe category: fidworkblock:cooking/fidworkblock:wok/chickenwith_scallion_oil
[108月2026 21:13:42.439] [Render thread/WARN] [net.minecraft.client.ClientRecipeBook/]: Unknown recipe category: fidworkblock:cooking/fidworkblock:wok/stirfriedboiledporkslicesinhotsauce
[108月2026 21:13:42.439] [Render thread/WARN] [net.minecraft.client.ClientRecipeBook/]: Unknown recipe category: fidworkblock:cooking/fidworkblock:dryer/dryaniseed
[108月2026 21:13:42.439] [Render thread/WARN] [net.minecraft.client.ClientRecipeBook/]: Unknown recipe category: fidworkblock:cooking/fidworkblock:pressurecooker/stewedchickenleg
[108月2026 21:13:42.439] [Render thread/WARN] [net.minecraft.client.ClientRecipeBook/]: Unknown recipe category: fidworkblock:cooking/fidworkblock:fryingpan/colonelchickennuggets
[108月2026 21:13:42.439] [Render thread/WARN] [net.minecraft.client.ClientRecipeBook/]: Unknown recipe category: fidworkblock:cooking/fidworkblock:squeezingmachine/lemonjam
[108月2026 21:13:42.439] [Render thread/WARN] [net.minecraft.client.ClientRecipeBook/]: Unknown recipe category: fidworkblock:cooking/fidworkblock:pot/pot_steamedvermicelliroll_0
[108月2026 21:13:42.439] [Render thread/WARN] [net.minecraft.client.ClientRecipeBook/]: Unknown recipe category: fidworkblock:cooking/fidworkblock:squeezingmachine/pearjam
[108月2026 21:13:42.439] [Render thread/WARN] [net.minecraft.client.ClientRecipeBook/]: Unknown recipe category: fidworkblock:cooking/fidworkblock:jar/thickbroadbeansauce
[108月2026 21:13:42.439] [Render thread/WARN] [net.minecraft.client.ClientRecipeBook/]: Unknown recipe category: fidworkblock:cooking/fidworkblock:pot/pot_stewedchickenwithwaxgourd
[108月2026 21:13:42.439] [Render thread/WARN] [net.minecraft.client.ClientRecipeBook/]: Unknown recipe category: fidworkblock:cooking/fidworkblock:jar/vinegar2
[108月2026 21:13:42.439] [Render thread/WARN] [net.minecraft.client.ClientRecipeBook/]: Unknown recipe category: fidworkblock:cooking/fidworkblock:squeezingmachine/strawberryjam
[108月2026 21:13:42.439] [Render thread/WARN] [net.minecraft.client.ClientRecipeBook/]: Unknown recipe category: fidworkblock:cooking/fidworkblock:pressurecooker/reddatesandtremellaporridge
[108月2026 21:13:42.439] [Render thread/WARN] [net.minecraft.client.ClientRecipeBook/]: Unknown recipe category: fidworkblock:cooking/fidworkblock:dryer/eggvermicelli
[108月2026 21:13:42.439] [Render thread/WARN] [net.minecraft.client.ClientRecipeBook/]: Unknown recipe category: fidworkblock:cooking/fidworkblock:pressurecooker/labaporridge
[108月2026 21:13:42.439] [Render thread/WARN] [net.minecraft.client.ClientRecipeBook/]: Unknown recipe category: fidworkblock:cooking/fidworkblock:choppingboard/rawricenoodles
[108月2026 21:13:42.439] [Render thread/WARN] [net.minecraft.client.ClientRecipeBook/]: Unknown recipe category: fidworkblock:cooking/fidworkblock:dryer/drynutmeg
[108月2026 21:13:42.439] [Render thread/WARN] [net.minecraft.client.ClientRecipeBook/]: Unknown recipe category: fidworkblock:cooking/fidworkblock:choppingboard/dicedsteamedbread
[108月2026 21:13:42.439] [Render thread/WARN] [net.minecraft.client.ClientRecipeBook/]: Unknown recipe category: fidworkblock:cooking/fidworkblock:jar/vinegar
[108月2026 21:13:42.439] [Render thread/WARN] [net.minecraft.client.ClientRecipeBook/]: Unknown recipe category: fidworkblock:cooking/fidworkblock:pressurecooker/stewedchickenlivers
[108月2026 21:13:42.439] [Render thread/WARN] [net.minecraft.client.ClientRecipeBook/]: Unknown recipe category: fidworkblock:cooking/fidworkblock:fryingpan/potatochips
[108月2026 21:13:42.439] [Render thread/WARN] [net.minecraft.client.ClientRecipeBook/]: Unknown recipe category: fidworkblock:cooking/fidworkblock:squeezingmachine/greengrapejam
[108月2026 21:13:42.439] [Render thread/WARN] [net.minecraft.client.ClientRecipeBook/]: Unknown recipe category: fidworkblock:cooking/fidworkblock:fryingpan/friedchickencorn
[108月2026 21:13:42.439] [Render thread/WARN] [net.minecraft.client.ClientRecipeBook/]: Unknown recipe category: fidworkblock:cooking/fidworkblock:mortar/greenteapowder
[108月2026 21:13:42.439] [Render thread/WARN] [net.minecraft.client.ClientRecipeBook/]: Unknown recipe category: fidworkblock:cooking/fidworkblock:dryer/dryfragrantmushroom
[108月2026 21:13:42.439] [Render thread/WARN] [net.minecraft.client.ClientRecipeBook/]: Unknown recipe category: fidworkblock:cooking/fidworkblock:squeezingmachine/pomegranatejam
[108月2026 21:13:42.439] [Render thread/WARN] [net.minecraft.client.ClientRecipeBook/]: Unknown recipe category: fidworkblock:cooking/fidworkblock:squeezingmachine/winterjujubejam
[108月2026 21:13:42.439] [Render thread/WARN] [net.minecraft.client.ClientRecipeBook/]: Unknown recipe category: fidworkblock:cooking/fidworkblock:pressurecooker/oakrice
[108月2026 21:13:42.439] [Render thread/WARN] [net.minecraft.client.ClientRecipeBook/]: Unknown recipe category: fidworkblock:cooking/fidworkblock:choppingboard/dicedcassava
[108月2026 21:13:42.439] [Render thread/WARN] [net.minecraft.client.ClientRecipeBook/]: Unknown recipe category: fidworkblock:cooking/fidworkblock:teapot/lemonredtea
[108月2026 21:13:42.439] [Render thread/WARN] [net.minecraft.client.ClientRecipeBook/]: Unknown recipe category: fidworkblock:cooking/fidworkblock:mortar/coffeepowder
[108月2026 21:13:42.439] [Render thread/WARN] [net.minecraft.client.ClientRecipeBook/]: Unknown recipe category: fidworkblock:cooking/fidworkblock:dryer/dry_pistachionut
[108月2026 21:13:42.439] [Render thread/WARN] [net.minecraft.client.ClientRecipeBook/]: Unknown recipe category: fidworkblock:cooking/fidworkblock:squeezingmachine/grapejam
[108月2026 21:13:42.439] [Render thread/WARN] [net.minecraft.client.ClientRecipeBook/]: Unknown recipe category: fidworkblock:cooking/fidworkblock:mortar/peastuffing
[108月2026 21:13:42.439] [Render thread/WARN] [net.minecraft.client.ClientRecipeBook/]: Unknown recipe category: fidworkblock:cooking/fidworkblock:mortar/sweetpotatstarch
[108月2026 21:13:42.439] [Render thread/WARN] [net.minecraft.client.ClientRecipeBook/]: Unknown recipe category: fidworkblock:cooking/fidworkblock:choppingboard/dicedcarrots
[108月2026 21:13:42.439] [Render thread/WARN] [net.minecraft.client.ClientRecipeBook/]: Unknown recipe category: fidworkblock:cooking/fidworkblock:squeezingmachine/dragonfruitjam
[108月2026 21:13:42.439] [Render thread/WARN] [net.minecraft.client.ClientRecipeBook/]: Unknown recipe category: fidworkblock:cooking/fidworkblock:wok/drawneggplant
[108月2026 21:13:42.439] [Render thread/WARN] [net.minecraft.client.ClientRecipeBook/]: Unknown recipe category: fidworkblock:cooking/fidworkblock:choppingboard/cutcabbage
[108月2026 21:13:42.439] [Render thread/WARN] [net.minecraft.client.ClientRecipeBook/]: Unknown recipe category: fidworkblock:cooking/fidworkblock:fryingpan/friedchickenchop
[108月2026 21:13:42.439] [Render thread/WARN] [net.minecraft.client.ClientRecipeBook/]: Unknown recipe category: fidworkblock:cooking/fidworkblock:mortar/chillipowder
[108月2026 21:13:42.439] [Render thread/WARN] [net.minecraft.client.ClientRecipeBook/]: Unknown recipe category: fidworkblock:cooking/fidworkblock:fryingpan/drieddicedaubergine
[108月2026 21:13:42.439] [Render thread/WARN] [net.minecraft.client.ClientRecipeBook/]: Unknown recipe category: fidworkblock:cooking/fidworkblock:pot/pot_toufu
[108月2026 21:13:42.439] [Render thread/WARN] [net.minecraft.client.ClientRecipeBook/]: Unknown recipe category: fidworkblock:cooking/fidworkblock:steambox/steamedtwistedroll
[108月2026 21:13:42.439] [Render thread/WARN] [net.minecraft.client.ClientRecipeBook/]: Unknown recipe category: fidworkblock:cooking/fidworkblock:mortar/sorbet
[108月2026 21:13:42.439] [Render thread/WARN] [net.minecraft.client.ClientRecipeBook/]: Unknown recipe category: fidworkblock:cooking/fidworkblock:squeezingmachine/tangerinejam
[108月2026 21:13:42.439] [Render thread/WARN] [net.minecraft.client.ClientRecipeBook/]: Unknown recipe category: fidworkblock:cooking/fidworkblock:fryingpan/friedhempball
[108月2026 21:13:42.439] [Render thread/WARN] [net.minecraft.client.ClientRecipeBook/]: Unknown recipe category: fidworkblock:cooking/fidworkblock:pot/pot_stewedchickensoupwithmushrooms
[108月2026 21:13:42.439] [Render thread/WARN] [net.minecraft.client.ClientRecipeBook/]: Unknown recipe category: fidworkblock:cooking/fidworkblock:mortar/saltpiece
[108月2026 21:13:42.439] [Render thread/WARN] [net.minecraft.client.ClientRecipeBook/]: Unknown recipe category: fidworkblock:cooking/fidworkblock:teapot/sprite
[108月2026 21:13:42.439] [Render thread/WARN] [net.minecraft.client.ClientRecipeBook/]: Unknown recipe category: fidworkblock:cooking/fidworkblock:choppingboard/rawsheepoffal
[108月2026 21:13:42.439] [Render thread/WARN] [net.minecraft.client.ClientRecipeBook/]: Unknown recipe category: fidworkblock:cooking/fidworkblock:pot/pot_stewedporkwithbrownsauce
[108月2026 21:13:42.439] [Render thread/WARN] [net.minecraft.client.ClientRecipeBook/]: Unknown recipe category: fidworkblock:cooking/fidworkblock:pot/pot_steamedsaltorange
[108月2026 21:13:42.439] [Render thread/WARN] [net.minecraft.client.ClientRecipeBook/]: Unknown recipe category: fidworkblock:cooking/fidworkblock:wok/sauteedmushroomswithrapeseed
[108月2026 21:13:42.439] [Render thread/WARN] [net.minecraft.client.ClientRecipeBook/]: Unknown recipe category: fidworkblock:cooking/fidworkblock:wok/friedmeatwithcuminonion
[108月2026 21:13:42.439] [Render thread/WARN] [net.minecraft.client.ClientRecipeBook/]: Unknown recipe category: fidworkblock:cooking/fidworkblock:choppingboard/diecedpreservedegg
[108月2026 21:13:42.439] [Render thread/WARN] [net.minecraft.client.ClientRecipeBook/]: Unknown recipe category: fidworkblock:cooking/fidworkblock:pressurecooker/cookedglutinousricepoundedintopaste
[108月2026 21:13:42.439] [Render thread/WARN] [net.minecraft.client.ClientRecipeBook/]: Unknown recipe category: fidworkblock:cooking/fidworkblock:pressurecooker/kaoliangrice
[108月2026 21:13:42.439] [Render thread/WARN] [net.minecraft.client.ClientRecipeBook/]: Unknown recipe category: fidworkblock:cooking/fidworkblock:choppingboard/shreddedpotato_2
[108月2026 21:13:42.439] [Render thread/WARN] [net.minecraft.client.ClientRecipeBook/]: Unknown recipe category: fidworkblock:cooking/fidworkblock:wok/spicypeanut
[108月2026 21:13:42.439] [Render thread/WARN] [net.minecraft.client.ClientRecipeBook/]: Unknown recipe category: fidworkblock:cooking/fidworkblock:mortar/redbeanpaste
[108月2026 21:13:42.439] [Render thread/WARN] [net.minecraft.client.ClientRecipeBook/]: Unknown recipe category: fidworkblock:cooking/fidworkblock:jar/thickbroadbeansauce_two
[108月2026 21:13:42.439] [Render thread/WARN] [net.minecraft.client.ClientRecipeBook/]: Unknown recipe category: fidworkblock:cooking/fidworkblock:squeezingmachine/nectarinejam
[108月2026 21:13:42.439] [Render thread/WARN] [net.minecraft.client.ClientRecipeBook/]: Unknown recipe category: fidworkblock:cooking/fidworkblock:choppingboard/dicedorange
[108月2026 21:13:42.439] [Render thread/WARN] [net.minecraft.client.ClientRecipeBook/]: Unknown recipe category: fidworkblock:cooking/fidworkblock:steambox/meatflourrool
[108月2026 21:13:42.439] [Render thread/WARN] [net.minecraft.client.ClientRecipeBook/]: Unknown recipe category: fidworkblock:cooking/fidworkblock:dryer/drysichuanpepper
[108月2026 21:13:42.439] [Render thread/WARN] [net.minecraft.client.ClientRecipeBook/]: Unknown recipe category: fidworkblock:cooking/fidworkblock:choppingboard/dicedpickledvegetable
[108月2026 21:13:42.439] [Render thread/WARN] [net.minecraft.client.ClientRecipeBook/]: Unknown recipe category: fidworkblock:cooking/fidworkblock:wok/pineapple_sweetand_sour_pork
[108月2026 21:13:42.439] [Render thread/WARN] [net.minecraft.client.ClientRecipeBook/]: Unknown recipe category: fidworkblock:cooking/fidworkblock:choppingboard/slicedlotusroot
[108月2026 21:13:42.439] [Render thread/WARN] [net.minecraft.client.ClientRecipeBook/]: Unknown recipe category: fidworkblock:cooking/fidworkblock:mortar/wheatflour_three
[108月2026 21:13:42.439] [Render thread/WARN] [net.minecraft.client.ClientRecipeBook/]: Unknown recipe category: fidworkblock:cooking/fidworkblock:mortar/peanutpowder
[108月2026 21:13:42.439] [Render thread/WARN] [net.minecraft.client.ClientRecipeBook/]: Unknown recipe category: fidworkblock:cooking/fidworkblock:steambox/fanhuaroll
[108月2026 21:13:42.439] [Render thread/WARN] [net.minecraft.client.ClientRecipeBook/]: Unknown recipe category: fidworkblock:cooking/fidworkblock:wok/yimengpancakes
[108月2026 21:13:42.439] [Render thread/WARN] [net.minecraft.client.ClientRecipeBook/]: Unknown recipe category: fidworkblock:cooking/fidworkblock:wok/spicycabbage
[108月2026 21:13:42.439] [Render thread/WARN] [net.minecraft.client.ClientRecipeBook/]: Unknown recipe category: fidworkblock:cooking/fidworkblock:steambox/saltyegg
[108月2026 21:13:42.439] [Render thread/WARN] [net.minecraft.client.ClientRecipeBook/]: Unknown recipe category: fidworkblock:cooking/fidworkblock:fryingpan/driedmeatball
[108月2026 21:13:42.439] [Render thread/WARN] [net.minecraft.client.ClientRecipeBook/]: Unknown recipe category: fidworkblock:cooking/fidworkblock:mortar/wheatflour_four
[108月2026 21:13:42.439] [Render thread/WARN] [net.minecraft.client.ClientRecipeBook/]: Unknown recipe category: fidworkblock:cooking/fidworkblock:teapot/buckwheattea
[108月2026 21:13:42.439] [Render thread/WARN] [net.minecraft.client.ClientRecipeBook/]: Unknown recipe category: fidworkblock:cooking/fidworkblock:pressurecooker/millietporridge
[108月2026 21:13:42.439] [Render thread/WARN] [net.minecraft.client.ClientRecipeBook/]: Unknown recipe category: fidworkblock:cooking/fidworkblock:pot/pot_meatballsoup
[108月2026 21:13:42.439] [Render thread/WARN] [net.minecraft.client.ClientRecipeBook/]: Unknown recipe category: fidworkblock:cooking/fidworkblock:pressurecooker/buckwheatrice
[108月2026 21:13:42.439] [Render thread/WARN] [net.minecraft.client.ClientRecipeBook/]: Unknown recipe category: fidworkblock:cooking/fidworkblock:steambox/steamedblood4
[108月2026 21:13:42.439] [Render thread/WARN] [net.minecraft.client.ClientRecipeBook/]: Unknown recipe category: fidworkblock:cooking/fidworkblock:steambox/steamedblood3
[108月2026 21:13:42.439] [Render thread/WARN] [net.minecraft.client.ClientRecipeBook/]: Unknown recipe category: fidworkblock:cooking/fidworkblock:steambox/zongzi
[108月2026 21:13:42.439] [Render thread/WARN] [net.minecraft.client.ClientRecipeBook/]: Unknown recipe category: fidworkblock:cooking/fidworkblock:pot/pot_sa
[108月2026 21:13:42.439] [Render thread/WARN] [net.minecraft.client.ClientRecipeBook/]: Unknown recipe category: fidworkblock:cooking/fidworkblock:steambox/steamedblood2
[108月2026 21:13:42.439] [Render thread/WARN] [net.minecraft.client.ClientRecipeBook/]: Unknown recipe category: fidworkblock:cooking/fidworkblock:teapot/electrolytebeverage
[108月2026 21:13:42.439] [Render thread/WARN] [net.minecraft.client.ClientRecipeBook/]: Unknown recipe category: fidworkblock:cooking/fidworkblock:dryer/drygreentea
[108月2026 21:13:42.439] [Render thread/WARN] [net.minecraft.client.ClientRecipeBook/]: Unknown recipe category: fidworkblock:cooking/fidworkblock:pot/pot_cantonesericerolls
[108月2026 21:13:42.439] [Render thread/WARN] [net.minecraft.client.ClientRecipeBook/]: Unknown recipe category: fidworkblock:cooking/fidworkblock:squeezingmachine/watermelonjam
[108月2026 21:13:42.439] [Render thread/WARN] [net.minecraft.client.ClientRecipeBook/]: Unknown recipe category: fidworkblock:cooking/fidworkblock:pressurecooker/millietrice
[108月2026 21:13:42.439] [Render thread/WARN] [net.minecraft.client.ClientRecipeBook/]: Unknown recipe category: fidworkblock:cooking/fidworkblock:pot/pot_boiledcorn
[108月2026 21:13:42.439] [Render thread/WARN] [net.minecraft.client.ClientRecipeBook/]: Unknown recipe category: fidworkblock:cooking/fidworkblock:mortar/chinesepicklyashpowder
[108月2026 21:13:42.439] [Render thread/WARN] [net.minecraft.client.ClientRecipeBook/]: Unknown recipe category: fidworkblock:cooking/fidworkblock:fryingpan/frieddoughstick
[108月2026 21:13:42.439] [Render thread/WARN] [net.minecraft.client.ClientRecipeBook/]: Unknown recipe category: fidworkblock:cooking/fidworkblock:squeezingmachine/pawpawjam
[108月2026 21:13:42.439] [Render thread/WARN] [net.minecraft.client.ClientRecipeBook/]: Unknown recipe category: fidworkblock:cooking/fidworkblock:squeezingmachine/coconutjam
[108月2026 21:13:42.439] [Render thread/WARN] [net.minecraft.client.ClientRecipeBook/]: Unknown recipe category: fidworkblock:cooking/fidworkblock:dryer/friedmushroom
[108月2026 21:13:42.439] [Render thread/WARN] [net.minecraft.client.ClientRecipeBook/]: Unknown recipe category: fidworkblock:cooking/fidworkblock:pot/pot_cookedvermicelli
[108月2026 21:13:42.439] [Render thread/WARN] [net.minecraft.client.ClientRecipeBook/]: Unknown recipe category: fidworkblock:cooking/fidworkblock:pressurecooker/stewedpigleg
[108月2026 21:13:42.439] [Render thread/WARN] [net.minecraft.client.ClientRecipeBook/]: Unknown recipe category: fidworkblock:cooking/fidworkblock:fryingpan/drieddicedbread
[108月2026 21:13:42.439] [Render thread/WARN] [net.minecraft.client.ClientRecipeBook/]: Unknown recipe category: fidworkblock:cooking/fidworkblock:squeezingmachine/soymilk
[108月2026 21:13:42.439] [Render thread/WARN] [net.minecraft.client.ClientRecipeBook/]: Unknown recipe category: fidworkblock:cooking/fidworkblock:choppingboard/dicedcelery
[108月2026 21:13:42.439] [Render thread/WARN] [net.minecraft.client.ClientRecipeBook/]: Unknown recipe category: fidworkblock:cooking/fidworkblock:pot/pot_chinesecabbageinsoup
[108月2026 21:13:42.439] [Render thread/WARN] [net.minecraft.client.ClientRecipeBook/]: Unknown recipe category: fidworkblock:cooking/fidworkblock:wok/friedlivertipwithspinach
[108月2026 21:13:42.439] [Render thread/WARN] [net.minecraft.client.ClientRecipeBook/]: Unknown recipe category: fidworkblock:cooking/fidworkblock:dryer/drylilac
[108月2026 21:13:42.439] [Render thread/WARN] [net.minecraft.client.ClientRecipeBook/]: Unknown recipe category: fidworkblock:cooking/fidworkblock:pressurecooker/cookedcornbatter
[108月2026 21:13:42.439] [Render thread/WARN] [net.minecraft.client.ClientRecipeBook/]: Unknown recipe category: fidworkblock:cooking/fidworkblock:pressurecooker/rice_porridge
[108月2026 21:13:42.439] [Render thread/WARN] [net.minecraft.client.ClientRecipeBook/]: Unknown recipe category: fidworkblock:cooking/fidworkblock:choppingboard/dicedcucumber
[108月2026 21:13:42.439] [Render thread/WARN] [net.minecraft.client.ClientRecipeBook/]: Unknown recipe category: fidworkblock:cooking/fidworkblock:fryingpan/firedspringroll
[108月2026 21:13:42.439] [Render thread/WARN] [net.minecraft.client.ClientRecipeBook/]: Unknown recipe category: fidworkblock:cooking/fidworkblock:pot/pot_boiled_chickenwith_sauce
[108月2026 21:13:42.439] [Render thread/WARN] [net.minecraft.client.ClientRecipeBook/]: Unknown recipe category: fidworkblock:cooking/fidworkblock:fryingpan/chinesespicysnackfood
[108月2026 21:13:42.439] [Render thread/WARN] [net.minecraft.client.ClientRecipeBook/]: Unknown recipe category: fidworkblock:cooking/fidworkblock:wok/friedcowpea
[108月2026 21:13:42.439] [Render thread/WARN] [net.minecraft.client.ClientRecipeBook/]: Unknown recipe category: fidworkblock:cooking/fidworkblock:mortar/gravel
[108月2026 21:13:42.439] [Render thread/WARN] [net.minecraft.client.ClientRecipeBook/]: Unknown recipe category: fidworkblock:cooking/fidworkblock:choppingboard/cutchinesecabbage
[108月2026 21:13:42.439] [Render thread/WARN] [net.minecraft.client.ClientRecipeBook/]: Unknown recipe category: fidworkblock:cooking/fidworkblock:mortar/cocoapowder
[108月2026 21:13:42.439] [Render thread/WARN] [net.minecraft.client.ClientRecipeBook/]: Unknown recipe category: fidworkblock:cooking/fidworkblock:pressurecooker/oakporridge
[108月2026 21:13:42.439] [Render thread/WARN] [net.minecraft.client.ClientRecipeBook/]: Unknown recipe category: fidworkblock:cooking/fidworkblock:mortar/onionpowder
[108月2026 21:13:42.439] [Render thread/WARN] [net.minecraft.client.ClientRecipeBook/]: Unknown recipe category: fidworkblock:cooking/fidworkblock:squeezingmachine/durianjam
[108月2026 21:13:42.439] [Render thread/WARN] [net.minecraft.client.ClientRecipeBook/]: Unknown recipe category: fidworkblock:cooking/fidworkblock:mortar/garlicpowder
[108月2026 21:13:42.439] [Render thread/WARN] [net.minecraft.client.ClientRecipeBook/]: Unknown recipe category: fidworkblock:cooking/fidworkblock:squeezingmachine/sweetberryjam
[108月2026 21:13:42.439] [Render thread/WARN] [net.minecraft.client.ClientRecipeBook/]: Unknown recipe category: fidworkblock:cooking/fidworkblock:jar/beansprout
[108月2026 21:13:42.439] [Render thread/WARN] [net.minecraft.client.ClientRecipeBook/]: Unknown recipe category: fidworkblock:cooking/fidworkblock:squeezingmachine/carambolajam
[108月2026 21:13:42.439] [Render thread/WARN] [net.minecraft.client.ClientRecipeBook/]: Unknown recipe category: fidworkblock:cooking/fidworkblock:teapot/sugarfreicedtea
[108月2026 21:13:42.439] [Render thread/WARN] [net.minecraft.client.ClientRecipeBook/]: Unknown recipe category: fidworkblock:cooking/fidworkblock:pot/pot_salttofucurd
[108月2026 21:13:42.439] [Render thread/WARN] [net.minecraft.client.ClientRecipeBook/]: Unknown recipe category: fidworkblock:cooking/fidworkblock:pot/pot_reddatesandtremellaporridge
[108月2026 21:13:42.439] [Render thread/WARN] [net.minecraft.client.ClientRecipeBook/]: Unknown recipe category: fidworkblock:cooking/fidworkblock:jar/probiotics
[108月2026 21:13:42.439] [Render thread/WARN] [net.minecraft.client.ClientRecipeBook/]: Unknown recipe category: fidworkblock:cooking/fidworkblock:pot/pot_newyearcake
[108月2026 21:13:42.439] [Render thread/WARN] [net.minecraft.client.ClientRecipeBook/]: Unknown recipe category: fidworkblock:cooking/fidworkblock:choppingboard/dicedradish
[108月2026 21:13:42.439] [Render thread/WARN] [net.minecraft.client.ClientRecipeBook/]: Unknown recipe category: fidworkblock:cooking/fidworkblock:teapot/green_tea_lattes
[108月2026 21:13:42.441] [Render thread/WARN] [net.minecraft.client.ClientRecipeBook/]: Unknown recipe category: fidworkblock:cooking/fidworkblock:pressurecooker/gelatin_three
[108月2026 21:13:42.441] [Render thread/WARN] [net.minecraft.client.ClientRecipeBook/]: Unknown recipe category: fidworkblock:cooking/fidworkblock:pot/pot_winterjujubeandwaxgourdsoup
[108月2026 21:13:42.441] [Render thread/WARN] [net.minecraft.client.ClientRecipeBook/]: Unknown recipe category: fidworkblock:cooking/fidworkblock:mortar/milletgrain
[108月2026 21:13:42.441] [Render thread/WARN] [net.minecraft.client.ClientRecipeBook/]: Unknown recipe category: fidworkblock:cooking/fidworkblock:mortar/polishedglutinousrice_2
[108月2026 21:13:42.441] [Render thread/WARN] [net.minecraft.client.ClientRecipeBook/]: Unknown recipe category: fidworkblock:cooking/fidworkblock:choppingboard/choppedcowpea
[108月2026 21:13:42.441] [Render thread/WARN] [net.minecraft.client.ClientRecipeBook/]: Unknown recipe category: fidworkblock:cooking/fidworkblock:dryer/casing
[108月2026 21:13:42.441] [Render thread/WARN] [net.minecraft.client.ClientRecipeBook/]: Unknown recipe category: fidworkblock:cooking/fidworkblock:choppingboard/dicedpurplesweetpotato
[108月2026 21:13:42.441] [Render thread/WARN] [net.minecraft.client.ClientRecipeBook/]: Unknown recipe category: fidworkblock:cooking/fidworkblock:pot/pot_bakedwhitemushroomswithcream
[108月2026 21:13:42.441] [Render thread/WARN] [net.minecraft.client.ClientRecipeBook/]: Unknown recipe category: fidworkblock:cooking/fidworkblock:teapot/greentea
[108月2026 21:13:42.441] [Render thread/WARN] [net.minecraft.client.ClientRecipeBook/]: Unknown recipe category: fidworkblock:cooking/fidworkblock:choppingboard/slicedabuergine
[108月2026 21:13:42.441] [Render thread/WARN] [net.minecraft.client.ClientRecipeBook/]: Unknown recipe category: fidworkblock:cooking/fidworkblock:pot/pot_sliced_fishin_hot_chili_oil
[108月2026 21:13:42.441] [Render thread/WARN] [net.minecraft.client.ClientRecipeBook/]: Unknown recipe category: fidworkblock:cooking/fidworkblock:mortar/wheatflour
[108月2026 21:13:42.441] [Render thread/WARN] [net.minecraft.client.ClientRecipeBook/]: Unknown recipe category: fidworkblock:cooking/fidworkblock:wok/friedspicychicken
[108月2026 21:13:42.441] [Render thread/WARN] [net.minecraft.client.ClientRecipeBook/]: Unknown recipe category: fidworkblock:cooking/fidworkblock:choppingboard/shreddercucumber
[108月2026 21:13:42.441] [Render thread/WARN] [net.minecraft.client.ClientRecipeBook/]: Unknown recipe category: fidworkblock:cooking/fidworkblock:squeezingmachine/hawthornjam
[108月2026 21:13:42.441] [Render thread/WARN] [net.minecraft.client.ClientRecipeBook/]: Unknown recipe category: fidworkblock:cooking/fidworkblock:pot/pot_stewedeggswithloofah
[108月2026 21:13:42.441] [Render thread/WARN] [net.minecraft.client.ClientRecipeBook/]: Unknown recipe category: fidworkblock:cooking/fidworkblock:choppingboard/dicedwaxgourd
[108月2026 21:13:42.441] [Render thread/WARN] [net.minecraft.client.ClientRecipeBook/]: Unknown recipe category: fidworkblock:cooking/fidworkblock:choppingboard/rawdicedcattlemeat
[108月2026 21:13:42.441] [Render thread/WARN] [net.minecraft.client.ClientRecipeBook/]: Unknown recipe category: fidworkblock:cooking/fidworkblock:choppingboard/drypowderstrip
[108月2026 21:13:42.441] [Render thread/WARN] [net.minecraft.client.ClientRecipeBook/]: Unknown recipe category: fidworkblock:cooking/fidworkblock:choppingboard/cutdiecedpreserveegg
[108月2026 21:13:42.441] [Render thread/WARN] [net.minecraft.client.ClientRecipeBook/]: Unknown recipe category: fidworkblock:cooking/fidworkblock:jar/saltyraddish
[108月2026 21:13:42.441] [Render thread/WARN] [net.minecraft.client.ClientRecipeBook/]: Unknown recipe category: fidworkblock:cooking/fidworkblock:pressurecooker/gelatin
[108月2026 21:13:42.441] [Render thread/WARN] [net.minecraft.client.ClientRecipeBook/]: Unknown recipe category: fidworkblock:cooking/fidworkblock:teapot/sweetmilk
[108月2026 21:13:42.441] [Render thread/WARN] [net.minecraft.client.ClientRecipeBook/]: Unknown recipe category: fidworkblock:cooking/fidworkblock:dryer/driedtoufu
[108月2026 21:13:42.441] [Render thread/WARN] [net.minecraft.client.ClientRecipeBook/]: Unknown recipe category: fidworkblock:cooking/fidworkblock:choppingboard/choppedpotato_1
[108月2026 21:13:42.441] [Render thread/WARN] [net.minecraft.client.ClientRecipeBook/]: Unknown recipe category: fidworkblock:cooking/fidworkblock:choppingboard/raw_pigoffal
[108月2026 21:13:42.441] [Render thread/WARN] [net.minecraft.client.ClientRecipeBook/]: Unknown recipe category: fidworkblock:cooking/fidworkblock:teapot/redtea
[108月2026 21:13:42.441] [Render thread/WARN] [net.minecraft.client.ClientRecipeBook/]: Unknown recipe category: fidworkblock:cooking/fidworkblock:squeezingmachine/sesameseedjam
[108月2026 21:13:42.441] [Render thread/WARN] [net.minecraft.client.ClientRecipeBook/]: Unknown recipe category: fidworkblock:cooking/fidworkblock:choppingboard/dicedpleurotuseryngii
[108月2026 21:13:42.441] [Render thread/WARN] [net.minecraft.client.ClientRecipeBook/]: Unknown recipe category: fidworkblock:cooking/fidworkblock:mortar/walnutsui
[108月2026 21:13:42.441] [Render thread/WARN] [net.minecraft.client.ClientRecipeBook/]: Unknown recipe category: fidworkblock:cooking/fidworkblock:steambox/steamedbread
[108月2026 21:13:42.441] [Render thread/WARN] [net.minecraft.client.ClientRecipeBook/]: Unknown recipe category: fidworkblock:cooking/fidworkblock:choppingboard/dicedloofach
[108月2026 21:13:42.441] [Render thread/WARN] [net.minecraft.client.ClientRecipeBook/]: Unknown recipe category: fidworkblock:cooking/fidworkblock:wok/scrambledeggswithfungusandcucumber
[108月2026 21:13:42.441] [Render thread/WARN] [net.minecraft.client.ClientRecipeBook/]: Unknown recipe category: fidworkblock:cooking/fidworkblock:fryingpan/drieddicedsteamedbread
[108月2026 21:13:42.441] [Render thread/WARN] [net.minecraft.client.ClientRecipeBook/]: Unknown recipe category: fidworkblock:cooking/fidworkblock:jar/soy
[108月2026 21:13:42.441] [Render thread/WARN] [net.minecraft.client.ClientRecipeBook/]: Unknown recipe category: fidworkblock:cooking/fidworkblock:pot/pot_stewedporkoffal
[108月2026 21:13:42.441] [Render thread/WARN] [net.minecraft.client.ClientRecipeBook/]: Unknown recipe category: fidworkblock:cooking/fidworkblock:choppingboard/dicedhamimelon
[108月2026 21:13:42.441] [Render thread/WARN] [net.minecraft.client.ClientRecipeBook/]: Unknown recipe category: fidworkblock:cooking/fidworkblock:steambox/cookedhawthorn
[108月2026 21:13:42.441] [Render thread/WARN] [net.minecraft.client.ClientRecipeBook/]: Unknown recipe category: fidworkblock:cooking/fidworkblock:squeezingmachine/bananajam
[108月2026 21:13:42.441] [Render thread/WARN] [net.minecraft.client.ClientRecipeBook/]: Unknown recipe category: fidworkblock:cooking/fidworkblock:fryingpan/friedsanzi
[108月2026 21:13:42.441] [Render thread/WARN] [net.minecraft.client.ClientRecipeBook/]: Unknown recipe category: fidworkblock:cooking/fidworkblock:wok/linyifriedchicken
[108月2026 21:13:42.441] [Render thread/WARN] [net.minecraft.client.ClientRecipeBook/]: Unknown recipe category: fidworkblock:cooking/fidworkblock:mortar/walnutpowder
[108月2026 21:13:42.441] [Render thread/WARN] [net.minecraft.client.ClientRecipeBook/]: Unknown recipe category: fidworkblock:cooking/fidworkblock:jar/tsingtao_beer
[108月2026 21:13:42.441] [Render thread/WARN] [net.minecraft.client.ClientRecipeBook/]: Unknown recipe category: fidworkblock:cooking/fidworkblock:mortar/wheatflour_two
[108月2026 21:13:42.441] [Render thread/WARN] [net.minecraft.client.ClientRecipeBook/]: Unknown recipe category: fidworkblock:cooking/fidworkblock:jar/curedmeat2
[108月2026 21:13:42.441] [Render thread/WARN] [net.minecraft.client.ClientRecipeBook/]: Unknown recipe category: fidworkblock:cooking/fidworkblock:jar/curedmeat
[108月2026 21:13:42.441] [Render thread/WARN] [net.minecraft.client.ClientRecipeBook/]: Unknown recipe category: fidworkblock:cooking/fidworkblock:choppingboard/diecedradish
[108月2026 21:13:42.441] [Render thread/WARN] [net.minecraft.client.ClientRecipeBook/]: Unknown recipe category: fidworkblock:cooking/fidworkblock:pot/pot_ricepastesoup
[108月2026 21:13:42.441] [Render thread/WARN] [net.minecraft.client.ClientRecipeBook/]: Unknown recipe category: fidworkblock:cooking/fidworkblock:pot/pot_bonesoup
[108月2026 21:13:42.441] [Render thread/WARN] [net.minecraft.client.ClientRecipeBook/]: Unknown recipe category: fidworkblock:cooking/fidworkblock:mortar/gultinousricepowder
[108月2026 21:13:42.441] [Render thread/WARN] [net.minecraft.client.ClientRecipeBook/]: Unknown recipe category: fidworkblock:cooking/fidworkblock:fryingpan/frenchfries
[108月2026 21:13:42.441] [Render thread/WARN] [net.minecraft.client.ClientRecipeBook/]: Unknown recipe category: fidworkblock:cooking/fidworkblock:dryer/drycoffeebean
[108月2026 21:13:42.441] [Render thread/WARN] [net.minecraft.client.ClientRecipeBook/]: Unknown recipe category: fidworkblock:cooking/fidworkblock:dryer/dryredtea
[108月2026 21:13:42.441] [Render thread/WARN] [net.minecraft.client.ClientRecipeBook/]: Unknown recipe category: fidworkblock:cooking/fidworkblock:wok/kungpaochicken
[108月2026 21:13:42.441] [Render thread/WARN] [net.minecraft.client.ClientRecipeBook/]: Unknown recipe category: fidworkblock:cooking/fidworkblock:pressurecooker/gelatin_two
[108月2026 21:13:42.441] [Render thread/WARN] [net.minecraft.client.ClientRecipeBook/]: Unknown recipe category: fidworkblock:cooking/fidworkblock:choppingboard/dicedlotusroot
[108月2026 21:13:42.441] [Render thread/WARN] [net.minecraft.client.ClientRecipeBook/]: Unknown recipe category: fidworkblock:cooking/fidworkblock:fryingpan/friedchickenleg
[108月2026 21:13:42.441] [Render thread/WARN] [net.minecraft.client.ClientRecipeBook/]: Unknown recipe category: fidworkblock:cooking/fidworkblock:fryingpan/frieddoughtwist
[108月2026 21:13:42.441] [Render thread/WARN] [net.minecraft.client.ClientRecipeBook/]: Unknown recipe category: fidworkblock:cooking/fidworkblock:mortar/fennelpowder
[108月2026 21:13:42.441] [Render thread/WARN] [net.minecraft.client.ClientRecipeBook/]: Unknown recipe category: fidworkblock:cooking/fidworkblock:fryingpan/driedlotusroot
[108月2026 21:13:42.441] [Render thread/WARN] [net.minecraft.client.ClientRecipeBook/]: Unknown recipe category: fidworkblock:cooking/fidworkblock:fryingpan/driedbread
[108月2026 21:13:42.441] [Render thread/WARN] [net.minecraft.client.ClientRecipeBook/]: Unknown recipe category: fidworkblock:cooking/fidworkblock:pressurecooker/rice
[108月2026 21:13:42.441] [Render thread/WARN] [net.minecraft.client.ClientRecipeBook/]: Unknown recipe category: fidworkblock:cooking/fidworkblock:squeezingmachine/bonejinghua
[108月2026 21:13:42.441] [Render thread/WARN] [net.minecraft.client.ClientRecipeBook/]: Unknown recipe category: fidworkblock:cooking/fidworkblock:pot/zongzi
[108月2026 21:13:42.441] [Render thread/WARN] [net.minecraft.client.ClientRecipeBook/]: Unknown recipe category: fidworkblock:cooking/fidworkblock:steambox/cookedglutinousricepoundedintopaste
[108月2026 21:13:42.441] [Render thread/WARN] [net.minecraft.client.ClientRecipeBook/]: Unknown recipe category: fidworkblock:cooking/fidworkblock:pot/pot_boiled_fishwith_pickled_cabbageand_chili
[108月2026 21:13:42.441] [Render thread/WARN] [net.minecraft.client.ClientRecipeBook/]: Unknown recipe category: fidworkblock:cooking/fidworkblock:pot/pot_hotandsourricenoodles
[108月2026 21:13:42.441] [Render thread/WARN] [net.minecraft.client.ClientRecipeBook/]: Unknown recipe category: fidworkblock:cooking/fidworkblock:dryer/crystalsugar
[108月2026 21:13:42.441] [Render thread/WARN] [net.minecraft.client.ClientRecipeBook/]: Unknown recipe category: fidworkblock:cooking/fidworkblock:pot/dumpling
[108月2026 21:13:42.441] [Render thread/WARN] [net.minecraft.client.ClientRecipeBook/]: Unknown recipe category: fidworkblock:cooking/fidworkblock:wok/handgrabbedpancake
[108月2026 21:13:42.441] [Render thread/WARN] [net.minecraft.client.ClientRecipeBook/]: Unknown recipe category: fidworkblock:cooking/fidworkblock:pot/pot_spaghetti
[108月2026 21:13:42.441] [Render thread/WARN] [net.minecraft.client.ClientRecipeBook/]: Unknown recipe category: fidworkblock:cooking/fidworkblock:mortar/soybeanprotein
[108月2026 21:13:42.441] [Render thread/WARN] [net.minecraft.client.ClientRecipeBook/]: Unknown recipe category: fidworkblock:cooking/fidworkblock:pot/pot_tzxz
[108月2026 21:13:42.441] [Render thread/WARN] [net.minecraft.client.ClientRecipeBook/]: Unknown recipe category: fidworkblock:cooking/fidworkblock:pot/pot_noodles
[108月2026 21:13:42.441] [Render thread/WARN] [net.minecraft.client.ClientRecipeBook/]: Unknown recipe category: fidworkblock:cooking/fidworkblock:squeezingmachine/cherryjam
[108月2026 21:13:42.441] [Render thread/WARN] [net.minecraft.client.ClientRecipeBook/]: Unknown recipe category: fidworkblock:cooking/fidworkblock:dryer/drycinnamon
[108月2026 21:13:42.441] [Render thread/WARN] [net.minecraft.client.ClientRecipeBook/]: Unknown recipe category: fidworkblock:cooking/fidworkblock:jar/raw_preservedegg
[108月2026 21:13:42.441] [Render thread/WARN] [net.minecraft.client.ClientRecipeBook/]: Unknown recipe category: fidworkblock:cooking/fidworkblock:dryer/somkedchickenbreast
[108月2026 21:13:42.441] [Render thread/WARN] [net.minecraft.client.ClientRecipeBook/]: Unknown recipe category: fidworkblock:cooking/fidworkblock:jar/kaoliangwine
[108月2026 21:13:42.441] [Render thread/WARN] [net.minecraft.client.ClientRecipeBook/]: Unknown recipe category: fidworkblock:cooking/fidworkblock:jar/grapewine
[108月2026 21:13:42.441] [Render thread/WARN] [net.minecraft.client.ClientRecipeBook/]: Unknown recipe category: fidworkblock:cooking/fidworkblock:mortar/modulatedwheatflour
[108月2026 21:13:42.441] [Render thread/WARN] [net.minecraft.client.ClientRecipeBook/]: Unknown recipe category: fidworkblock:cooking/fidworkblock:mortar/onionpowder_2
[108月2026 21:13:42.441] [Render thread/WARN] [net.minecraft.client.ClientRecipeBook/]: Unknown recipe category: fidworkblock:cooking/fidworkblock:dryer/meatfloss
[108月2026 21:13:42.441] [Render thread/WARN] [net.minecraft.client.ClientRecipeBook/]: Unknown recipe category: fidworkblock:cooking/fidworkblock:pot/pot_soyamilk
[108月2026 21:13:42.441] [Render thread/WARN] [net.minecraft.client.ClientRecipeBook/]: Unknown recipe category: fidworkblock:cooking/fidworkblock:mortar/landplaster
[108月2026 21:13:42.441] [Render thread/WARN] [net.minecraft.client.ClientRecipeBook/]: Unknown recipe category: fidworkblock:cooking/fidworkblock:mortar/aniseedpowder
[108月2026 21:13:42.441] [Render thread/WARN] [net.minecraft.client.ClientRecipeBook/]: Unknown recipe category: fidworkblock:cooking/fidworkblock:squeezingmachine/sweetmelonjam
[108月2026 21:13:42.441] [Render thread/WARN] [net.minecraft.client.ClientRecipeBook/]: Unknown recipe category: fidworkblock:cooking/fidworkblock:mortar/corn_0
[108月2026 21:13:42.441] [Render thread/WARN] [net.minecraft.client.ClientRecipeBook/]: Unknown recipe category: fidworkblock:cooking/fidworkblock:squeezingmachine/mulberryjam
[108月2026 21:13:42.441] [Render thread/WARN] [net.minecraft.client.ClientRecipeBook/]: Unknown recipe category: fidworkblock:cooking/fidworkblock:wok/panadapancake
[108月2026 21:13:42.441] [Render thread/WARN] [net.minecraft.client.ClientRecipeBook/]: Unknown recipe category: fidworkblock:cooking/fidworkblock:choppingboard/dicedzucchini
[108月2026 21:13:42.441] [Render thread/WARN] [net.minecraft.client.ClientRecipeBook/]: Unknown recipe category: fidworkblock:cooking/fidworkblock:choppingboard/dicedbread
[108月2026 21:13:42.441] [Render thread/WARN] [net.minecraft.client.ClientRecipeBook/]: Unknown recipe category: fidworkblock:cooking/fidworkblock:steambox/shelledboiledegg
[108月2026 21:13:42.441] [Render thread/WARN] [net.minecraft.client.ClientRecipeBook/]: Unknown recipe category: fidworkblock:cooking/fidworkblock:pot/pot_colachickenwings
[108月2026 21:13:42.453] [Render thread/INFO] [Modonomicon/]: Pre-rendering markdown ...
[108月2026 21:13:42.532] [Render thread/INFO] [Modonomicon/]: Finished pre-rendering markdown.
[108月2026 21:13:42.538] [Render thread/INFO] [mezz.jei.common.util.LoggedTimer/]: Starting JEI...
[108月2026 21:13:42.539] [Render thread/INFO] [mezz.jei.library.load.PluginCaller/]: Configuring JEI...
[108月2026 21:13:42.540] [Render thread/INFO] [mezz.jei.library.load.PluginCaller/]: Configuring JEI took 714.6 microseconds
[108月2026 21:13:42.544] [Render thread/INFO] [mezz.jei.library.load.PluginCaller/]: Registering item subtypes...
[108月2026 21:13:42.552] [Render thread/INFO] [mezz.jei.library.load.PluginCaller/]: Registering item subtypes took 7.344 milliseconds
[108月2026 21:13:42.552] [Render thread/INFO] [mezz.jei.library.load.PluginCaller/]: Registering fluid subtypes...
[108月2026 21:13:42.553] [Render thread/INFO] [mezz.jei.library.load.PluginCaller/]: Registering fluid subtypes took 1.031 milliseconds
[108月2026 21:13:42.554] [Render thread/INFO] [mezz.jei.library.load.PluginCaller/]: Registering ingredients...
[108月2026 21:13:42.585] [Render thread/INFO] [Railways/]: [Dev] Creative tab railways:main will display 89 entries
[108月2026 21:13:42.587] [Render thread/INFO] [Railways/]: [Dev] Creative tab railways:tracks will display 53 entries
[108月2026 21:13:42.588] [Render thread/INFO] [Railways/]: [Dev] Creative tab railways:palettes will display 1056 entries
[108月2026 21:13:42.595] [Render thread/WARN] [mezz.jei.library.plugins.vanilla.ingredients.ItemStackListFactory/]: Item Group has no display items and no search tab display items. Items from this group will be missing from the JEI ingredient list. 烟火凡人心：工作方块
[108月2026 21:13:42.605] [Render thread/WARN] [mezz.jei.library.plugins.vanilla.ingredients.ItemStackListFactory/]: Item Group has no display items and no search tab display items. Items from this group will be missing from the JEI ingredient list. K.KubeJS
[108月2026 21:13:42.648] [Render thread/WARN] [mezz.jei.library.plugins.vanilla.ingredients.ItemStackListFactory/]: Item Group has no display items and no search tab display items. Items from this group will be missing from the JEI ingredient list. 模组秘典
[108月2026 21:13:42.717] [Render thread/INFO] [mezz.jei.library.load.PluginCallerTimerRunnable/]: Registering ingredients: jei:minecraft took 162.7 milliseconds
[108月2026 21:13:42.717] [Render thread/INFO] [mezz.jei.library.load.PluginCaller/]: Registering ingredients took 163.3 milliseconds
[108月2026 21:13:42.717] [Render thread/INFO] [mezz.jei.library.load.PluginCaller/]: Registering extra ingredients...
[108月2026 21:13:42.721] [Render thread/INFO] [mezz.jei.library.load.PluginCaller/]: Registering extra ingredients took 3.159 milliseconds
[108月2026 21:13:42.721] [Render thread/INFO] [mezz.jei.library.load.PluginCaller/]: Registering search ingredient aliases...
[108月2026 21:13:42.722] [Render thread/INFO] [mezz.jei.library.load.PluginCaller/]: Registering search ingredient aliases took 926.6 microseconds
[108月2026 21:13:42.732] [Render thread/INFO] [mezz.jei.library.load.PluginCaller/]: Registering Mod Info...
[108月2026 21:13:42.732] [Render thread/INFO] [mezz.jei.library.load.PluginCaller/]: Registering Mod Info took 548.3 microseconds
[108月2026 21:13:42.805] [Render thread/INFO] [mezz.jei.library.load.PluginCaller/]: Registering advanced search...
[108月2026 21:13:42.805] [Render thread/INFO] [jecharacters/]: Registering JEI pinyin search storage
[108月2026 21:13:42.806] [Render thread/INFO] [mezz.jei.library.load.registration.AdvancedSearchRegistration/]: Replaced search storage factory: me.towdium.jecharacters.JechJeiPlugin$$Lambda/0x00000008049352f8@56ec797b
[108月2026 21:13:42.806] [Render thread/INFO] [mezz.jei.library.load.PluginCaller/]: Registering advanced search took 1.187 milliseconds
[108月2026 21:13:42.806] [Render thread/INFO] [mezz.jei.library.load.PluginCaller/]: Registering categories...
[108月2026 21:13:42.875] [Render thread/INFO] [mezz.jei.library.load.PluginCallerTimerRunnable/]: Registering categories: create:jei_plugin took 21.07 milliseconds
[108月2026 21:13:42.887] [Render thread/INFO] [mezz.jei.library.load.PluginCaller/]: Registering categories took 79.86 milliseconds
[108月2026 21:13:42.887] [Render thread/INFO] [mezz.jei.library.load.PluginCaller/]: Registering vanilla category extensions...
[108月2026 21:13:42.916] [Render thread/INFO] [mezz.jei.library.load.PluginCallerTimerRunnable/]: Registering vanilla category extensions: sophisticatedbackpacks:default took 26.50 milliseconds
[108月2026 21:13:42.917] [Render thread/INFO] [mezz.jei.library.load.PluginCaller/]: Registering vanilla category extensions took 30.04 milliseconds
[108月2026 21:13:42.917] [Render thread/INFO] [mezz.jei.library.load.PluginCaller/]: Registering recipe catalysts...
[108月2026 21:13:42.919] [Render thread/INFO] [mezz.jei.library.load.PluginCaller/]: Registering recipe catalysts took 2.196 milliseconds
[108月2026 21:13:42.919] [Render thread/INFO] [mezz.jei.common.util.LoggedTimer/]: Building recipe registry...
[108月2026 21:13:42.927] [Render thread/INFO] [mezz.jei.common.util.LoggedTimer/]: Building recipe registry took 6.741 milliseconds
[108月2026 21:13:42.928] [Render thread/INFO] [mezz.jei.library.load.PluginCaller/]: Registering advanced plugins...
[108月2026 21:13:42.929] [Render thread/INFO] [mezz.jei.library.load.registration.AdvancedRegistration/]: Added typed recipe manager plugin: class net.p3pp3rf1y.sophisticatedcore.compat.recipeviewers.jei.GroupedCraftingRecipeManagerPlugin
[108月2026 21:13:42.930] [Render thread/INFO] [mezz.jei.library.load.registration.AdvancedRegistration/]: Added typed recipe manager plugin: class net.p3pp3rf1y.sophisticatedcore.compat.recipeviewers.jei.CraftingDisplayCatalogRecipeManagerPlugin
[108月2026 21:13:42.931] [Render thread/INFO] [mezz.jei.library.load.registration.AdvancedRegistration/]: Added typed recipe manager plugin: class net.p3pp3rf1y.sophisticatedcore.compat.recipeviewers.jei.SmithingSpecRecipeManagerPlugin
[108月2026 21:13:42.931] [Render thread/INFO] [mezz.jei.library.load.registration.AdvancedRegistration/]: Added typed recipe manager plugin: class io.redspace.ironsspellbooks.jei.AlchemistCauldronAdvancedHandler
[108月2026 21:13:42.931] [Render thread/INFO] [mezz.jei.library.load.PluginCaller/]: Registering advanced plugins took 3.625 milliseconds
[108月2026 21:13:42.931] [Render thread/INFO] [mezz.jei.library.load.PluginCaller/]: Registering recipes...
[108月2026 21:13:43.246] [Render thread/INFO] [mezz.jei.library.load.PluginCallerTimerRunnable/]: Registering recipes: jei:minecraft took 314.0 milliseconds
[108月2026 21:13:43.349] [Render thread/INFO] [mezz.jei.library.load.PluginCallerTimerRunnable/]: Registering recipes: farmersdelight:jei_plugin took 90.91 milliseconds
[108月2026 21:13:43.387] [Render thread/INFO] [mezz.jei.library.load.PluginCallerTimerRunnable/]: Registering recipes: domum_ornamentum:domum_ornamentum took 22.53 milliseconds
[108月2026 21:13:43.521] [Render thread/INFO] [mezz.jei.library.load.PluginCallerTimerRunnable/]: Registering recipes: irons_spellbooks:jei_plugin took 133.4 milliseconds
[108月2026 21:13:43.543] [Render thread/INFO] [mezz.jei.library.load.PluginCallerTimerRunnable/]: Registering recipes: minecolonies_compatibility:plugin took 22.46 milliseconds
[108月2026 21:13:43.701] [Render thread/INFO] [mezz.jei.library.load.PluginCallerTimerRunnable/]: Registering recipes: create:jei_plugin took 147.0 milliseconds
[108月2026 21:13:43.714] [Render thread/INFO] [mezz.jei.library.load.PluginCallerTimerRunnable/]: Registering recipes: create_dragons_plus:jei_plugin took 12.84 milliseconds
[108月2026 21:13:43.722] [Render thread/INFO] [mezz.jei.library.load.PluginCaller/]: Registering recipes took 789.6 milliseconds
[108月2026 21:13:43.729] [Render thread/INFO] [mezz.jei.library.load.PluginCaller/]: Registering recipes transfer handlers...
[108月2026 21:13:43.739] [Render thread/INFO] [mezz.jei.library.load.PluginCaller/]: Registering recipes transfer handlers took 10.14 milliseconds
[108月2026 21:13:43.741] [Render thread/INFO] [mezz.jei.common.util.LoggedTimer/]: Building runtime...
[108月2026 21:13:43.741] [Render thread/INFO] [mezz.jei.library.load.PluginCaller/]: Registering gui handlers...
[108月2026 21:13:43.753] [Render thread/INFO] [mezz.jei.library.load.PluginCaller/]: Registering gui handlers took 11.75 milliseconds
[108月2026 21:13:43.756] [Render thread/INFO] [mezz.jei.library.load.PluginCaller/]: Registering Runtime...
[108月2026 21:13:43.758] [Render thread/INFO] [mezz.jei.gui.startup.JeiGuiStarter/]: Starting JEI GUI
[108月2026 21:13:43.758] [Render thread/INFO] [mezz.jei.common.util.LoggedTimer/]: Building ingredient list...
[108月2026 21:13:43.792] [Render thread/INFO] [mezz.jei.common.util.LoggedTimer/]: Building ingredient list took 33.98 milliseconds
[108月2026 21:13:43.792] [Render thread/INFO] [mezz.jei.common.util.LoggedTimer/]: Building ingredient filter...
[108月2026 21:13:44.347] [Render thread/INFO] [mezz.jei.gui.ingredients.IngredientFilter/]: Adding 8013 ingredients
[108月2026 21:13:44.353] [Render thread/INFO] [mezz.jei.gui.ingredients.IngredientFilter/]: Added 8013 ingredients
[108月2026 21:13:44.354] [Render thread/INFO] [mezz.jei.common.util.LoggedTimer/]: Building ingredient filter took 561.6 milliseconds
[108月2026 21:13:44.429] [Render thread/INFO] [mezz.jei.library.load.PluginCallerTimerRunnable/]: Registering Runtime: jei:neoforge_gui took 672.5 milliseconds
[108月2026 21:13:44.429] [Render thread/INFO] [mezz.jei.library.load.PluginCaller/]: Registering Runtime took 673.0 milliseconds
[108月2026 21:13:44.430] [Render thread/INFO] [mezz.jei.common.util.LoggedTimer/]: Building runtime took 689.1 milliseconds
[108月2026 21:13:44.430] [Render thread/INFO] [mezz.jei.library.load.PluginCaller/]: Sending Runtime...
[108月2026 21:13:44.430] [Render thread/INFO] [rbasamoyai.createbigcannons.CreateBigCannons/]: Attempting to load CBC deployer recipes
[108月2026 21:13:44.433] [Render thread/INFO] [mezz.jei.library.load.PluginCaller/]: Sending Runtime took 4.064 milliseconds
[108月2026 21:13:44.434] [Render thread/INFO] [mezz.jei.common.util.LoggedTimer/]: Starting JEI took 1.896 seconds
[108月2026 21:13:44.457] [Render thread/INFO] [Railways/]: [Dev] Creative tab railways:main will display 89 entries
[108月2026 21:13:44.458] [Render thread/INFO] [Railways/]: [Dev] Creative tab railways:tracks will display 53 entries
[108月2026 21:13:44.460] [Render thread/INFO] [Railways/]: [Dev] Creative tab railways:palettes will display 1056 entries
[108月2026 21:13:44.552] [Render thread/INFO] [xaero.hud.minimap.MinimapLogs/]: Minimap updated server level id: -1572961946 for world ResourceKey[minecraft:dimension / minecraft:overworld]
[108月2026 21:13:44.563] [Render thread/INFO] [FTB Library/]: received server config settings for config: ftbchunks-world
[108月2026 21:13:44.578] [Render thread/INFO] [FTB Chunks/]: Loading FTB Chunks client data from world 5c19a329-d930-4ede-a394-21b21a7f4464
[108月2026 21:13:44.582] [Render thread/INFO] [FTB Quests/]: Read 581 bytes, 1 objects
[108月2026 21:13:44.585] [Render thread/INFO] [com.arxyt.colonypathingedition.ColonyPathingEdition/]: [SpecialSeeds] Rebuilding mappings...
[108月2026 21:13:44.585] [Render thread/INFO] [com.arxyt.colonypathingedition.ColonyPathingEdition/]: [SpecialSeeds] No farmland mynethersdelight:resurgent_soil
[108月2026 21:13:44.585] [Render thread/INFO] [com.arxyt.colonypathingedition.ColonyPathingEdition/]: [SpecialSeeds] No farmland mynethersdelight:resurgent_soil
[108月2026 21:13:44.585] [Render thread/INFO] [com.arxyt.colonypathingedition.ColonyPathingEdition/]: [SpecialSeeds] Active special seeds: 2
[108月2026 21:13:44.592] [Render thread/INFO] [snownee.jade.Jade/]: Received config from the server: 
[108月2026 21:13:44.601] [Render thread/INFO] [de.keksuccino.fancymenu.networking.packets.handshake.ClientSideHandshakePacketLogic/]: [FANCYMENU] Connected to a server with FancyMenu installed: local:E:972d09b9
[108月2026 21:13:44.626] [Render thread/INFO] [minecolonies/]: Finished discovering Ores 75 76
[108月2026 21:13:44.626] [Render thread/INFO] [minecolonies/]: Finished discovering saplings 22
[108月2026 21:13:44.626] [Render thread/INFO] [minecolonies/]: Finished discovering plantables 19
[108月2026 21:13:44.626] [Render thread/INFO] [minecolonies/]: Finished discovering food 876 999
[108月2026 21:13:44.626] [Render thread/INFO] [minecolonies/]: Finished discovering fuel 347
[108月2026 21:13:44.626] [Render thread/INFO] [minecolonies/]: Finished discovering flowers 35
[108月2026 21:13:44.626] [Render thread/INFO] [minecolonies/]: Finished discovering items 6782
[108月2026 21:13:44.631] [Render thread/INFO] [minecolonies/]: Synchronized 46 saplings
[108月2026 21:13:44.631] [Render thread/INFO] [minecolonies/]: Synchronized 75 ore blocks with 76 smeltable ores
[108月2026 21:13:44.631] [Render thread/INFO] [minecolonies/]: Synchronized 19 plantables
[108月2026 21:13:44.631] [Render thread/INFO] [minecolonies/]: Synchronized 35 flowers
[108月2026 21:13:44.631] [Render thread/INFO] [minecolonies/]: Synchronized 999 food types with 876 edible
[108月2026 21:13:44.631] [Render thread/INFO] [minecolonies/]: Synchronized 347 fuel types
[108月2026 21:13:44.631] [Render thread/INFO] [minecolonies/]: Synchronized 140 monsters
[108月2026 21:13:44.635] [Render thread/INFO] [minecolonies/]: Loading quests from data
[108月2026 21:13:44.636] [Render thread/INFO] [minecolonies/]: Finished loading quests from data
[108月2026 21:13:45.053] [Server thread/INFO] [de.keksuccino.fancymenu.networking.packets.handshake.ServerSideHandshakePacketLogic/]: [FANCYMENU] A client with FancyMenu installed joined the server: kamishiro121
[108月2026 21:13:45.087] [Render thread/INFO] [mezz.jei.library.ingredients.IngredientManager/]: Ingredients are being removed at runtime: 27 net.minecraft.world.item.ItemStack
[108月2026 21:13:45.088] [Render thread/INFO] [mezz.jei.library.ingredients.IngredientManager/]: Ingredients are being removed at runtime: 18 net.minecraft.world.item.ItemStack
[108月2026 21:13:45.088] [Render thread/INFO] [mezz.jei.library.ingredients.IngredientManager/]: Ingredients are being added at runtime: 27 net.minecraft.world.item.ItemStack
[108月2026 21:13:45.088] [Render thread/INFO] [mezz.jei.library.ingredients.IngredientManager/]: Ingredients are being added at runtime: 18 net.minecraft.world.item.ItemStack
[108月2026 21:13:45.089] [Render thread/INFO] [mezz.jei.library.ingredients.IngredientManager/]: Ingredients are being removed at runtime: 27 net.minecraft.world.item.ItemStack
[108月2026 21:13:45.089] [Render thread/INFO] [mezz.jei.library.ingredients.IngredientManager/]: Ingredients are being removed at runtime: 18 net.minecraft.world.item.ItemStack
[108月2026 21:13:45.089] [Render thread/INFO] [mezz.jei.library.ingredients.IngredientManager/]: Ingredients are being added at runtime: 27 net.minecraft.world.item.ItemStack
[108月2026 21:13:45.089] [Render thread/INFO] [mezz.jei.library.ingredients.IngredientManager/]: Ingredients are being added at runtime: 18 net.minecraft.world.item.ItemStack
[108月2026 21:13:45.328] [Render thread/INFO] [Veil/]: Multi-Bind supported, using core
[108月2026 21:13:45.425] [Render thread/INFO] [net.minecraft.advancements.AdvancementTree/]: Loaded 54 advancements
[108月2026 21:13:45.427] [Render thread/INFO] [patchouli/]: BookContentResourceListenerLoader: Files found in 128.2 μs
[108月2026 21:13:45.431] [Render thread/INFO] [patchouli/]: BookContentResourceListenerLoader: Files found in 149.7 μs
[108月2026 21:13:45.446] [Render thread/INFO] [patchouli/]: BookContentResourceListenerLoader: Files found in 106.4 μs
[108月2026 21:13:45.478] [Render thread/INFO] [patchouli/]: BookContentResourceListenerLoader: Files found in 60.00 μs
[108月2026 21:13:45.478] [Render thread/INFO] [patchouli/]: BookContentResourceListenerLoader: Files found in 60.50 μs
[108月2026 21:13:45.480] [Render thread/INFO] [patchouli/]: BookContentResourceListenerLoader: Files found in 57.90 μs
[108月2026 21:13:45.480] [Render thread/WARN] [patchouli/]: Recipe irons_spellbooks:cryomancer_helmet (of type minecraft:crafting) not found
[108月2026 21:13:45.480] [Render thread/WARN] [patchouli/]: Recipe irons_spellbooks:pyromancer_helmet (of type minecraft:crafting) not found
[108月2026 21:13:45.483] [Render thread/INFO] [ModernFix/]: Cleared 35 unneeded book NBT tags
[108月2026 21:13:45.921] [Server thread/WARN] [C2ME HookCompatibility/]: Certain optimizations may be disabled because ChunkDataEvent.Save is used by: [@SubscribeEvent: class dev.architectury.event.forge.EventHandlerImplCommon eventChunkDataEvent(Lnet/neoforged/neoforge/event/level/ChunkDataEvent$Save;)V]
[108月2026 21:13:45.976] [Render thread/INFO] [xaero.hud.minimap.MinimapLogs/]: Reloading radar icon resources...
[108月2026 21:13:45.989] [Render thread/INFO] [xaero.hud.minimap.MinimapLogs/]: Reloaded radar icon resources!
[108月2026 21:13:45.999] [Render thread/WARN] [Sodium-VertexConsumerTracker/]: Class com.mojang.blaze3d.vertex.VertexMultiConsumer$Double does not support optimized vertex writing code paths, which may cause reduced rendering performance
[108月2026 21:13:46.431] [Render thread/WARN] [ModernFix/]: Time from main menu to in-game was 57.65447 seconds
[108月2026 21:13:46.431] [Render thread/WARN] [ModernFix/]: Total time to load game and open world was 104.56747 seconds
[108月2026 21:13:57.830] [Server thread/INFO] [net.minecraft.server.MinecraftServer/]: [kamishiro121: 已将kamishiro121传送至-178.500000, 102.500000, 418.500000]
[108月2026 21:13:57.855] [Render thread/INFO] [net.minecraft.client.gui.components.ChatComponent/]: [System] [CHAT] 已将kamishiro121传送至-178.500000, 102.500000, 418.500000
[108月2026 21:14:03.268] [Render thread/INFO] [de.keksuccino.fancymenu.customization.layer.ScreenCustomizationLayerHandler/]: [FANCYMENU] ScreenCustomizationLayer registered: pause_screen
[108月2026 21:14:03.290] [Server thread/INFO] [net.minecraft.client.server.IntegratedServer/]: Saving and pausing game...
[108月2026 21:14:03.300] [Server thread/INFO] [net.minecraft.server.MinecraftServer/]: Saving chunks for level 'ServerLevel[test]'/minecraft:overworld
[108月2026 21:14:03.300] [Server thread/INFO] [dev.ryanhcode.sable.Sable/]: Saving sub-levels for level 'ServerLevel[test]'/minecraft:overworld
[108月2026 21:14:03.320] [Server thread/INFO] [net.minecraft.server.MinecraftServer/]: Saving chunks for level 'ServerLevel[test]'/irons_spellbooks:pocket_dimension
[108月2026 21:14:03.320] [Server thread/INFO] [dev.ryanhcode.sable.Sable/]: Saving sub-levels for level 'ServerLevel[test]'/irons_spellbooks:pocket_dimension
[108月2026 21:14:03.320] [Server thread/INFO] [net.minecraft.server.MinecraftServer/]: Saving chunks for level 'ServerLevel[test]'/northstar:venus
[108月2026 21:14:03.320] [Server thread/INFO] [dev.ryanhcode.sable.Sable/]: Saving sub-levels for level 'ServerLevel[test]'/northstar:venus
[108月2026 21:14:03.321] [Server thread/INFO] [net.minecraft.server.MinecraftServer/]: Saving chunks for level 'ServerLevel[test]'/minecraft:the_end
[108月2026 21:14:03.321] [Server thread/INFO] [dev.ryanhcode.sable.Sable/]: Saving sub-levels for level 'ServerLevel[test]'/minecraft:the_end
[108月2026 21:14:03.321] [Server thread/INFO] [net.minecraft.server.MinecraftServer/]: Saving chunks for level 'ServerLevel[test]'/northstar:earth_orbit
[108月2026 21:14:03.321] [Server thread/INFO] [dev.ryanhcode.sable.Sable/]: Saving sub-levels for level 'ServerLevel[test]'/northstar:earth_orbit
[108月2026 21:14:03.321] [Server thread/INFO] [net.minecraft.server.MinecraftServer/]: Saving chunks for level 'ServerLevel[test]'/northstar:moon
[108月2026 21:14:03.321] [Server thread/INFO] [dev.ryanhcode.sable.Sable/]: Saving sub-levels for level 'ServerLevel[test]'/northstar:moon
[108月2026 21:14:03.321] [Server thread/INFO] [net.minecraft.server.MinecraftServer/]: Saving chunks for level 'ServerLevel[test]'/northstar:mercury_orbit
[108月2026 21:14:03.321] [Server thread/INFO] [dev.ryanhcode.sable.Sable/]: Saving sub-levels for level 'ServerLevel[test]'/northstar:mercury_orbit
[108月2026 21:14:03.321] [Server thread/INFO] [net.minecraft.server.MinecraftServer/]: Saving chunks for level 'ServerLevel[test]'/northstar:mars
[108月2026 21:14:03.321] [Server thread/INFO] [dev.ryanhcode.sable.Sable/]: Saving sub-levels for level 'ServerLevel[test]'/northstar:mars
[108月2026 21:14:03.321] [Server thread/INFO] [net.minecraft.server.MinecraftServer/]: Saving chunks for level 'ServerLevel[test]'/northstar:venus_orbit
[108月2026 21:14:03.321] [Server thread/INFO] [dev.ryanhcode.sable.Sable/]: Saving sub-levels for level 'ServerLevel[test]'/northstar:venus_orbit
[108月2026 21:14:03.321] [Server thread/INFO] [net.minecraft.server.MinecraftServer/]: Saving chunks for level 'ServerLevel[test]'/minecraft:the_nether
[108月2026 21:14:03.321] [Server thread/INFO] [dev.ryanhcode.sable.Sable/]: Saving sub-levels for level 'ServerLevel[test]'/minecraft:the_nether
[108月2026 21:14:03.321] [Server thread/INFO] [net.minecraft.server.MinecraftServer/]: Saving chunks for level 'ServerLevel[test]'/northstar:mars_orbit
[108月2026 21:14:03.321] [Server thread/INFO] [dev.ryanhcode.sable.Sable/]: Saving sub-levels for level 'ServerLevel[test]'/northstar:mars_orbit
[108月2026 21:14:03.321] [Server thread/INFO] [net.minecraft.server.MinecraftServer/]: Saving chunks for level 'ServerLevel[test]'/northstar:mercury
[108月2026 21:14:03.321] [Server thread/INFO] [dev.ryanhcode.sable.Sable/]: Saving sub-levels for level 'ServerLevel[test]'/northstar:mercury
[108月2026 21:14:03.852] [Netty Local Client IO #1/INFO] [dev.ryanhcode.sable.Sable/]: Client UDP channel inactive
[108月2026 21:14:03.852] [Render thread/INFO] [xaero.map.WorldMap/]: Finalizing world map session...
[108月2026 21:14:03.852] [Netty Local Client IO #1/INFO] [dev.ryanhcode.sable.Sable/]: Closed UDP channel!
[108月2026 21:14:03.893] [Thread-22/INFO] [xaero.map.WorldMap/]: World map cleaned normally!
[108月2026 21:14:03.953] [Render thread/INFO] [xaero.map.WorldMap/]: World map session finalized.
[108月2026 21:14:03.953] [Render thread/INFO] [xaero.hud.minimap.MinimapLogs/]: Xaero hud session finalized.
[108月2026 21:14:03.954] [Render thread/INFO] [mezz.jei.library.startup.JeiStarter/]: Stopping JEI
[108月2026 21:14:03.955] [Render thread/INFO] [mezz.jei.library.load.PluginCaller/]: Sending Runtime Unavailable...
[108月2026 21:14:03.955] [Render thread/INFO] [mezz.jei.neoforge.plugins.neoforge.NeoForgeGuiPlugin/]: Stopping JEI GUI
[108月2026 21:14:03.958] [Render thread/INFO] [mezz.jei.library.load.PluginCaller/]: Sending Runtime Unavailable took 2.758 milliseconds
[108月2026 21:14:03.958] [Render thread/INFO] [minecolonies/]: Removed all colony views
[108月2026 21:14:03.997] [Server thread/INFO] [net.minecraft.server.network.ServerGamePacketListenerImpl/]: kamishiro121 lost connection: 连接中断
[108月2026 21:14:03.998] [Server thread/INFO] [net.minecraft.server.MinecraftServer/]: kamishiro121退出了游戏
[108月2026 21:14:04.012] [Server thread/INFO] [net.minecraft.server.network.ServerCommonPacketListenerImpl/]: Stopping singleplayer server as player logged out
[108月2026 21:14:04.046] [Server thread/INFO] [net.minecraft.server.MinecraftServer/]: Stopping server
[108月2026 21:14:04.047] [Server thread/INFO] [net.minecraft.server.MinecraftServer/]: Saving players
[108月2026 21:14:04.047] [Server thread/INFO] [net.minecraft.server.MinecraftServer/]: Saving worlds
[108月2026 21:14:04.049] [Server thread/INFO] [net.minecraft.server.MinecraftServer/]: ServerLevel[test]/minecraft:overworld: waiting for 1911 chunks to unload
[108月2026 21:14:04.313] [Server thread/INFO] [net.minecraft.server.MinecraftServer/]: Saving chunks for level 'ServerLevel[test]'/minecraft:overworld
[108月2026 21:14:04.313] [Server thread/INFO] [dev.ryanhcode.sable.Sable/]: Saving sub-levels for level 'ServerLevel[test]'/minecraft:overworld
[108月2026 21:14:04.342] [Server thread/INFO] [net.minecraft.server.MinecraftServer/]: Saving chunks for level 'ServerLevel[test]'/irons_spellbooks:pocket_dimension
[108月2026 21:14:04.342] [Server thread/INFO] [dev.ryanhcode.sable.Sable/]: Saving sub-levels for level 'ServerLevel[test]'/irons_spellbooks:pocket_dimension
[108月2026 21:14:04.355] [Server thread/INFO] [net.minecraft.server.MinecraftServer/]: Saving chunks for level 'ServerLevel[test]'/northstar:venus
[108月2026 21:14:04.355] [Server thread/INFO] [dev.ryanhcode.sable.Sable/]: Saving sub-levels for level 'ServerLevel[test]'/northstar:venus
[108月2026 21:14:04.367] [Server thread/INFO] [net.minecraft.server.MinecraftServer/]: Saving chunks for level 'ServerLevel[test]'/minecraft:the_end
[108月2026 21:14:04.367] [Server thread/INFO] [dev.ryanhcode.sable.Sable/]: Saving sub-levels for level 'ServerLevel[test]'/minecraft:the_end
[108月2026 21:14:04.379] [Server thread/INFO] [net.minecraft.server.MinecraftServer/]: Saving chunks for level 'ServerLevel[test]'/northstar:earth_orbit
[108月2026 21:14:04.379] [Server thread/INFO] [dev.ryanhcode.sable.Sable/]: Saving sub-levels for level 'ServerLevel[test]'/northstar:earth_orbit
[108月2026 21:14:04.392] [Server thread/INFO] [net.minecraft.server.MinecraftServer/]: Saving chunks for level 'ServerLevel[test]'/northstar:moon
[108月2026 21:14:04.392] [Server thread/INFO] [dev.ryanhcode.sable.Sable/]: Saving sub-levels for level 'ServerLevel[test]'/northstar:moon
[108月2026 21:14:04.403] [Server thread/INFO] [net.minecraft.server.MinecraftServer/]: Saving chunks for level 'ServerLevel[test]'/northstar:mercury_orbit
[108月2026 21:14:04.403] [Server thread/INFO] [dev.ryanhcode.sable.Sable/]: Saving sub-levels for level 'ServerLevel[test]'/northstar:mercury_orbit
[108月2026 21:14:04.416] [Server thread/INFO] [net.minecraft.server.MinecraftServer/]: Saving chunks for level 'ServerLevel[test]'/northstar:mars
[108月2026 21:14:04.416] [Server thread/INFO] [dev.ryanhcode.sable.Sable/]: Saving sub-levels for level 'ServerLevel[test]'/northstar:mars
[108月2026 21:14:04.430] [Server thread/INFO] [net.minecraft.server.MinecraftServer/]: Saving chunks for level 'ServerLevel[test]'/northstar:venus_orbit
[108月2026 21:14:04.430] [Server thread/INFO] [dev.ryanhcode.sable.Sable/]: Saving sub-levels for level 'ServerLevel[test]'/northstar:venus_orbit
[108月2026 21:14:04.443] [Server thread/INFO] [net.minecraft.server.MinecraftServer/]: Saving chunks for level 'ServerLevel[test]'/minecraft:the_nether
[108月2026 21:14:04.443] [Server thread/INFO] [dev.ryanhcode.sable.Sable/]: Saving sub-levels for level 'ServerLevel[test]'/minecraft:the_nether
[108月2026 21:14:04.455] [Server thread/INFO] [net.minecraft.server.MinecraftServer/]: Saving chunks for level 'ServerLevel[test]'/northstar:mars_orbit
[108月2026 21:14:04.455] [Server thread/INFO] [dev.ryanhcode.sable.Sable/]: Saving sub-levels for level 'ServerLevel[test]'/northstar:mars_orbit
[108月2026 21:14:04.468] [Server thread/INFO] [net.minecraft.server.MinecraftServer/]: Saving chunks for level 'ServerLevel[test]'/northstar:mercury
[108月2026 21:14:04.468] [Server thread/INFO] [dev.ryanhcode.sable.Sable/]: Saving sub-levels for level 'ServerLevel[test]'/northstar:mercury
[108月2026 21:14:04.485] [Server thread/INFO] [net.minecraft.server.MinecraftServer/]: ThreadedAnvilChunkStorage (test): All chunks are saved
[108月2026 21:14:04.485] [Server thread/INFO] [net.minecraft.server.MinecraftServer/]: ThreadedAnvilChunkStorage (pocket_dimension): All chunks are saved
[108月2026 21:14:04.485] [Server thread/INFO] [net.minecraft.server.MinecraftServer/]: ThreadedAnvilChunkStorage (venus): All chunks are saved
[108月2026 21:14:04.485] [Server thread/INFO] [net.minecraft.server.MinecraftServer/]: ThreadedAnvilChunkStorage (DIM1): All chunks are saved
[108月2026 21:14:04.485] [Server thread/INFO] [net.minecraft.server.MinecraftServer/]: ThreadedAnvilChunkStorage (earth_orbit): All chunks are saved
[108月2026 21:14:04.485] [Server thread/INFO] [net.minecraft.server.MinecraftServer/]: ThreadedAnvilChunkStorage (moon): All chunks are saved
[108月2026 21:14:04.485] [Server thread/INFO] [net.minecraft.server.MinecraftServer/]: ThreadedAnvilChunkStorage (mercury_orbit): All chunks are saved
[108月2026 21:14:04.485] [Server thread/INFO] [net.minecraft.server.MinecraftServer/]: ThreadedAnvilChunkStorage (mars): All chunks are saved
[108月2026 21:14:04.485] [Server thread/INFO] [net.minecraft.server.MinecraftServer/]: ThreadedAnvilChunkStorage (venus_orbit): All chunks are saved
[108月2026 21:14:04.485] [Server thread/INFO] [net.minecraft.server.MinecraftServer/]: ThreadedAnvilChunkStorage (DIM-1): All chunks are saved
[108月2026 21:14:04.485] [Server thread/INFO] [net.minecraft.server.MinecraftServer/]: ThreadedAnvilChunkStorage (mars_orbit): All chunks are saved
[108月2026 21:14:04.485] [Server thread/INFO] [net.minecraft.server.MinecraftServer/]: ThreadedAnvilChunkStorage (mercury): All chunks are saved
[108月2026 21:14:04.485] [Server thread/INFO] [net.minecraft.server.MinecraftServer/]: ThreadedAnvilChunkStorage: All dimensions are saved
[108月2026 21:14:04.492] [C2ME Storage #3/INFO] [C2ME Storage/]: Storage thread Thread[#172,C2ME Storage #3,4,SERVER] stopped
[108月2026 21:14:04.504] [C2ME Storage #2/INFO] [C2ME Storage/]: Storage thread Thread[#171,C2ME Storage #2,4,SERVER] stopped
[108月2026 21:14:04.506] [C2ME Storage #1/INFO] [C2ME Storage/]: Storage thread Thread[#170,C2ME Storage #1,4,SERVER] stopped
[108月2026 21:14:04.509] [C2ME Storage #6/INFO] [C2ME Storage/]: Storage thread Thread[#178,C2ME Storage #6,4,SERVER] stopped
[108月2026 21:14:04.509] [C2ME Storage #5/INFO] [C2ME Storage/]: Storage thread Thread[#177,C2ME Storage #5,4,SERVER] stopped
[108月2026 21:14:04.509] [C2ME Storage #4/INFO] [C2ME Storage/]: Storage thread Thread[#176,C2ME Storage #4,4,SERVER] stopped
[108月2026 21:14:04.509] [C2ME Storage #9/INFO] [C2ME Storage/]: Storage thread Thread[#181,C2ME Storage #9,4,SERVER] stopped
[108月2026 21:14:04.509] [C2ME Storage #8/INFO] [C2ME Storage/]: Storage thread Thread[#180,C2ME Storage #8,4,SERVER] stopped
[108月2026 21:14:04.510] [C2ME Storage #7/INFO] [C2ME Storage/]: Storage thread Thread[#179,C2ME Storage #7,4,SERVER] stopped
[108月2026 21:14:04.510] [C2ME Storage #12/INFO] [C2ME Storage/]: Storage thread Thread[#184,C2ME Storage #12,4,SERVER] stopped
[108月2026 21:14:04.510] [C2ME Storage #11/INFO] [C2ME Storage/]: Storage thread Thread[#183,C2ME Storage #11,4,SERVER] stopped
[108月2026 21:14:04.510] [C2ME Storage #10/INFO] [C2ME Storage/]: Storage thread Thread[#182,C2ME Storage #10,4,SERVER] stopped
[108月2026 21:14:04.511] [C2ME Storage #15/INFO] [C2ME Storage/]: Storage thread Thread[#187,C2ME Storage #15,4,SERVER] stopped
[108月2026 21:14:04.511] [C2ME Storage #13/INFO] [C2ME Storage/]: Storage thread Thread[#185,C2ME Storage #13,4,SERVER] stopped
[108月2026 21:14:04.511] [C2ME Storage #14/INFO] [C2ME Storage/]: Storage thread Thread[#186,C2ME Storage #14,4,SERVER] stopped
[108月2026 21:14:04.511] [C2ME Storage #18/INFO] [C2ME Storage/]: Storage thread Thread[#190,C2ME Storage #18,4,SERVER] stopped
[108月2026 21:14:04.511] [C2ME Storage #17/INFO] [C2ME Storage/]: Storage thread Thread[#189,C2ME Storage #17,4,SERVER] stopped
[108月2026 21:14:04.511] [C2ME Storage #16/INFO] [C2ME Storage/]: Storage thread Thread[#188,C2ME Storage #16,4,SERVER] stopped
[108月2026 21:14:04.511] [C2ME Storage #21/INFO] [C2ME Storage/]: Storage thread Thread[#193,C2ME Storage #21,4,SERVER] stopped
[108月2026 21:14:04.511] [C2ME Storage #20/INFO] [C2ME Storage/]: Storage thread Thread[#192,C2ME Storage #20,4,SERVER] stopped
[108月2026 21:14:04.512] [C2ME Storage #19/INFO] [C2ME Storage/]: Storage thread Thread[#191,C2ME Storage #19,4,SERVER] stopped
[108月2026 21:14:04.512] [C2ME Storage #24/INFO] [C2ME Storage/]: Storage thread Thread[#196,C2ME Storage #24,4,SERVER] stopped
[108月2026 21:14:04.512] [C2ME Storage #23/INFO] [C2ME Storage/]: Storage thread Thread[#195,C2ME Storage #23,4,SERVER] stopped
[108月2026 21:14:04.513] [C2ME Storage #22/INFO] [C2ME Storage/]: Storage thread Thread[#194,C2ME Storage #22,4,SERVER] stopped
[108月2026 21:14:04.513] [C2ME Storage #27/INFO] [C2ME Storage/]: Storage thread Thread[#199,C2ME Storage #27,4,SERVER] stopped
[108月2026 21:14:04.513] [C2ME Storage #26/INFO] [C2ME Storage/]: Storage thread Thread[#198,C2ME Storage #26,4,SERVER] stopped
[108月2026 21:14:04.513] [C2ME Storage #25/INFO] [C2ME Storage/]: Storage thread Thread[#197,C2ME Storage #25,4,SERVER] stopped
[108月2026 21:14:04.513] [C2ME Storage #29/INFO] [C2ME Storage/]: Storage thread Thread[#201,C2ME Storage #29,4,SERVER] stopped
[108月2026 21:14:04.513] [C2ME Storage #30/INFO] [C2ME Storage/]: Storage thread Thread[#202,C2ME Storage #30,4,SERVER] stopped
[108月2026 21:14:04.513] [C2ME Storage #28/INFO] [C2ME Storage/]: Storage thread Thread[#200,C2ME Storage #28,4,SERVER] stopped
[108月2026 21:14:04.514] [C2ME Storage #32/INFO] [C2ME Storage/]: Storage thread Thread[#204,C2ME Storage #32,4,SERVER] stopped
[108月2026 21:14:04.513] [C2ME Storage #33/INFO] [C2ME Storage/]: Storage thread Thread[#205,C2ME Storage #33,4,SERVER] stopped
[108月2026 21:14:04.514] [C2ME Storage #31/INFO] [C2ME Storage/]: Storage thread Thread[#203,C2ME Storage #31,4,SERVER] stopped
[108月2026 21:14:04.514] [C2ME Storage #36/INFO] [C2ME Storage/]: Storage thread Thread[#208,C2ME Storage #36,4,SERVER] stopped
[108月2026 21:14:04.514] [C2ME Storage #35/INFO] [C2ME Storage/]: Storage thread Thread[#207,C2ME Storage #35,4,SERVER] stopped
[108月2026 21:14:04.514] [C2ME Storage #34/INFO] [C2ME Storage/]: Storage thread Thread[#206,C2ME Storage #34,4,SERVER] stopped
[108月2026 21:14:05.333] [Render thread/INFO] [ChunkBuilder/]: Stopping worker threads
[108月2026 21:14:05.389] [Render thread/WARN] [structurize/]: Client logged off. Resetting Pack Meta and Reloading State
[108月2026 21:14:05.391] [Structurize IO Worker #1/INFO] [structurize/]: Registered structure pack: Medieval Spruce
[108月2026 21:14:05.392] [Structurize IO Worker #1/INFO] [structurize/]: Registered structure pack: Warped Netherlands
[108月2026 21:14:05.392] [Structurize IO Worker #1/INFO] [structurize/]: Registered structure pack: Space Wars
[108月2026 21:14:05.392] [Structurize IO Worker #1/INFO] [structurize/]: Registered structure pack: Stalactite Caves
[108月2026 21:14:05.392] [Structurize IO Worker #1/INFO] [structurize/]: Registered structure pack: Urban Birch
[108月2026 21:14:05.392] [Structurize IO Worker #1/INFO] [structurize/]: Registered structure pack: Ancient Athens
[108月2026 21:14:05.392] [Structurize IO Worker #1/INFO] [structurize/]: Registered structure pack: Desert Oasis
[108月2026 21:14:05.392] [Structurize IO Worker #1/INFO] [structurize/]: Registered structure pack: Colonial
[108月2026 21:14:05.392] [Structurize IO Worker #1/INFO] [structurize/]: Registered structure pack: Fortress
[108月2026 21:14:05.392] [Structurize IO Worker #1/INFO] [structurize/]: Registered structure pack: Cavern
[108月2026 21:14:05.392] [Structurize IO Worker #1/INFO] [structurize/]: Registered structure pack: Dark Oak Treehouse
[108月2026 21:14:05.393] [Structurize IO Worker #1/INFO] [structurize/]: Registered structure pack: Lost Mesa City
[108月2026 21:14:05.393] [Structurize IO Worker #1/INFO] [structurize/]: Registered structure pack: Minecolonies Original
[108月2026 21:14:05.393] [Structurize IO Worker #1/INFO] [structurize/]: Registered structure pack: Urban Savanna
[108月2026 21:14:05.393] [Structurize IO Worker #1/INFO] [structurize/]: Registered structure pack: Pagoda
[108月2026 21:14:05.393] [Structurize IO Worker #1/INFO] [structurize/]: Registered structure pack: Caledonia
[108月2026 21:14:05.393] [Structurize IO Worker #1/INFO] [structurize/]: Registered structure pack: Medieval Birch
[108月2026 21:14:05.393] [Structurize IO Worker #1/INFO] [structurize/]: Registered structure pack: Jungle Treehouse
[108月2026 21:14:05.393] [Structurize IO Worker #1/INFO] [structurize/]: Registered structure pack: Incan
[108月2026 21:14:05.393] [Structurize IO Worker #1/INFO] [structurize/]: Registered structure pack: Nordic Spruce
[108月2026 21:14:05.394] [Structurize IO Worker #1/INFO] [structurize/]: Registered structure pack: Shire
[108月2026 21:14:05.394] [Structurize IO Worker #1/INFO] [structurize/]: Registered structure pack: Medieval Oak
[108月2026 21:14:05.394] [Structurize IO Worker #1/INFO] [structurize/]: Registered structure pack: Medieval Dark Oak
[108月2026 21:14:05.395] [Structurize IO Worker #1/INFO] [structurize/]: Registered structure pack: kamishiro121
[108月2026 21:14:05.395] [Structurize IO Worker #1/WARN] [structurize/]: Finished discovering Client Structure packs
[108月2026 21:14:05.956] [CullThread/INFO] [STDOUT/]: [dev.tr7zw.entityculling.CullTask:run:89]: Shutting down culling task!
[108月2026 21:14:05.958] [Render thread/INFO] [net.minecraft.client.Minecraft/]: Stopping!
[108月2026 21:14:05.960] [Render thread/INFO] [minecolonies/]: Removed all colony views
[108月2026 21:14:05.982] [Render thread/INFO] [de.keksuccino.fancymenu.util.rendering.ui.cursor.CursorHandler/]: [FANCYMENU] Releasing FancyMenu-owned GLFW cursors during client shutdown..
[108月2026 21:14:06.025] [Render thread/INFO] [FTB Chunks/]: Shutting down map thread
